<?xml version="1.0" encoding="UTF-8"?>
<scheme name="Adventurer" version="1" parent_scheme="Default">
	<option name="LINE_SPACING" value="1.0" />
	<option name="EDITOR_FONT_SIZE" value="12" />
	<option name="EDITOR_FONT_NAME" value="Menlo" />
	<colors>
		<option name="CARET_COLOR" value="a7a7a7" />
		<option name="CARET_ROW_COLOR" value="2f353a" />
		<option name="CONSOLE_BACKGROUND_KEY" value="1d1f21" />
		<option name="INDENT_GUIDE" value="3c3f41" />
		<option name="LINE_NUMBERS_COLOR" value="4b4b4b" />
		<option name="SELECTED_INDENT_GUIDE" value="1c8988" />
		<option name="SELECTION_BACKGROUND" value="334f69" />
		<option name="SELECTION_FOREGROUND" value="f8fdff" />
		<option name="TEARLINE_COLOR" value="3c3f41" />
		<option name="WHITESPACES" value="4e4e4e" />
	</colors>
	<attributes>
		<option name="BAD_CHARACTER">
			<value>
				<option name="BACKGROUND" value="6e3b3b" />
			</value>
		</option>
		<option name="BREAKPOINT_ATTRIBUTES">
			<value>
				<option name="BACKGROUND" value="360c0c" />
			</value>
		</option>
		<option name="BUILDOUT$KEY">
			<value>
				<option name="FOREGROUND" value="cda869" />
			</value>
		</option>
		<option name="BUILDOUT$KEY_VALUE_SEPARATOR">
			<value>
				<option name="FOREGROUND" value="cda869" />
			</value>
		</option>
		<option name="BUILDOUT$LINE_COMMENT">
			<value>
				<option name="FONT_TYPE" value="2" />
				<option name="FOREGROUND" value="5f5a60" />
			</value>
		</option>
		<option name="BUILDOUT$SECTION_NAME">
			<value>
				<option name="FOREGROUND" value="cf6a4c" />
			</value>
		</option>
		<option name="BUILDOUT$VALUE">
			<value>
				<option name="FOREGROUND" value="8f9d6a" />
			</value>
		</option>
		<option name="CLASS_REFERENCE">
			<value>
				<option name="FOREGROUND" value="9b703f" />
			</value>
		</option>
		<option name="COFFEESCRIPT$BAD_CHARACTER">
			<value>
				<option name="BACKGROUND" value="6e3b3b" />
			</value>
		</option>
		<option name="COFFEESCRIPT$BLOCK_COMMENT">
			<value>
				<option name="FONT_TYPE" value="2" />
				<option name="FOREGROUND" value="5f5a60" />
			</value>
		</option>
		<option name="COFFEESCRIPT$BOOLEAN">
			<value>
				<option name="FOREGROUND" value="cf6a4c" />
			</value>
		</option>
		<option name="COFFEESCRIPT$CLASS_NAME">
			<value>
				<option name="FOREGROUND" value="9b703f" />
			</value>
		</option>
		<option name="COFFEESCRIPT$COLON">
			<value>
				<option name="FOREGROUND" value="cda869" />
			</value>
		</option>
		<option name="COFFEESCRIPT$ESCAPE_SEQUENCE">
			<value>
				<option name="FOREGROUND" value="cf6a4c" />
			</value>
		</option>
		<option name="COFFEESCRIPT$EXISTENTIAL">
			<value>
				<option name="FOREGROUND" value="cda869" />
			</value>
		</option>
		<option name="COFFEESCRIPT$FUNCTION">
			<value>
				<option name="FOREGROUND" value="f9ee98" />
			</value>
		</option>
		<option name="COFFEESCRIPT$FUNCTION_BINDING">
			<value>
				<option name="FOREGROUND" value="f9ee98" />
			</value>
		</option>
		<option name="COFFEESCRIPT$FUNCTION_NAME">
			<value>
				<option name="FOREGROUND" value="9b703f" />
			</value>
		</option>
		<option name="COFFEESCRIPT$GLOBAL_VARIABLE">
			<value>
				<option name="FOREGROUND" value="7587a6" />
			</value>
		</option>
		<option name="COFFEESCRIPT$HEREDOC_CONTENT">
			<value>
				<option name="FOREGROUND" value="8f9d6a" />
			</value>
		</option>
		<option name="COFFEESCRIPT$HEREDOC_ID">
			<value>
				<option name="FOREGROUND" value="8f9d6a" />
			</value>
		</option>
		<option name="COFFEESCRIPT$HEREGEX_CONTENT">
			<value>
				<option name="FOREGROUND" value="e9c062" />
			</value>
		</option>
		<option name="COFFEESCRIPT$HEREGEX_ID">
			<value>
				<option name="FOREGROUND" value="e9c062" />
			</value>
		</option>
		<option name="COFFEESCRIPT$JAVASCRIPT_ID">
			<value>
				<option name="FOREGROUND" value="8f9d6a" />
			</value>
		</option>
		<option name="COFFEESCRIPT$KEYWORD">
			<value>
				<option name="FOREGROUND" value="cda869" />
			</value>
		</option>
		<option name="COFFEESCRIPT$LINE_COMMENT">
			<value>
				<option name="FONT_TYPE" value="2" />
				<option name="FOREGROUND" value="5f5a60" />
			</value>
		</option>
		<option name="COFFEESCRIPT$NUMBER">
			<value>
				<option name="FOREGROUND" value="cf6a4c" />
			</value>
		</option>
		<option name="COFFEESCRIPT$OBJECT_KEY">
			<value>
				<option name="FOREGROUND" value="7587a6" />
			</value>
		</option>
		<option name="COFFEESCRIPT$OPERATIONS">
			<value>
				<option name="FOREGROUND" value="cda869" />
			</value>
		</option>
		<option name="COFFEESCRIPT$PROTOTYPE">
			<value>
				<option name="FOREGROUND" value="9b703f" />
			</value>
		</option>
		<option name="COFFEESCRIPT$REGULAR_EXPRESSION_CONTENT">
			<value>
				<option name="FOREGROUND" value="e9c062" />
			</value>
		</option>
		<option name="COFFEESCRIPT$REGULAR_EXPRESSION_FLAG">
			<value>
				<option name="FOREGROUND" value="e9c062" />
			</value>
		</option>
		<option name="COFFEESCRIPT$REGULAR_EXPRESSION_ID">
			<value>
				<option name="FOREGROUND" value="e9c062" />
			</value>
		</option>
		<option name="COFFEESCRIPT$STRING">
			<value>
				<option name="FOREGROUND" value="8f9d6a" />
			</value>
		</option>
		<option name="COFFEESCRIPT$STRING_LITERAL">
			<value>
				<option name="FOREGROUND" value="8f9d6a" />
			</value>
		</option>
		<option name="COFFEESCRIPT$THIS">
			<value>
				<option name="FOREGROUND" value="7587a6" />
			</value>
		</option>
		<option name="CONDITIONALLY_NOT_COMPILED">
			<value>
				<option name="FONT_TYPE" value="2" />
				<option name="FOREGROUND" value="5f5a60" />
			</value>
		</option>
		<option name="CONSOLE_BLACK_OUTPUT">
			<value>
				<option name="FOREGROUND" value="3c3c3c" />
			</value>
		</option>
		<option name="CONSOLE_BLUE_BRIGHT_OUTPUT">
			<value>
				<option name="FOREGROUND" value="46788d" />
			</value>
		</option>
		<option name="CONSOLE_BLUE_OUTPUT">
			<value>
				<option name="FOREGROUND" value="6a9fb5" />
			</value>
		</option>
		<option name="CONSOLE_CYAN_BRIGHT_OUTPUT">
			<value>
				<option name="FOREGROUND" value="4d9085" />
			</value>
		</option>
		<option name="CONSOLE_CYAN_OUTPUT">
			<value>
				<option name="FOREGROUND" value="75b5aa" />
			</value>
		</option>
		<option name="CONSOLE_DARKGRAY_OUTPUT">
			<value>
				<option name="FOREGROUND" value="646464" />
			</value>
		</option>
		<option name="CONSOLE_ERROR_OUTPUT">
			<value>
				<option name="FOREGROUND" value="ffb3b3" />
			</value>
		</option>
		<option name="CONSOLE_GRAY_OUTPUT">
			<value>
				<option name="FOREGROUND" value="a7a7a7" />
			</value>
		</option>
		<option name="CONSOLE_GREEN_BRIGHT_OUTPUT">
			<value>
				<option name="FOREGROUND" value="66773d" />
			</value>
		</option>
		<option name="CONSOLE_GREEN_OUTPUT">
			<value>
				<option name="FOREGROUND" value="90a959" />
			</value>
		</option>
		<option name="CONSOLE_MAGENTA_BRIGHT_OUTPUT">
			<value>
				<option name="FOREGROUND" value="825078" />
			</value>
		</option>
		<option name="CONSOLE_MAGENTA_OUTPUT">
			<value>
				<option name="FOREGROUND" value="aa759f" />
			</value>
		</option>
		<option name="CONSOLE_NORMAL_OUTPUT">
			<value>
				<option name="FOREGROUND" value="c8c8c8" />
			</value>
		</option>
		<option name="CONSOLE_RED_BRIGHT_OUTPUT">
			<value>
				<option name="FOREGROUND" value="742d2d" />
			</value>
		</option>
		<option name="CONSOLE_RED_OUTPUT">
			<value>
				<option name="FOREGROUND" value="ac4141" />
			</value>
		</option>
		<option name="CONSOLE_SYSTEM_OUTPUT">
			<value>
				<option name="FOREGROUND" value="e4e4ff" />
			</value>
		</option>
		<option name="CONSOLE_USER_INPUT">
			<value>
				<option name="FONT_TYPE" value="2" />
				<option name="FOREGROUND" value="6ae96a" />
			</value>
		</option>
		<option name="CONSOLE_WHITE_OUTPUT">
			<value>
				<option name="FOREGROUND" value="ffffff" />
			</value>
		</option>
		<option name="CONSOLE_YELLOW_BRIGHT_OUTPUT">
			<value>
				<option name="FOREGROUND" value="ee9e2d" />
			</value>
		</option>
		<option name="CONSOLE_YELLOW_OUTPUT">
			<value>
				<option name="FOREGROUND" value="f4bf75" />
			</value>
		</option>
		<option name="CSS$COMMENT">
			<value>
				<option name="FONT_TYPE" value="2" />
				<option name="FOREGROUND" value="5f5a60" />
			</value>
		</option>
		<option name="CSS$FUNCTION">
			<value>
				<option name="FOREGROUND" value="dad085" />
			</value>
		</option>
		<option name="CSS$IDENT">
			<value>
				<option name="FOREGROUND" value="9b703f" />
			</value>
		</option>
		<option name="CSS$NUMBER">
			<value>
				<option name="FOREGROUND" value="cf6a4c" />
			</value>
		</option>
		<option name="CSS$PROPERTY_NAME">
			<value>
				<option name="FOREGROUND" value="9b859d" />
			</value>
		</option>
		<option name="CSS$PROPERTY_VALUE">
			<value>
				<option name="FOREGROUND" value="68e868" />
			</value>
		</option>
		<option name="CSS$TAG_NAME">
			<value>
				<option name="FOREGROUND" value="9b703f" />
			</value>
		</option>
		<option name="CSS$URL">
			<value>
				<option name="FOREGROUND" value="7587a6" />
			</value>
		</option>
		<option name="CUSTOM_KEYWORD1_ATTRIBUTES">
			<value>
				<option name="FONT_TYPE" value="1" />
				<option name="FOREGROUND" value="e3e3ff" />
			</value>
		</option>
		<option name="CUSTOM_KEYWORD2_ATTRIBUTES">
			<value>
				<option name="FONT_TYPE" value="1" />
				<option name="FOREGROUND" value="fda5ff" />
			</value>
		</option>
		<option name="CUSTOM_KEYWORD3_ATTRIBUTES">
			<value>
				<option name="FONT_TYPE" value="1" />
				<option name="FOREGROUND" value="71d7d7" />
			</value>
		</option>
		<option name="CUSTOM_KEYWORD4_ATTRIBUTES">
			<value>
				<option name="FONT_TYPE" value="1" />
				<option name="FOREGROUND" value="ffc2c2" />
			</value>
		</option>
		<option name="CUSTOM_LINE_COMMENT_ATTRIBUTES">
			<value>
				<option name="FONT_TYPE" value="2" />
				<option name="FOREGROUND" value="5f5a60" />
			</value>
		</option>
		<option name="CUSTOM_MULTI_LINE_COMMENT_ATTRIBUTES">
			<value>
				<option name="FONT_TYPE" value="2" />
				<option name="FOREGROUND" value="5f5a60" />
			</value>
		</option>
		<option name="CUSTOM_NUMBER_ATTRIBUTES">
			<value>
				<option name="FOREGROUND" value="cf6a4c" />
			</value>
		</option>
		<option name="Clojure Atom">
			<value>
				<option name="FOREGROUND" value="cda869" />
			</value>
		</option>
		<option name="Clojure Character">
			<value>
				<option name="FOREGROUND" value="8f9d6a" />
			</value>
		</option>
		<option name="Clojure Keyword">
			<value>
				<option name="FOREGROUND" value="7587a6" />
			</value>
		</option>
		<option name="Clojure Line comment">
			<value>
				<option name="FONT_TYPE" value="2" />
				<option name="FOREGROUND" value="5f5a60" />
			</value>
		</option>
		<option name="Clojure Literal">
			<value>
				<option name="FOREGROUND" value="7587a6" />
			</value>
		</option>
		<option name="Clojure Numbers">
			<value>
				<option name="FOREGROUND" value="cf6a4c" />
			</value>
		</option>
		<option name="Clojure Strings">
			<value>
				<option name="FOREGROUND" value="8f9d6a" />
			</value>
		</option>
		<option name="DEBUGGER_INLINED_VALUES">
			<value>
				<option name="FONT_TYPE" value="2" />
				<option name="FOREGROUND" value="2a7866" />
			</value>
		</option>
		<option name="DEBUGGER_INLINED_VALUES_MODIFIED">
			<value>
				<option name="FONT_TYPE" value="2" />
				<option name="FOREGROUND" value="805003" />
			</value>
		</option>
		<option name="DEFAULT_ATTRIBUTE">
			<value>
				<option name="FOREGROUND" value="ac885b" />
			</value>
		</option>
		<option name="DEFAULT_BLOCK_COMMENT">
			<value>
				<option name="FONT_TYPE" value="2" />
				<option name="FOREGROUND" value="5f5a60" />
			</value>
		</option>
		<option name="DEFAULT_CLASS_NAME">
			<value>
				<option name="FOREGROUND" value="9b703f" />
			</value>
		</option>
		<option name="DEFAULT_CONSTANT">
			<value>
				<option name="FOREGROUND" value="cf6a4c" />
			</value>
		</option>
		<option name="DEFAULT_DOC_COMMENT">
			<value>
				<option name="FONT_TYPE" value="2" />
				<option name="FOREGROUND" value="816685" />
			</value>
		</option>
		<option name="DEFAULT_DOC_COMMENT_TAG">
			<value>
				<option name="FONT_TYPE" value="3" />
				<option name="FOREGROUND" value="816685" />
			</value>
		</option>
		<option name="DEFAULT_DOC_COMMENT_TAG_VALUE">
			<value>
				<option name="FOREGROUND" value="cecece" />
			</value>
		</option>
		<option name="DEFAULT_DOC_MARKUP">
			<value>
				<option name="FONT_TYPE" value="2" />
				<option name="FOREGROUND" value="5f5a60" />
			</value>
		</option>
		<option name="DEFAULT_ENTITY">
			<value>
				<option name="FOREGROUND" value="cf6a4c" />
			</value>
		</option>
		<option name="DEFAULT_FUNCTION_CALL">
			<value>
				<option name="FOREGROUND" value="cecece" />
			</value>
		</option>
		<option name="DEFAULT_FUNCTION_DECLARATION">
			<value>
				<option name="EFFECT_TYPE" value="1" />
				<option name="EFFECT_COLOR" value="8c8c8c" />
			</value>
		</option>
		<option name="DEFAULT_GLOBAL_VARIABLE">
			<value>
				<option name="FONT_TYPE" value="1" />
				<option name="FOREGROUND" value="cda869" />
			</value>
		</option>
		<option name="DEFAULT_IDENTIFIER">
			<value>
				<option name="FOREGROUND" value="9b703f" />
			</value>
		</option>
		<option name="DEFAULT_INSTANCE_FIELD">
			<value>
				<option name="FOREGROUND" value="cda869" />
			</value>
		</option>
		<option name="DEFAULT_INSTANCE_METHOD">
			<value>
				<option name="FOREGROUND" value="cecece" />
			</value>
		</option>
		<option name="DEFAULT_INTERFACE_NAME">
			<value>
				<option name="FOREGROUND" value="9b703f" />
			</value>
		</option>
		<option name="DEFAULT_INVALID_STRING_ESCAPE">
			<value>
				<option name="FOREGROUND" value="cf6a4c" />
				<option name="BACKGROUND" value="481515" />
				<option name="EFFECT_TYPE" value="2" />
				<option name="EFFECT_COLOR" value="ff0000" />
			</value>
		</option>
		<option name="DEFAULT_KEYWORD">
			<value>
				<option name="FOREGROUND" value="7587a6" />
			</value>
		</option>
		<option name="DEFAULT_LABEL">
			<value>
				<option name="FOREGROUND" value="9b703f" />
			</value>
		</option>
		<option name="DEFAULT_LINE_COMMENT">
			<value>
				<option name="FONT_TYPE" value="2" />
				<option name="FOREGROUND" value="5f5a60" />
			</value>
		</option>
		<option name="DEFAULT_LOCAL_VARIABLE">
			<value>
				<option name="FOREGROUND" value="cecece" />
			</value>
		</option>
		<option name="DEFAULT_METADATA">
			<value>
				<option name="FOREGROUND" value="794f41" />
			</value>
		</option>
		<option name="DEFAULT_NUMBER">
			<value>
				<option name="FOREGROUND" value="cf6a4c" />
			</value>
		</option>
		<option name="DEFAULT_PARAMETER">
			<value>
				<option name="FOREGROUND" value="bad1ff" />
			</value>
		</option>
		<option name="DEFAULT_PREDEFINED_SYMBOL">
			<value>
				<option name="FOREGROUND" value="9b859d" />
			</value>
		</option>
		<option name="DEFAULT_STATIC_FIELD">
			<value>
				<option name="FONT_TYPE" value="2" />
				<option name="FOREGROUND" value="cda869" />
			</value>
		</option>
		<option name="DEFAULT_STATIC_METHOD">
			<value>
				<option name="FONT_TYPE" value="2" />
				<option name="FOREGROUND" value="cecece" />
			</value>
		</option>
		<option name="DEFAULT_STRING">
			<value>
				<option name="FOREGROUND" value="7c9d5b" />
			</value>
		</option>
		<option name="DEFAULT_VALID_STRING_ESCAPE">
			<value>
				<option name="FOREGROUND" value="68e868" />
			</value>
		</option>
		<option name="DEPRECATED_ATTRIBUTES">
			<value>
				<option name="EFFECT_TYPE" value="3" />
				<option name="EFFECT_COLOR" value="c0c0c0" />
			</value>
		</option>
		<option name="DIFF_CONFLICT">
			<value>
				<option name="BACKGROUND" value="763f34" />
				<option name="ERROR_STRIPE_COLOR" value="ff6647" />
			</value>
		</option>
		<option name="DIFF_DELETED">
			<value>
				<option name="BACKGROUND" value="5b5b5b" />
				<option name="ERROR_STRIPE_COLOR" value="747474" />
			</value>
		</option>
		<option name="DIFF_INSERTED">
			<value>
				<option name="BACKGROUND" value="2f632f" />
				<option name="ERROR_STRIPE_COLOR" value="99ff99" />
			</value>
		</option>
		<option name="DIFF_MODIFIED">
			<value>
				<option name="BACKGROUND" value="465983" />
				<option name="ERROR_STRIPE_COLOR" value="99ccff" />
			</value>
		</option>
		<option name="DJANGO_COMMENT">
			<value>
				<option name="FONT_TYPE" value="2" />
				<option name="FOREGROUND" value="5f5a60" />
			</value>
		</option>
		<option name="DJANGO_FILTER">
			<value>
				<option name="FOREGROUND" value="dad085" />
			</value>
		</option>
		<option name="DJANGO_ID">
			<value>
				<option name="FOREGROUND" value="9b703f" />
			</value>
		</option>
		<option name="DJANGO_KEYWORD">
			<value>
				<option name="FOREGROUND" value="cda869" />
			</value>
		</option>
		<option name="DJANGO_NUMBER">
			<value>
				<option name="FOREGROUND" value="cf6a4c" />
			</value>
		</option>
		<option name="DJANGO_STRING_LITERAL">
			<value>
				<option name="FOREGROUND" value="8f9d6a" />
			</value>
		</option>
		<option name="DJANGO_TAG_NAME">
			<value>
				<option name="FOREGROUND" value="ac885b" />
			</value>
		</option>
		<option name="DUPLICATE_FROM_SERVER">
			<value>
				<option name="BACKGROUND" value="30322b" />
			</value>
		</option>
		<option name="ENUM_CONST">
			<value>
				<option name="FOREGROUND" value="cf6a4c" />
			</value>
		</option>
		<option name="ERRORS_ATTRIBUTES">
			<value>
				<option name="ERROR_STRIPE_COLOR" value="cf5b56" />
				<option name="EFFECT_TYPE" value="2" />
				<option name="EFFECT_COLOR" value="ff6767" />
			</value>
		</option>
		<option name="EXECUTIONPOINT_ATTRIBUTES">
			<value>
				<option name="FOREGROUND" value="edfdff" />
				<option name="BACKGROUND" value="ab2727" />
			</value>
		</option>
		<option name="FOLDED_TEXT_ATTRIBUTES">
			<value>
				<option name="FOREGROUND" value="8c8c8c" />
				<option name="BACKGROUND" value="3a3a3a" />
				<option name="EFFECT_TYPE" value="1" />
			</value>
		</option>
		<option name="FOLLOWED_HYPERLINK_ATTRIBUTES">
			<value>
				<option name="FONT_TYPE" value="2" />
				<option name="FOREGROUND" value="c7c7ff" />
				<option name="BACKGROUND" value="161717" />
				<option name="EFFECT_TYPE" value="1" />
				<option name="EFFECT_COLOR" value="c7c7ff" />
			</value>
		</option>
		<option name="First symbol in list">
			<value>
				<option name="FONT_TYPE" value="1" />
				<option name="FOREGROUND" value="7587a6" />
			</value>
		</option>
		<option name="GENERIC_SERVER_ERROR_OR_WARNING">
			<value>
				<option name="ERROR_STRIPE_COLOR" value="f49810" />
				<option name="EFFECT_TYPE" value="2" />
				<option name="EFFECT_COLOR" value="aa4e00" />
			</value>
		</option>
		<option name="GHERKIN_COMMENT">
			<value>
				<option name="FONT_TYPE" value="2" />
				<option name="FOREGROUND" value="5f5a60" />
			</value>
		</option>
		<option name="GHERKIN_KEYWORD">
			<value>
				<option name="FOREGROUND" value="cda869" />
			</value>
		</option>
		<option name="GHERKIN_OUTLINE_PARAMETER_SUBSTITUTION">
			<value>
				<option name="FOREGROUND" value="7587a6" />
			</value>
		</option>
		<option name="GHERKIN_PYSTRING">
			<value>
				<option name="FOREGROUND" value="8f9d6a" />
			</value>
		</option>
		<option name="GHERKIN_REGEXP_PARAMETER">
			<value>
				<option name="FOREGROUND" value="8f9d6a" />
			</value>
		</option>
		<option name="GHERKIN_TABLE_HEADER_CELL">
			<value>
				<option name="FOREGROUND" value="7587a6" />
			</value>
		</option>
		<option name="GHERKIN_TABLE_PIPE">
			<value>
				<option name="FOREGROUND" value="cda869" />
			</value>
		</option>
		<option name="GHERKIN_TAG">
			<value>
				<option name="FOREGROUND" value="f9ee98" />
			</value>
		</option>
		<option name="GQL_ID">
			<value>
				<option name="FOREGROUND" value="cf6a4c" />
			</value>
		</option>
		<option name="GQL_INT_LITERAL">
			<value>
				<option name="FOREGROUND" value="cf6a4c" />
			</value>
		</option>
		<option name="GQL_KEYWORD">
			<value>
				<option name="FOREGROUND" value="cda869" />
			</value>
		</option>
		<option name="GQL_STRING_LITERAL">
			<value>
				<option name="FOREGROUND" value="8f9d6a" />
			</value>
		</option>
		<option name="HAML_CLASS">
			<value>
				<option name="FOREGROUND" value="9b703f" />
			</value>
		</option>
		<option name="HAML_COMMENT">
			<value>
				<option name="FONT_TYPE" value="2" />
				<option name="FOREGROUND" value="5f5a60" />
			</value>
		</option>
		<option name="HAML_ID">
			<value>
				<option name="FOREGROUND" value="9b703f" />
			</value>
		</option>
		<option name="HAML_STRING">
			<value>
				<option name="FOREGROUND" value="8f9d6a" />
			</value>
		</option>
		<option name="HAML_STRING_INTERPOLATED">
			<value>
				<option name="FOREGROUND" value="8f9d6a" />
			</value>
		</option>
		<option name="HAML_TAG_NAME">
			<value>
				<option name="FOREGROUND" value="ac885b" />
			</value>
		</option>
		<option name="HTML_ATTRIBUTE_NAME">
			<value>
				<option name="FOREGROUND" value="9b703f" />
			</value>
		</option>
		<option name="HTML_ATTRIBUTE_VALUE">
			<value>
				<option name="FOREGROUND" value="8f9d6a" />
			</value>
		</option>
		<option name="HTML_COMMENT">
			<value>
				<option name="FONT_TYPE" value="2" />
				<option name="FOREGROUND" value="5f5a60" />
			</value>
		</option>
		<option name="HTML_ENTITY_REFERENCE">
			<value>
				<option name="FOREGROUND" value="cf6a4c" />
			</value>
		</option>
		<option name="HYPERLINK_ATTRIBUTES">
			<value>
				<option name="FONT_TYPE" value="2" />
				<option name="FOREGROUND" value="c7c7ff" />
				<option name="EFFECT_TYPE" value="1" />
				<option name="EFFECT_COLOR" value="c7c7ff" />
			</value>
		</option>
		<option name="IDENTIFIER_UNDER_CARET_ATTRIBUTES">
			<value>
				<option name="BACKGROUND" value="3c3c57" />
				<option name="ERROR_STRIPE_COLOR" value="ccccff" />
			</value>
		</option>
		<option name="IMPLICIT_ANONYMOUS_CLASS_PARAMETER_ATTRIBUTES">
			<value>
				<option name="FOREGROUND" value="fda5ff" />
			</value>
		</option>
		<option name="INFO_ATTRIBUTES">
			<value>
				<option name="ERROR_STRIPE_COLOR" value="ffffcc" />
				<option name="EFFECT_TYPE" value="2" />
				<option name="EFFECT_COLOR" value="333434" />
			</value>
		</option>
		<option name="INJECTED_LANGUAGE_FRAGMENT">
			<value>
				<option name="BACKGROUND" value="273627" />
			</value>
		</option>
		<option name="IVAR">
			<value>
				<option name="FOREGROUND" value="7587a6" />
			</value>
		</option>
		<option name="JADE_FILE_PATH">
			<value>
				<option name="FOREGROUND" value="8f9d6a" />
			</value>
		</option>
		<option name="JADE_FILTER_NAME">
			<value>
				<option name="FOREGROUND" value="9b703f" />
			</value>
		</option>
		<option name="JADE_JS_BLOCK">
			<value>
				<option name="FOREGROUND" value="9b703f" />
			</value>
		</option>
		<option name="JADE_STATEMENTS">
			<value>
				<option name="FOREGROUND" value="cda869" />
			</value>
		</option>
		<option name="JAVA_OPERATION_SIGN">
			<value>
				<option name="FOREGROUND" value="cda869" />
			</value>
		</option>
		<option name="JS$REGEXP">
			<value>
				<option name="FOREGROUND" value="e9c062" />
			</value>
		</option>
		<option name="LABEL">
			<value>
				<option name="FOREGROUND" value="cda869" />
			</value>
		</option>
		<option name="LESS_INJECTED_CODE">
			<value>
				<option name="BACKGROUND" value="202020" />
			</value>
		</option>
		<option name="LESS_JS_CODE_DELIM">
			<value>
				<option name="BACKGROUND" value="202020" />
			</value>
		</option>
		<option name="LESS_VARIABLE">
			<value>
				<option name="FOREGROUND" value="7587a6" />
			</value>
		</option>
		<option name="LOG_WARNING_OUTPUT">
			<value>
				<option name="FOREGROUND" value="f3af89" />
			</value>
		</option>
		<option name="MACRONAME">
			<value>
				<option name="FOREGROUND" value="9b703f" />
			</value>
		</option>
		<option name="MATCHED_BRACE_ATTRIBUTES">
			<value>
				<option name="BACKGROUND" value="3a6da0" />
			</value>
		</option>
		<option name="MESSAGE_ARGUMENT">
			<value>
				<option name="FOREGROUND" value="9b703f" />
			</value>
		</option>
		<option name="NOT_TOP_FRAME_ATTRIBUTES">
			<value>
				<option name="BACKGROUND" value="804d4d" />
			</value>
		</option>
		<option name="OC$BLOCK_COMMENT">
			<value>
				<option name="FONT_TYPE" value="2" />
				<option name="FOREGROUND" value="5f5a60" />
			</value>
		</option>
		<option name="OC$CPP_KEYWORD">
			<value>
				<option name="FOREGROUND" value="cda869" />
			</value>
		</option>
		<option name="OC$DIRECTIVE">
			<value>
				<option name="FOREGROUND" value="cda869" />
			</value>
		</option>
		<option name="OC$EXTERN_VARIABLE">
			<value>
				<option name="FOREGROUND" value="7587a6" />
			</value>
		</option>
		<option name="OC$FUNCTION">
			<value>
				<option name="FOREGROUND" value="9b703f" />
			</value>
		</option>
		<option name="OC$GLOBAL_VARIABLE">
			<value>
				<option name="FOREGROUND" value="7587a6" />
			</value>
		</option>
		<option name="OC$KEYWORD">
			<value>
				<option name="FOREGROUND" value="cda869" />
			</value>
		</option>
		<option name="OC$LINE_COMMENT">
			<value>
				<option name="FONT_TYPE" value="2" />
				<option name="FOREGROUND" value="5f5a60" />
			</value>
		</option>
		<option name="OC$LOCAL_VARIABLE">
			<value>
				<option name="FOREGROUND" value="7587a6" />
			</value>
		</option>
		<option name="OC$NUMBER">
			<value>
				<option name="FOREGROUND" value="cf6a4c" />
			</value>
		</option>
		<option name="OC$PARAMETER">
			<value>
				<option name="FOREGROUND" value="7587a6" />
			</value>
		</option>
		<option name="OC$PROPERTY">
			<value>
				<option name="FOREGROUND" value="7587a6" />
			</value>
		</option>
		<option name="OC$SELFSUPERTHIS">
			<value>
				<option name="FOREGROUND" value="7587a6" />
			</value>
		</option>
		<option name="OC$STRING">
			<value>
				<option name="FOREGROUND" value="8f9d6a" />
			</value>
		</option>
		<option name="OC$STRUCT_FIELD">
			<value>
				<option name="FOREGROUND" value="cf6a4c" />
			</value>
		</option>
		<option name="OC_FORMAT_TOKEN">
			<value>
				<option name="FOREGROUND" value="8f9d6a" />
			</value>
		</option>
		<option name="PHP_PARAMETER">
			<value>
				<option name="FOREGROUND" value="7587a6" />
			</value>
		</option>
		<option name="PHP_VAR">
			<value>
				<option name="FOREGROUND" value="7587a6" />
			</value>
		</option>
		<option name="PROTOCOL_REFERENCE">
			<value>
				<option name="FOREGROUND" value="9b703f" />
			</value>
		</option>
		<option name="PUPPET_BAD_CHARACTER">
			<value>
				<option name="BACKGROUND" value="6e3b3b" />
			</value>
		</option>
		<option name="PUPPET_BLOCK_COMMENT">
			<value>
				<option name="FONT_TYPE" value="2" />
				<option name="FOREGROUND" value="5f5a60" />
			</value>
		</option>
		<option name="PUPPET_CLASS">
			<value>
				<option name="FOREGROUND" value="9b703f" />
			</value>
		</option>
		<option name="PUPPET_ESCAPE_SEQUENCE">
			<value>
				<option name="FOREGROUND" value="cf6a4c" />
			</value>
		</option>
		<option name="PUPPET_KEYWORD">
			<value>
				<option name="FOREGROUND" value="cda869" />
			</value>
		</option>
		<option name="PUPPET_NUMBER">
			<value>
				<option name="FOREGROUND" value="cf6a4c" />
			</value>
		</option>
		<option name="PUPPET_OPERATION_SIGN">
			<value>
				<option name="FOREGROUND" value="cda869" />
			</value>
		</option>
		<option name="PUPPET_REGEX">
			<value>
				<option name="FOREGROUND" value="e9c062" />
			</value>
		</option>
		<option name="PUPPET_SQ_STRING">
			<value>
				<option name="FOREGROUND" value="8f9d6a" />
			</value>
		</option>
		<option name="PUPPET_STRING">
			<value>
				<option name="FOREGROUND" value="8f9d6a" />
			</value>
		</option>
		<option name="PUPPET_VARIABLE">
			<value>
				<option name="FOREGROUND" value="7587a6" />
			</value>
		</option>
		<option name="PUPPET_VARIABLE_INTERPOLATION">
			<value>
				<option name="FOREGROUND" value="8f9d6a" />
			</value>
		</option>
		<option name="PY$BUILTIN_NAME">
			<value>
				<option name="FOREGROUND" value="dad085" />
			</value>
		</option>
		<option name="PY$CLASS_DEFINITION">
			<value>
				<option name="FOREGROUND" value="9b703f" />
			</value>
		</option>
		<option name="PY$DECORATOR">
			<value>
				<option name="FOREGROUND" value="9b703f" />
			</value>
		</option>
		<option name="PY$DOC_COMMENT">
			<value>
				<option name="FONT_TYPE" value="2" />
				<option name="FOREGROUND" value="5f5a60" />
			</value>
		</option>
		<option name="PY$FUNC_DEFINITION">
			<value>
				<option name="FOREGROUND" value="9b703f" />
			</value>
		</option>
		<option name="PY$KEYWORD">
			<value>
				<option name="FOREGROUND" value="f9ee98" />
			</value>
		</option>
		<option name="PY$LINE_COMMENT">
			<value>
				<option name="FONT_TYPE" value="2" />
				<option name="FOREGROUND" value="5f5a60" />
			</value>
		</option>
		<option name="PY$NUMBER">
			<value>
				<option name="FOREGROUND" value="cf6a4c" />
			</value>
		</option>
		<option name="PY$OPERATION_SIGN">
			<value>
				<option name="FOREGROUND" value="cda869" />
			</value>
		</option>
		<option name="PY$PREDEFINED_USAGE">
			<value>
				<option name="FOREGROUND" value="dad085" />
			</value>
		</option>
		<option name="PY$STRING">
			<value>
				<option name="FOREGROUND" value="8f9d6a" />
			</value>
		</option>
		<option name="PY$VALID_STRING_ESCAPE">
			<value>
				<option name="FOREGROUND" value="cf6a4c" />
			</value>
		</option>
		<option name="REST$BOLD">
			<value>
				<option name="FONT_TYPE" value="1" />
			</value>
		</option>
		<option name="REST$EXPLICIT">
			<value>
				<option name="FOREGROUND" value="cda869" />
			</value>
		</option>
		<option name="REST$FIELD">
			<value>
				<option name="FOREGROUND" value="cda869" />
			</value>
		</option>
		<option name="REST$FIXED">
			<value>
				<option name="BACKGROUND" value="48485f" />
			</value>
		</option>
		<option name="REST$INLINE">
			<value>
				<option name="BACKGROUND" value="273627" />
			</value>
		</option>
		<option name="REST$INTERPRETED">
			<value>
				<option name="BACKGROUND" value="4d5d3d" />
			</value>
		</option>
		<option name="REST$ITALIC">
			<value>
				<option name="FONT_TYPE" value="2" />
			</value>
		</option>
		<option name="REST$LINE_COMMENT">
			<value>
				<option name="FONT_TYPE" value="2" />
				<option name="FOREGROUND" value="5f5a60" />
			</value>
		</option>
		<option name="REST$REF$NAME">
			<value>
				<option name="FOREGROUND" value="8f9d6a" />
			</value>
		</option>
		<option name="REST$SECTION$HEADER">
			<value>
				<option name="FOREGROUND" value="cf6a4c" />
			</value>
		</option>
		<option name="RHTML_COMMENT_ID">
			<value>
				<option name="FONT_TYPE" value="2" />
				<option name="FOREGROUND" value="5f5a60" />
			</value>
		</option>
		<option name="RHTML_SCRIPTING_BACKGROUND_ID">
			<value>
				<option name="BACKGROUND" value="202020" />
			</value>
		</option>
		<option name="RUBY_COMMENT">
			<value>
				<option name="FONT_TYPE" value="2" />
				<option name="FOREGROUND" value="5f5a60" />
			</value>
		</option>
		<option name="RUBY_CONSTANT">
			<value>
				<option name="FOREGROUND" value="cf6a4c" />
			</value>
		</option>
		<option name="RUBY_CONSTANT_DECLARATION">
			<value>
				<option name="FOREGROUND" value="9b703f" />
			</value>
		</option>
		<option name="RUBY_CVAR">
			<value>
				<option name="FOREGROUND" value="7587a6" />
			</value>
		</option>
		<option name="RUBY_ESCAPE_SEQUENCE">
			<value>
				<option name="FOREGROUND" value="cf6a4c" />
			</value>
		</option>
		<option name="RUBY_EXPR_IN_STRING">
			<value>
				<option name="FOREGROUND" value="8f9d6a" />
			</value>
		</option>
		<option name="RUBY_GVAR">
			<value>
				<option name="FOREGROUND" value="7587a6" />
			</value>
		</option>
		<option name="RUBY_HASH_ASSOC">
			<value>
				<option name="FOREGROUND" value="cda869" />
			</value>
		</option>
		<option name="RUBY_HEREDOC_CONTENT">
			<value>
				<option name="FOREGROUND" value="8f9d6a" />
			</value>
		</option>
		<option name="RUBY_HEREDOC_ID">
			<value>
				<option name="FOREGROUND" value="8f9d6a" />
			</value>
		</option>
		<option name="RUBY_IDENTIFIER">
			<value>
				<option name="FOREGROUND" value="7587a6" />
			</value>
		</option>
		<option name="RUBY_INTERPOLATED_STRING">
			<value>
				<option name="FOREGROUND" value="8f9d6a" />
			</value>
		</option>
		<option name="RUBY_IVAR">
			<value>
				<option name="FOREGROUND" value="7587a6" />
			</value>
		</option>
		<option name="RUBY_KEYWORD">
			<value>
				<option name="FOREGROUND" value="cda869" />
			</value>
		</option>
		<option name="RUBY_LINE_CONTINUATION">
			<value>
				<option name="FOREGROUND" value="cda869" />
			</value>
		</option>
		<option name="RUBY_LOCAL_VAR_ID">
			<value>
				<option name="FOREGROUND" value="7587a6" />
			</value>
		</option>
		<option name="RUBY_METHOD_NAME">
			<value>
				<option name="FOREGROUND" value="9b703f" />
			</value>
		</option>
		<option name="RUBY_NUMBER">
			<value>
				<option name="FOREGROUND" value="cf6a4c" />
			</value>
		</option>
		<option name="RUBY_OPERATION_SIGN">
			<value>
				<option name="FOREGROUND" value="cda869" />
			</value>
		</option>
		<option name="RUBY_PARAMDEF_CALL">
			<value>
				<option name="FOREGROUND" value="dad085" />
			</value>
		</option>
		<option name="RUBY_PARAMETER_ID">
			<value>
				<option name="FOREGROUND" value="7587a6" />
			</value>
		</option>
		<option name="RUBY_REGEXP">
			<value>
				<option name="FOREGROUND" value="e9c062" />
			</value>
		</option>
		<option name="RUBY_SPECIFIC_CALL">
			<value>
				<option name="FOREGROUND" value="f9ee98" />
			</value>
		</option>
		<option name="RUBY_STRING">
			<value>
				<option name="FOREGROUND" value="8f9d6a" />
			</value>
		</option>
		<option name="RUBY_SYMBOL">
			<value>
				<option name="FOREGROUND" value="cf6a4c" />
			</value>
		</option>
		<option name="RUBY_WORDS">
			<value>
				<option name="FOREGROUND" value="8f9d6a" />
			</value>
		</option>
		<option name="SASS_COMMENT">
			<value>
				<option name="FONT_TYPE" value="2" />
				<option name="FOREGROUND" value="5f5a60" />
			</value>
		</option>
		<option name="SASS_DEFAULT">
			<value>
				<option name="FOREGROUND" value="cda869" />
			</value>
		</option>
		<option name="SASS_EXTEND">
			<value>
				<option name="FOREGROUND" value="cda869" />
			</value>
		</option>
		<option name="SASS_FUNCTION">
			<value>
				<option name="FOREGROUND" value="cf6a4c" />
			</value>
		</option>
		<option name="SASS_IDENTIFIER">
			<value>
				<option name="FOREGROUND" value="9b703f" />
			</value>
		</option>
		<option name="SASS_IMPORTANT">
			<value>
				<option name="FOREGROUND" value="cda869" />
			</value>
		</option>
		<option name="SASS_KEYWORD">
			<value>
				<option name="FOREGROUND" value="cda869" />
			</value>
		</option>
		<option name="SASS_MIXIN">
			<value>
				<option name="FOREGROUND" value="9b703f" />
			</value>
		</option>
		<option name="SASS_NUMBER">
			<value>
				<option name="FOREGROUND" value="cf6a4c" />
			</value>
		</option>
		<option name="SASS_PROPERTY_NAME">
			<value>
				<option name="FOREGROUND" value="c5af75" />
			</value>
		</option>
		<option name="SASS_PROPERTY_VALUE">
			<value>
				<option name="FOREGROUND" value="cf6a4c" />
			</value>
		</option>
		<option name="SASS_STRING">
			<value>
				<option name="FOREGROUND" value="8f9d6a" />
			</value>
		</option>
		<option name="SASS_TAG_NAME">
			<value>
				<option name="FOREGROUND" value="9b703f" />
			</value>
		</option>
		<option name="SASS_URL">
			<value>
				<option name="FOREGROUND" value="cf6a4c" />
			</value>
		</option>
		<option name="SASS_VARIABLE">
			<value>
				<option name="FOREGROUND" value="7587a6" />
			</value>
		</option>
		<option name="SEARCH_RESULT_ATTRIBUTES">
			<value>
				<option name="BACKGROUND" value="4f4f82" />
			</value>
		</option>
		<option name="SLIM_BAD_CHARACTER">
			<value>
				<option name="FOREGROUND" value="f8f8f8" />
				<option name="BACKGROUND" value="452645" />
			</value>
		</option>
		<option name="SLIM_CLASS">
			<value>
				<option name="FOREGROUND" value="9b703f" />
			</value>
		</option>
		<option name="SLIM_COMMENT">
			<value>
				<option name="FONT_TYPE" value="2" />
				<option name="FOREGROUND" value="5f5a60" />
			</value>
		</option>
		<option name="SLIM_DOCTYPE_KWD">
			<value>
				<option name="FOREGROUND" value="9b703f" />
			</value>
		</option>
		<option name="SLIM_FILTER">
			<value>
				<option name="FOREGROUND" value="9b703f" />
			</value>
		</option>
		<option name="SLIM_ID">
			<value>
				<option name="FOREGROUND" value="9b703f" />
			</value>
		</option>
		<option name="SLIM_INTERPOLATION">
			<value>
				<option name="FOREGROUND" value="8f9d6a" />
			</value>
		</option>
		<option name="SLIM_STRING_INTERPOLATED">
			<value>
				<option name="FOREGROUND" value="8f9d6a" />
			</value>
		</option>
		<option name="SLIM_TAG">
			<value>
				<option name="FOREGROUND" value="9b703f" />
			</value>
		</option>
		<option name="SLIM_TAG_ATTR_KEY">
			<value>
				<option name="FOREGROUND" value="9b703f" />
			</value>
		</option>
		<option name="SPY-JS$EXCEPTION">
			<value>
				<option name="BACKGROUND" value="713f3f" />
				<option name="EFFECT_TYPE" value="2" />
				<option name="EFFECT_COLOR" value="f8f8f8" />
			</value>
		</option>
		<option name="SPY-JS$FUNCTION_SCOPE">
			<value>
				<option name="BACKGROUND" value="2e2e1f" />
				<option name="EFFECT_TYPE" value="2" />
				<option name="EFFECT_COLOR" value="f8f8f8" />
			</value>
		</option>
		<option name="SPY-JS$PATH_LEVEL_ONE">
			<value>
				<option name="BACKGROUND" value="264326" />
				<option name="EFFECT_TYPE" value="2" />
				<option name="EFFECT_COLOR" value="f8f8f8" />
			</value>
		</option>
		<option name="SPY-JS$PATH_LEVEL_TWO">
			<value>
				<option name="EFFECT_TYPE" value="1" />
				<option name="EFFECT_COLOR" value="f8f8f8" />
			</value>
		</option>
		<option name="SPY-JS$PROGRAM_SCOPE">
			<value>
				<option name="BACKGROUND" value="2b2b2b" />
				<option name="EFFECT_TYPE" value="2" />
				<option name="EFFECT_COLOR" value="f8f8f8" />
			</value>
		</option>
		<option name="STATIC_FINAL_FIELD_ATTRIBUTES">
			<value>
				<option name="FOREGROUND" value="cf6a4c" />
			</value>
		</option>
		<option name="TAG_ATTR_KEY">
			<value>
				<option name="FOREGROUND" value="9b703f" />
			</value>
		</option>
		<option name="TEXT">
			<value>
				<option name="FOREGROUND" value="f8f8f8" />
				<option name="BACKGROUND" value="2b2b2b" />
			</value>
		</option>
		<option name="TEXT_SEARCH_RESULT_ATTRIBUTES">
			<value>
				<option name="BACKGROUND" value="1d6b1d" />
				<option name="ERROR_STRIPE_COLOR" value="00ff00" />
			</value>
		</option>
		<option name="TODO_DEFAULT_ATTRIBUTES">
			<value>
				<option name="FONT_TYPE" value="3" />
				<option name="FOREGROUND" value="b93438" />
				<option name="ERROR_STRIPE_COLOR" value="0000ff" />
			</value>
		</option>
		<option name="TYPEDEF">
			<value>
				<option name="FOREGROUND" value="f9ee98" />
			</value>
		</option>
		<option name="UNMATCHED_BRACE_ATTRIBUTES">
			<value>
				<option name="BACKGROUND" value="583535" />
			</value>
		</option>
		<option name="WARNING_ATTRIBUTES">
			<value>
				<option name="ERROR_STRIPE_COLOR" value="3c3f41" />
				<option name="EFFECT_TYPE" value="2" />
				<option name="EFFECT_COLOR" value="f8f8f8" />
			</value>
		</option>
		<option name="WRITE_IDENTIFIER_UNDER_CARET_ATTRIBUTES">
			<value>
				<option name="BACKGROUND" value="472c47" />
				<option name="ERROR_STRIPE_COLOR" value="ffcdff" />
			</value>
		</option>
		<option name="WRITE_SEARCH_RESULT_ATTRIBUTES">
			<value>
				<option name="BACKGROUND" value="623062" />
			</value>
		</option>
		<option name="XML_PROLOGUE">
			<value>
				<option name="FOREGROUND" value="f8f8f8" />
				<option name="BACKGROUND" value="141414" />
			</value>
		</option>
		<option name="YAML_COMMENT">
			<value>
				<option name="FONT_TYPE" value="2" />
				<option name="FOREGROUND" value="5f5a60" />
			</value>
		</option>
		<option name="YAML_SCALAR_DSTRING">
			<value>
				<option name="FOREGROUND" value="f8f8f8" />
			</value>
		</option>
		<option name="YAML_SCALAR_KEY">
			<value>
				<option name="FOREGROUND" value="23a620" />
			</value>
		</option>
		<option name="YAML_SCALAR_STRING">
			<value>
				<option name="FOREGROUND" value="f8f8f8" />
			</value>
		</option>
		<option name="YAML_SCALAR_VALUE">
			<value>
				<option name="FOREGROUND" value="8f9d6a" />
			</value>
		</option>
		<option name="YAML_SIGN">
			<value>
				<option name="FOREGROUND" value="cda869" />
			</value>
		</option>
	</attributes>
</scheme>