<?xml version="1.0" encoding="UTF-8"?>
<scheme name="AKernel" version="1" parent_scheme="Default">
	<option name="LINE_SPACING" value="1.0" />
	<option name="EDITOR_FONT_SIZE" value="12" />
	<option name="EDITOR_FONT_NAME" value="Menlo" />
	<colors>
	</colors>
	<attributes>
		<option name="ANNOTATION_ATTRIBUTE_NAME_ATTRIBUTES">
			<value>
				<option name="FOREGROUND" value="505000" />
			</value>
		</option>
		<option name="CLASS_NAME_ATTRIBUTES">
			<value>
				<option name="FOREGROUND" value="000000" />
			</value>
		</option>
		<option name="CONSTRUCTOR_DECLARATION_ATTRIBUTES">
			<value>
				<option name="FONT_TYPE" value="3" />
				<option name="FOREGROUND" value="000000" />
			</value>
		</option>
		<option name="CSS$CLASS_NAME">
			<value>
				<option name="FONT_TYPE" value="1" />
				<option name="FOREGROUND" value="ff8000" />
			</value>
		</option>
		<option name="CSS$HASH">
			<value>
				<option name="FONT_TYPE" value="1" />
				<option name="FOREGROUND" value="660e7a" />
			</value>
		</option>
		<option name="CSS$PSEUDO">
			<value>
				<option name="FONT_TYPE" value="1" />
				<option name="FOREGROUND" value="ff0000" />
			</value>
		</option>
		<option name="DEFAULT_CONSTANT">
			<value>
				<option name="FONT_TYPE" value="3" />
				<option name="FOREGROUND" value="ff8000" />
			</value>
		</option>
		<option name="DEFAULT_FUNCTION_CALL">
			<value>
				<option name="FOREGROUND" value="660000" />
			</value>
		</option>
		<option name="DEFAULT_FUNCTION_DECLARATION">
			<value>
				<option name="FOREGROUND" value="660000" />
			</value>
		</option>
		<option name="DEFAULT_IDENTIFIER">
			<value>
				<option name="FOREGROUND" value="0000b0" />
			</value>
		</option>
		<option name="DEFAULT_INSTANCE_FIELD">
			<value>
				<option name="FONT_TYPE" value="1" />
				<option name="FOREGROUND" value="660e7a" />
			</value>
		</option>
		<option name="DEFAULT_KEYWORD">
			<value>
				<option name="FONT_TYPE" value="1" />
				<option name="FOREGROUND" value="006666" />
			</value>
		</option>
		<option name="DEFAULT_NUMBER">
			<value>
				<option name="FOREGROUND" value="0000ff" />
			</value>
		</option>
		<option name="DEFAULT_OPERATION_SIGN">
			<value>
				<option name="FOREGROUND" value="a00000" />
			</value>
		</option>
		<option name="DEFAULT_REASSIGNED_LOCAL_VARIABLE">
			<value>
				<option name="FOREGROUND" value="4b2525" />
				<option name="EFFECT_TYPE" value="1" />
				<option name="EFFECT_COLOR" value="c09090" />
			</value>
		</option>
		<option name="DEFAULT_REASSIGNED_PARAMETER">
			<value>
				<option name="FOREGROUND" value="4b2525" />
				<option name="EFFECT_TYPE" value="1" />
				<option name="EFFECT_COLOR" value="909090" />
			</value>
		</option>
		<option name="DEFAULT_SEMICOLON">
			<value>
				<option name="FOREGROUND" value="008080" />
				<option name="BACKGROUND" value="ffffff" />
			</value>
		</option>
		<option name="DEFAULT_STRING">
			<value>
				<option name="FONT_TYPE" value="1" />
				<option name="FOREGROUND" value="008000" />
			</value>
		</option>
		<option name="ENUM_NAME_ATTRIBUTES">
			<value>
				<option name="FONT_TYPE" value="1" />
				<option name="FOREGROUND" value="111111" />
			</value>
		</option>
		<option name="ERRORS_ATTRIBUTES">
			<value>
				<option name="BACKGROUND" value="ffdddd" />
				<option name="ERROR_STRIPE_COLOR" value="cf5b56" />
				<option name="EFFECT_TYPE" value="2" />
				<option name="EFFECT_COLOR" value="ff0000" />
			</value>
		</option>
		<option name="HTML_TAG_NAME">
			<value>
				<option name="FONT_TYPE" value="1" />
				<option name="FOREGROUND" value="000080" />
			</value>
		</option>
		<option name="INFO_ATTRIBUTES">
			<value>
				<option name="EFFECT_TYPE" value="2" />
				<option name="EFFECT_COLOR" value="cccccc" />
			</value>
		</option>
		<option name="INTERFACE_NAME_ATTRIBUTES">
			<value>
				<option name="FONT_TYPE" value="2" />
				<option name="FOREGROUND" value="220000" />
			</value>
		</option>
		<option name="JS$FUNCTION_ARROW">
			<value>
				<option name="FONT_TYPE" value="1" />
			</value>
		</option>
		<option name="MATCHED_BRACE_ATTRIBUTES">
			<value>
				<option name="FONT_TYPE" value="1" />
				<option name="BACKGROUND" value="99ccbb" />
			</value>
		</option>
		<option name="PARAMETER_ATTRIBUTES">
			<value>
				<option name="FOREGROUND" value="0000b0" />
			</value>
		</option>
		<option name="PROPERTIES$KEY_VALUE_SEPARATOR">
			<value>
				<option name="FONT_TYPE" value="1" />
				<option name="FOREGROUND" value="ff0000" />
			</value>
		</option>
		<option name="REASSIGNED_PARAMETER_ATTRIBUTES">
			<value>
				<option name="FOREGROUND" value="4b2525" />
				<option name="EFFECT_TYPE" value="1" />
				<option name="EFFECT_COLOR" value="909090" />
			</value>
		</option>
		<option name="SONARLINT_BLOCKER">
			<value>
				<option name="BACKGROUND" value="ffdddd" />
				<option name="ERROR_STRIPE_COLOR" value="ebc700" />
				<option name="EFFECT_TYPE" value="1" />
			</value>
		</option>
		<option name="SONARLINT_INFO">
			<value>
				<option name="BACKGROUND" value="f6ebbc" />
				<option name="EFFECT_TYPE" value="1" />
			</value>
		</option>
		<option name="SONARLINT_MINOR">
			<value>
				<option name="EFFECT_TYPE" value="4" />
				<option name="EFFECT_COLOR" value="cccccc" />
			</value>
		</option>
		<option name="STATIC_FINAL_FIELD_ATTRIBUTES">
			<value>
				<option name="FONT_TYPE" value="1" />
				<option name="FOREGROUND" value="ff8000" />
			</value>
		</option>
		<option name="XML_TAG_NAME">
			<value>
				<option name="FONT_TYPE" value="1" />
				<option name="FOREGROUND" value="000080" />
			</value>
		</option>
	</attributes>
</scheme>