<?xml version="1.0" encoding="UTF-8"?>
<scheme name="Augmented Reaction" version="1" parent_scheme="Default">
	<option name="LINE_SPACING" value="1.0" />
	<option name="EDITOR_FONT_SIZE" value="12" />
	<option name="EDITOR_FONT_NAME" value="Menlo" />
	<colors>
		<option name="ADDED_LINES_COLOR" value="3813" />
		<option name="ANNOTATIONS_COLOR" value="8b999f" />
		<option name="CARET_COLOR" value="fe5051" />
		<option name="CARET_ROW_COLOR" value="3a3a3a" />
		<option name="CONSOLE_BACKGROUND_KEY" value="2d2d2d" />
		<option name="FILESTATUS_ADDED" value="629755" />
		<option name="FILESTATUS_DELETED" value="6c6c6c" />
		<option name="FILESTATUS_IDEA_FILESTATUS_DELETED_FROM_FILE_SYSTEM" value="6c6c6c" />
		<option name="FILESTATUS_IDEA_FILESTATUS_IGNORED" value="848504" />
		<option name="FILESTATUS_IDEA_FILESTATUS_MERGED_WITH_BOTH_CONFLICTS" value="d5756c" />
		<option name="FILESTATUS_IDEA_FILESTATUS_MERGED_WITH_CONFLICTS" value="d5756c" />
		<option name="FILESTATUS_IDEA_FILESTATUS_MERGED_WITH_PROPERTY_CONFLICTS" value="d5756c" />
		<option name="FILESTATUS_MERGED" value="fa6900" />
		<option name="FILESTATUS_MODIFIED" value="f36e3a" />
		<option name="FILESTATUS_NOT_CHANGED" value="" />
		<option name="FILESTATUS_NOT_CHANGED_IMMEDIATE" value="f36e3a" />
		<option name="FILESTATUS_NOT_CHANGED_RECURSIVE" value="f36e3a" />
		<option name="FILESTATUS_UNKNOWN" value="d1675a" />
		<option name="FILESTATUS_addedOutside" value="629755" />
		<option name="FILESTATUS_changelistConflict" value="d5756c" />
		<option name="FILESTATUS_modifiedOutside" value="f36e3a" />
		<option name="GUTTER_BACKGROUND" value="2d2d2d" />
		<option name="INDENT_GUIDE" value="2d2d2d" />
		<option name="LINE_NUMBERS_COLOR" value="777777" />
		<option name="METHOD_SEPARATORS_COLOR" value="4d4d4d" />
		<option name="MODIFIED_LINES_COLOR" value="413a00" />
		<option name="NOTIFICATION_BACKGROUND" value="3d1a11" />
		<option name="READONLY_FRAGMENT_BACKGROUND" value="" />
		<option name="RECURSIVE_CALL_ATTRIBUTES" value="574300" />
		<option name="RIGHT_MARGIN_COLOR" value="323232" />
		<option name="SELECTED_INDENT_GUIDE" value="fe5051" />
		<option name="SELECTED_TEARLINE_COLOR" value="787878" />
		<option name="SELECTION_BACKGROUND" value="686061" />
		<option name="SELECTION_FOREGROUND" value="" />
		<option name="TEARLINE_COLOR" value="303134" />
		<option name="WHITESPACES" value="3d3d3d" />
	</colors>
	<attributes>
		<option name="ABSTRACT_CLASS_NAME_ATTRIBUTES">
			<value>
				<option name="FONT_TYPE" value="1" />
				<option name="FOREGROUND" value="7cffd1" />
			</value>
		</option>
		<option name="ANNOTATION_ATTRIBUTE_NAME_ATTRIBUTES">
			<value>
				<option name="FOREGROUND" value="ffffff" />
			</value>
		</option>
		<option name="ANNOTATION_NAME_ATTRIBUTES">
			<value>
				<option name="FOREGROUND" value="c5ffe3" />
				<option name="EFFECT_TYPE" value="1" />
			</value>
		</option>
		<option name="ANONYMOUS_CLASS_NAME_ATTRIBUTES">
			<value>
				<option name="FONT_TYPE" value="1" />
				<option name="FOREGROUND" value="7cffd1" />
			</value>
		</option>
		<option name="BAD_CHARACTER">
			<value>
				<option name="EFFECT_TYPE" value="2" />
			</value>
		</option>
		<option name="BASH$EXTERNAL_COMMAND">
			<value>
				<option name="FONT_TYPE" value="2" />
				<option name="FOREGROUND" value="c57633" />
			</value>
		</option>
		<option name="BASH$INTERNAL_COMMAND">
			<value>
				<option name="FOREGROUND" value="b0c95" />
			</value>
		</option>
		<option name="BNF_EXTERNAL">
			<value>
				<option name="FONT_TYPE" value="2" />
			</value>
		</option>
		<option name="BNF_ILLEGAL">
			<value>
				<option name="FOREGROUND" value="ff0000" />
			</value>
		</option>
		<option name="BNF_KEYWORD">
			<value>
				<option name="FOREGROUND" value="fa6900" />
			</value>
		</option>
		<option name="BNF_NUMBER">
			<value>
				<option name="FOREGROUND" value="f36e3a" />
			</value>
		</option>
		<option name="BNF_RULE">
			<value>
				<option name="FOREGROUND" value="da4939" />
			</value>
		</option>
		<option name="BNF_STRING">
			<value>
				<option name="FOREGROUND" value="629755" />
			</value>
		</option>
		<option name="BREAKPOINT_ATTRIBUTES">
			<value>
				<option name="BACKGROUND" value="2e3336" />
			</value>
		</option>
		<option name="BROWSEWORDATCARET">
			<value>
				<option name="ERROR_STRIPE_COLOR" value="273955" />
				<option name="EFFECT_COLOR" value="526da5" />
			</value>
		</option>
		<option name="Bad character">
			<value>
				<option name="FOREGROUND" value="ff0000" />
				<option name="ERROR_STRIPE_COLOR" value="ff0000" />
				<option name="EFFECT_TYPE" value="2" />
			</value>
		</option>
		<option name="CLASS_NAME_ATTRIBUTES">
			<value>
				<option name="FONT_TYPE" value="1" />
				<option name="FOREGROUND" value="7cffd1" />
			</value>
		</option>
		<option name="CLASS_REFERENCE">
			<value>
				<option name="FOREGROUND" value="fa6900" />
			</value>
		</option>
		<option name="COFFEESCRIPT$EXPRESSIONS_SUBSTITUTION_MARK">
			<value>
				<option name="FOREGROUND" value="dee3ec" />
				<option name="EFFECT_TYPE" value="5" />
			</value>
		</option>
		<option name="COFFEESCRIPT$GLOBAL_VARIABLE">
			<value>
				<option name="FONT_TYPE" value="2" />
				<option name="EFFECT_TYPE" value="1" />
			</value>
		</option>
		<option name="COFFEESCRIPT$JAVASCRIPT_CONTENT">
			<value>
				<option name="FOREGROUND" value="dee3ec" />
				<option name="EFFECT_TYPE" value="5" />
			</value>
		</option>
		<option name="COFFEESCRIPT$PARAMETER">
			<value>
				<option name="EFFECT_TYPE" value="1" />
				<option name="EFFECT_COLOR" value="dee3ec" />
			</value>
		</option>
		<option name="CONDITIONALLY_NOT_COMPILED">
			<value>
				<option name="FOREGROUND" value="536c46" />
			</value>
		</option>
		<option name="CONSOLE_BLUE_BRIGHT_OUTPUT">
			<value>
				<option name="FOREGROUND" value="7eaef1" />
			</value>
		</option>
		<option name="CONSOLE_BLUE_OUTPUT">
			<value>
				<option name="FOREGROUND" value="5394ec" />
			</value>
		</option>
		<option name="CONSOLE_CYAN_BRIGHT_OUTPUT">
			<value>
				<option name="FOREGROUND" value="6cdada" />
			</value>
		</option>
		<option name="CONSOLE_CYAN_OUTPUT">
			<value>
				<option name="FOREGROUND" value="33cccc" />
			</value>
		</option>
		<option name="CONSOLE_ERROR_OUTPUT">
			<value>
				<option name="FOREGROUND" value="ff6b68" />
			</value>
		</option>
		<option name="CONSOLE_GRAY_OUTPUT">
			<value>
				<option name="FOREGROUND" value="999999" />
			</value>
		</option>
		<option name="CONSOLE_GREEN_BRIGHT_OUTPUT">
			<value>
				<option name="FOREGROUND" value="70ff70" />
			</value>
		</option>
		<option name="CONSOLE_GREEN_OUTPUT">
			<value>
				<option name="FOREGROUND" value="7f00" />
			</value>
		</option>
		<option name="CONSOLE_MAGENTA_BRIGHT_OUTPUT">
			<value>
				<option name="FOREGROUND" value="ff99ff" />
			</value>
		</option>
		<option name="CONSOLE_MAGENTA_OUTPUT">
			<value>
				<option name="FOREGROUND" value="ff70ff" />
			</value>
		</option>
		<option name="CONSOLE_NORMAL_OUTPUT">
			<value>
				<option name="FOREGROUND" value="7cffd1" />
			</value>
		</option>
		<option name="CONSOLE_OUTPUT">
			<value>
				<option name="BACKGROUND" value="2e3336" />
			</value>
		</option>
		<option name="CONSOLE_RANGE_TO_EXECUTE">
			<value>
				<option name="BACKGROUND" value="2e3336" />
			</value>
		</option>
		<option name="CONSOLE_RED_BRIGHT_OUTPUT">
			<value>
				<option name="FOREGROUND" value="ff8785" />
			</value>
		</option>
		<option name="CONSOLE_RED_OUTPUT">
			<value>
				<option name="FOREGROUND" value="ff6b68" />
			</value>
		</option>
		<option name="CONSOLE_SYSTEM_OUTPUT">
			<value>
				<option name="FONT_TYPE" value="1" />
				<option name="FOREGROUND" value="ffffff" />
				<option name="EFFECT_TYPE" value="1" />
			</value>
		</option>
		<option name="CONSOLE_USER_INPUT">
			<value>
				<option name="FOREGROUND" value="ffffff" />
			</value>
		</option>
		<option name="CONSOLE_WHITE_OUTPUT">
			<value>
				<option name="FOREGROUND" value="f8f8f0" />
			</value>
		</option>
		<option name="CONSOLE_YELLOW_BRIGHT_OUTPUT">
			<value>
				<option name="FOREGROUND" value="ffff00" />
			</value>
		</option>
		<option name="CONSOLE_YELLOW_OUTPUT">
			<value>
				<option name="FOREGROUND" value="cdcd00" />
			</value>
		</option>
		<option name="CONSTRUCTOR_DECLARATION_ATTRIBUTES">
			<value>
				<option name="FONT_TYPE" value="1" />
				<option name="FOREGROUND" value="7cffd1" />
			</value>
		</option>
		<option name="CSS$COLOR">
			<value>
				<option name="FOREGROUND" value="f6624a" />
			</value>
		</option>
		<option name="CSS$COMMENT">
			<value>
				<option name="FOREGROUND" value="808080" />
			</value>
		</option>
		<option name="CSS$FUNCTION">
			<value>
				<option name="FOREGROUND" value="f6624a" />
			</value>
		</option>
		<option name="CSS$HASH">
			<value>
				<option name="FOREGROUND" value="f5896f" />
			</value>
		</option>
		<option name="CSS$IDENT">
			<value>
				<option name="FOREGROUND" value="f6624a" />
			</value>
		</option>
		<option name="CSS$IMPORTANT">
			<value>
				<option name="FOREGROUND" value="f6624a" />
			</value>
		</option>
		<option name="CSS$KEYWORD">
			<value>
				<option name="FOREGROUND" value="f6624a" />
			</value>
		</option>
		<option name="CSS$NUMBER">
			<value>
				<option name="FOREGROUND" value="bdc3c7" />
			</value>
		</option>
		<option name="CSS$PROPERTY_NAME">
			<value>
				<option name="FOREGROUND" value="a7b3c2" />
			</value>
		</option>
		<option name="CSS$PROPERTY_VALUE">
			<value>
				<option name="FOREGROUND" value="faa193" />
			</value>
		</option>
		<option name="CSS$PSEUDO">
			<value>
				<option name="FOREGROUND" value="a7dbd8" />
			</value>
		</option>
		<option name="CSS$STRING">
			<value>
				<option name="FOREGROUND" value="faa193" />
			</value>
		</option>
		<option name="CSS$TAG_NAME">
			<value>
				<option name="FOREGROUND" value="f8f8f2" />
			</value>
		</option>
		<option name="CSS$UNICODE$RANGE">
			<value>
				<option name="FOREGROUND" value="f6624a" />
			</value>
		</option>
		<option name="CSS$URL">
			<value>
				<option name="FOREGROUND" value="faa193" />
			</value>
		</option>
		<option name="CTRL_CLICKABLE">
			<value>
				<option name="FOREGROUND" value="589df6" />
				<option name="EFFECT_TYPE" value="1" />
				<option name="EFFECT_COLOR" value="589df6" />
			</value>
		</option>
		<option name="CUSTOM_INVALID_STRING_ESCAPE_ATTRIBUTES">
			<value>
				<option name="FOREGROUND" value="8000" />
				<option name="BACKGROUND" value="2e3336" />
			</value>
		</option>
		<option name="CUSTOM_KEYWORD1_ATTRIBUTES">
			<value>
				<option name="FOREGROUND" value="fa6900" />
			</value>
		</option>
		<option name="CUSTOM_KEYWORD2_ATTRIBUTES">
			<value>
				<option name="FOREGROUND" value="ab51ba" />
			</value>
		</option>
		<option name="CUSTOM_KEYWORD3_ATTRIBUTES">
			<value>
				<option name="FOREGROUND" value="f9795" />
			</value>
		</option>
		<option name="CUSTOM_KEYWORD4_ATTRIBUTES">
			<value>
				<option name="FOREGROUND" value="c93b48" />
				<option name="EFFECT_TYPE" value="1" />
			</value>
		</option>
		<option name="CUSTOM_NUMBER_ATTRIBUTES">
			<value>
				<option name="FOREGROUND" value="f36e3a" />
			</value>
		</option>
		<option name="CUSTOM_STRING_ATTRIBUTES">
			<value>
				<option name="FOREGROUND" value="6a8759" />
			</value>
		</option>
		<option name="CUSTOM_VALID_STRING_ESCAPE_ATTRIBUTES">
			<value>
				<option name="FOREGROUND" value="4646f1" />
			</value>
		</option>
		<option name="DEFAULT_BLOCK_COMMENT">
			<value>
				<option name="FONT_TYPE" value="2" />
				<option name="FOREGROUND" value="73797b" />
			</value>
		</option>
		<option name="DEFAULT_BRACES">
			<value>
				<option name="FOREGROUND" value="7cffd1" />
			</value>
		</option>
		<option name="DEFAULT_BRACKETS">
			<value>
				<option name="FOREGROUND" value="7cffd1" />
			</value>
		</option>
		<option name="DEFAULT_CLASS_NAME">
			<value>
				<option name="FONT_TYPE" value="1" />
				<option name="FOREGROUND" value="7cffd1" />
			</value>
		</option>
		<option name="DEFAULT_CLASS_REFERENCE">
			<value>
				<option name="FONT_TYPE" value="2" />
				<option name="FOREGROUND" value="fe5051" />
			</value>
		</option>
		<option name="DEFAULT_CONSTANT">
			<value>
				<option name="FOREGROUND" value="fe5051" />
			</value>
		</option>
		<option name="DEFAULT_DOC_COMMENT">
			<value>
				<option name="FOREGROUND" value="73797b" />
			</value>
		</option>
		<option name="DEFAULT_DOC_COMMENT_TAG">
			<value>
				<option name="FOREGROUND" value="8a8585" />
				<option name="EFFECT_TYPE" value="1" />
			</value>
		</option>
		<option name="DEFAULT_DOC_COMMENT_TAG_VALUE">
			<value>
				<option name="FONT_TYPE" value="3" />
			</value>
		</option>
		<option name="DEFAULT_DOT">
			<value>
				<option name="FOREGROUND" value="fe5051" />
			</value>
		</option>
		<option name="DEFAULT_ENTITY">
			<value>
				<option name="FOREGROUND" value="73797b" />
			</value>
		</option>
		<option name="DEFAULT_FUNCTION_CALL">
			<value>
				<option name="FOREGROUND" value="a7dbd8" />
			</value>
		</option>
		<option name="DEFAULT_FUNCTION_DECLARATION">
			<value>
				<option name="FONT_TYPE" value="1" />
				<option name="FOREGROUND" value="7cffd1" />
			</value>
		</option>
		<option name="DEFAULT_IDENTIFIER">
			<value>
				<option name="FOREGROUND" value="fffff9" />
			</value>
		</option>
		<option name="DEFAULT_INSTANCE_FIELD">
			<value>
				<option name="FOREGROUND" value="4ea683" />
			</value>
		</option>
		<option name="DEFAULT_INSTANCE_METHOD">
			<value>
				<option name="FOREGROUND" value="fe5051" />
			</value>
		</option>
		<option name="DEFAULT_INTERFACE_NAME">
			<value>
				<option name="FONT_TYPE" value="1" />
				<option name="FOREGROUND" value="7cffd1" />
			</value>
		</option>
		<option name="DEFAULT_INVALID_STRING_ESCAPE">
			<value>
				<option name="EFFECT_TYPE" value="1" />
				<option name="EFFECT_COLOR" value="fe5051" />
			</value>
		</option>
		<option name="DEFAULT_KEYWORD">
			<value>
				<option name="FOREGROUND" value="da2000" />
				<option name="BACKGROUND" value="2d2d2d" />
			</value>
		</option>
		<option name="DEFAULT_LINE_COMMENT">
			<value>
				<option name="FOREGROUND" value="73797b" />
			</value>
		</option>
		<option name="DEFAULT_METADATA">
			<value>
				<option name="FOREGROUND" value="c5ffe3" />
			</value>
		</option>
		<option name="DEFAULT_NUMBER">
			<value>
				<option name="FOREGROUND" value="fe5051" />
			</value>
		</option>
		<option name="DEFAULT_OPERATION_SIGN">
			<value>
				<option name="FOREGROUND" value="fe5051" />
			</value>
		</option>
		<option name="DEFAULT_PARAMETER">
			<value>
				<option name="FOREGROUND" value="8a8585" />
			</value>
		</option>
		<option name="DEFAULT_PARENTHS">
			<value>
				<option name="FOREGROUND" value="7cffd1" />
			</value>
		</option>
		<option name="DEFAULT_SEMICOLON">
			<value>
				<option name="FOREGROUND" value="7cffd1" />
			</value>
		</option>
		<option name="DEFAULT_STATIC_FIELD">
			<value>
				<option name="FOREGROUND" value="4ea683" />
			</value>
		</option>
		<option name="DEFAULT_STATIC_METHOD">
			<value>
				<option name="FOREGROUND" value="fe5051" />
			</value>
		</option>
		<option name="DEFAULT_STRING">
			<value>
				<option name="FOREGROUND" value="4ea683" />
			</value>
		</option>
		<option name="DEFAULT_TEMPLATE_LANGUAGE_COLOR">
			<value>
				<option name="FOREGROUND" value="c5ffe3" />
				<option name="BACKGROUND" value="2e3336" />
				<option name="EFFECT_TYPE" value="5" />
			</value>
		</option>
		<option name="DEFAULT_VALID_STRING_ESCAPE">
			<value>
				<option name="FOREGROUND" value="73797b" />
			</value>
		</option>
		<option name="DELETED_TEXT_ATTRIBUTES">
			<value>
				<option name="FOREGROUND" value="f8f8f0" />
				<option name="BACKGROUND" value="2e3336" />
				<option name="EFFECT_TYPE" value="3" />
				<option name="EFFECT_COLOR" value="c3c3c3" />
			</value>
		</option>
		<option name="DEPRECATED_ATTRIBUTES">
			<value>
				<option name="EFFECT_TYPE" value="3" />
				<option name="EFFECT_COLOR" value="da2000" />
			</value>
		</option>
		<option name="DIFF_CONFLICT">
			<value>
				<option name="BACKGROUND" value="2e3336" />
				<option name="ERROR_STRIPE_COLOR" value="8f5247" />
			</value>
		</option>
		<option name="DIFF_DELETED">
			<value>
				<option name="BACKGROUND" value="2e3336" />
				<option name="ERROR_STRIPE_COLOR" value="656e76" />
			</value>
		</option>
		<option name="DIFF_INSERTED">
			<value>
				<option name="BACKGROUND" value="2e3336" />
				<option name="ERROR_STRIPE_COLOR" value="447152" />
			</value>
		</option>
		<option name="DIFF_MODIFIED">
			<value>
				<option name="BACKGROUND" value="2e3336" />
				<option name="ERROR_STRIPE_COLOR" value="43698d" />
			</value>
		</option>
		<option name="EL$KEYWORD">
			<value>
				<option name="FOREGROUND" value="a7b3c2" />
			</value>
		</option>
		<option name="EL$NUMBER">
			<value>
				<option name="FOREGROUND" value="bdc3c7" />
			</value>
		</option>
		<option name="ENUM_CONST">
			<value>
				<option name="FOREGROUND" value="9373a5" />
			</value>
		</option>
		<option name="ERRORS_ATTRIBUTES">
			<value>
				<option name="FOREGROUND" value="ffffff" />
				<option name="BACKGROUND" value="550a0c" />
				<option name="ERROR_STRIPE_COLOR" value="da2000" />
				<option name="EFFECT_TYPE" value="2" />
				<option name="EFFECT_COLOR" value="da2000" />
			</value>
		</option>
		<option name="EXECUTIONPOINT_ATTRIBUTES">
			<value>
				<option name="BACKGROUND" value="2e3336" />
			</value>
		</option>
		<option name="FOLDED_TEXT_ATTRIBUTES">
			<value>
				<option name="FOREGROUND" value="8c8c8c" />
				<option name="BACKGROUND" value="2e3336" />
			</value>
		</option>
		<option name="FOLLOWED_HYPERLINK_ATTRIBUTES">
			<value>
				<option name="FOREGROUND" value="a7b3c2" />
				<option name="EFFECT_TYPE" value="1" />
				<option name="EFFECT_COLOR" value="a7b3c2" />
			</value>
		</option>
		<option name="GENERIC_SERVER_ERROR_OR_WARNING">
			<value>
				<option name="ERROR_STRIPE_COLOR" value="edba00" />
				<option name="EFFECT_TYPE" value="1" />
				<option name="EFFECT_COLOR" value="edba00" />
			</value>
		</option>
		<option name="GHERKIN_TAG">
			<value>
				<option name="FOREGROUND" value="f6624a" />
			</value>
		</option>
		<option name="GRADLE_CHANGE_CONFLICT">
			<value>
				<option name="FOREGROUND" value="db4233" />
			</value>
		</option>
		<option name="HAML_CLASS">
			<value>
				<option name="FOREGROUND" value="f5896f" />
			</value>
		</option>
		<option name="HAML_COMMENT">
			<value>
				<option name="FOREGROUND" value="575757" />
			</value>
		</option>
		<option name="HAML_FILTER">
			<value>
				<option name="FOREGROUND" value="a7dbd8" />
			</value>
		</option>
		<option name="HAML_ID">
			<value>
				<option name="FOREGROUND" value="a7b3c2" />
			</value>
		</option>
		<option name="HAML_RUBY_CODE">
			<value>
				<option name="FOREGROUND" value="bdc3c7" />
				<option name="EFFECT_TYPE" value="5" />
			</value>
		</option>
		<option name="HAML_RUBY_START">
			<value>
				<option name="FONT_TYPE" value="1" />
			</value>
		</option>
		<option name="HAML_TAG">
			<value>
				<option name="FOREGROUND" value="95a5a6" />
			</value>
		</option>
		<option name="HAML_XHTML">
			<value>
				<option name="FONT_TYPE" value="1" />
			</value>
		</option>
		<option name="HTML_ATTRIBUTE_VALUE">
			<value>
				<option name="FOREGROUND" value="faa193" />
			</value>
		</option>
		<option name="HTML_COMMENT">
			<value>
				<option name="FOREGROUND" value="505c63" />
			</value>
		</option>
		<option name="HTML_TAG">
			<value>
				<option name="FOREGROUND" value="f8f8f2" />
			</value>
		</option>
		<option name="HYPERLINK_ATTRIBUTES">
			<value>
				<option name="FOREGROUND" value="f6624a" />
				<option name="EFFECT_TYPE" value="1" />
				<option name="EFFECT_COLOR" value="f6624a" />
			</value>
		</option>
		<option name="IDENTIFIER_UNDER_CARET_ATTRIBUTES">
			<value>
				<option name="EFFECT_TYPE" value="2" />
				<option name="EFFECT_COLOR" value="7cffd1" />
			</value>
		</option>
		<option name="IMPLICIT_ANONYMOUS_CLASS_PARAMETER_ATTRIBUTES">
			<value>
				<option name="EFFECT_TYPE" value="1" />
				<option name="EFFECT_COLOR" value="b389c5" />
			</value>
		</option>
		<option name="INCLUDE_JAVA_CALL">
			<value>
				<option name="FONT_TYPE" value="1" />
				<option name="FOREGROUND" value="f7b891" />
			</value>
		</option>
		<option name="INFO_ATTRIBUTES">
			<value>
				<option name="ERROR_STRIPE_COLOR" value="faa193" />
				<option name="EFFECT_TYPE" value="2" />
				<option name="EFFECT_COLOR" value="faa193" />
			</value>
		</option>
		<option name="INJECTED_LANGUAGE_FRAGMENT">
			<value>
				<option name="BACKGROUND" value="2e3336" />
			</value>
		</option>
		<option name="INSTANCE_FIELD_ATTRIBUTES">
			<value>
				<option name="EFFECT_TYPE" value="1" />
			</value>
		</option>
		<option name="INTELLIJ_LOCAL_CHANGE">
			<value>
				<option name="FOREGROUND" value="d0d0ff" />
			</value>
		</option>
		<option name="INTERFACE_NAME_ATTRIBUTES">
			<value>
				<option name="FONT_TYPE" value="1" />
				<option name="FOREGROUND" value="7cffd1" />
			</value>
		</option>
		<option name="IVAR">
			<value>
				<option name="FOREGROUND" value="9373a5" />
			</value>
		</option>
		<option name="Implicit conversion first part">
			<value>
				<option name="FOREGROUND" value="1a5746" />
			</value>
		</option>
		<option name="Implicit conversion second part">
			<value>
				<option name="FOREGROUND" value="1e7866" />
			</value>
		</option>
		<option name="Invalid string escape">
			<value>
				<option name="EFFECT_TYPE" value="2" />
				<option name="EFFECT_COLOR" value="ff0000" />
			</value>
		</option>
		<option name="JFLEX$OPTION_KEYWORD">
			<value>
				<option name="FONT_TYPE" value="1" />
				<option name="FOREGROUND" value="c69d9d" />
			</value>
		</option>
		<option name="JFLEX$OPTION_SIGN">
			<value>
				<option name="EFFECT_TYPE" value="4" />
			</value>
		</option>
		<option name="JFLEX$SECTION_SIGN">
			<value>
				<option name="FONT_TYPE" value="1" />
				<option name="EFFECT_TYPE" value="3" />
			</value>
		</option>
		<option name="JFLEX_ANGLE_BRACKETS">
			<value>
				<option name="FOREGROUND" value="658665" />
			</value>
		</option>
		<option name="JFLEX_MACROS">
			<value>
				<option name="FONT_TYPE" value="1" />
				<option name="FOREGROUND" value="c63c41" />
			</value>
		</option>
		<option name="JFLEX_MACROS_REF">
			<value>
				<option name="FOREGROUND" value="fa6900" />
			</value>
		</option>
		<option name="JFLEX_REGEXP_CLASS_SYMBOL">
			<value>
				<option name="FONT_TYPE" value="1" />
				<option name="FOREGROUND" value="999975" />
			</value>
		</option>
		<option name="JFLEX_REGEXP_SYMBOL">
			<value>
				<option name="FOREGROUND" value="999975" />
			</value>
		</option>
		<option name="JFLEX_STATE_REF">
			<value>
				<option name="FONT_TYPE" value="1" />
				<option name="FOREGROUND" value="658665" />
			</value>
		</option>
		<option name="JS$BLOCK_COMMENT">
			<value>
				<option name="FOREGROUND" value="505c63" />
			</value>
		</option>
		<option name="JS$GLOBAL_FUNCTION">
			<value>
				<option name="FOREGROUND" value="f6624a" />
			</value>
		</option>
		<option name="JS$INSTANCE_MEMBER_FUNCTION">
			<value>
				<option name="FOREGROUND" value="f6624a" />
			</value>
		</option>
		<option name="JS$NUMBER">
			<value>
				<option name="FOREGROUND" value="bdc3c7" />
			</value>
		</option>
		<option name="JS$PARAMETER">
			<value>
				<option name="EFFECT_TYPE" value="1" />
				<option name="EFFECT_COLOR" value="dee3ec" />
			</value>
		</option>
		<option name="JS$REGEXP">
			<value>
				<option name="FOREGROUND" value="a7b3c2" />
			</value>
		</option>
		<option name="JS$STATIC_MEMBER_FUNCTION">
			<value>
				<option name="FOREGROUND" value="f6624a" />
			</value>
		</option>
		<option name="JS$STRING">
			<value>
				<option name="FOREGROUND" value="faa193" />
			</value>
		</option>
		<option name="JSON$BLOCK_COMMENT">
			<value>
				<option name="FOREGROUND" value="505c63" />
			</value>
		</option>
		<option name="JSON$NUMBER">
			<value>
				<option name="FOREGROUND" value="bdc3c7" />
			</value>
		</option>
		<option name="JSON$PROPERTY_KEY">
			<value>
				<option name="FOREGROUND" value="f6624a" />
			</value>
		</option>
		<option name="JSP_ATTRIBUTE_NAME">
			<value>
				<option name="FOREGROUND" value="a7b3c2" />
			</value>
		</option>
		<option name="JSP_ATTRIBUTE_VALUE">
			<value>
				<option name="FOREGROUND" value="faa193" />
			</value>
		</option>
		<option name="JSP_COMMENT">
			<value>
				<option name="FOREGROUND" value="505c63" />
			</value>
		</option>
		<option name="JSP_DIRECTIVE_BACKGROUND">
			<value>
				<option name="FOREGROUND" value="eeeeee" />
				<option name="BACKGROUND" value="2e3336" />
				<option name="EFFECT_TYPE" value="5" />
			</value>
		</option>
		<option name="JSP_DIRECTIVE_NAME">
			<value>
				<option name="FONT_TYPE" value="1" />
				<option name="FOREGROUND" value="f6624a" />
			</value>
		</option>
		<option name="JSP_SCRIPTING_BACKGROUND">
			<value>
				<option name="FOREGROUND" value="a7dbd8" />
				<option name="BACKGROUND" value="2e3336" />
				<option name="EFFECT_TYPE" value="5" />
			</value>
		</option>
		<option name="KOTLIN_ANNOTATION">
			<value>
				<option name="FOREGROUND" value="c5ffe3" />
			</value>
		</option>
		<option name="LABEL">
			<value>
				<option name="FONT_TYPE" value="2" />
			</value>
		</option>
		<option name="LESS_UNICODE_RANGE">
			<value>
				<option name="FOREGROUND" value="f6624a" />
			</value>
		</option>
		<option name="LESS_VARIABLE">
			<value>
				<option name="FOREGROUND" value="f6624a" />
			</value>
		</option>
		<option name="LINE_FULL_COVERAGE">
			<value>
				<option name="FONT_TYPE" value="1" />
				<option name="FOREGROUND" value="485848" />
			</value>
		</option>
		<option name="LINE_NONE_COVERAGE">
			<value>
				<option name="FONT_TYPE" value="1" />
				<option name="FOREGROUND" value="715353" />
			</value>
		</option>
		<option name="LINE_PARTIAL_COVERAGE">
			<value>
				<option name="FONT_TYPE" value="1" />
				<option name="FOREGROUND" value="80805a" />
			</value>
		</option>
		<option name="LOGCAT_ASSERT_OUTPUT">
			<value>
				<option name="FONT_TYPE" value="1" />
				<option name="FOREGROUND" value="da2000" />
			</value>
		</option>
		<option name="LOGCAT_INFO_OUTPUT">
			<value>
				<option name="FOREGROUND" value="4ea683" />
			</value>
		</option>
		<option name="LOGCAT_WARNING_OUTPUT">
			<value>
				<option name="FOREGROUND" value="edba00" />
				<option name="EFFECT_TYPE" value="1" />
			</value>
		</option>
		<option name="LOG_ERROR_OUTPUT">
			<value>
				<option name="FONT_TYPE" value="1" />
				<option name="FOREGROUND" value="ff6b68" />
				<option name="EFFECT_TYPE" value="2" />
				<option name="EFFECT_COLOR" value="da2000" />
			</value>
		</option>
		<option name="MACRONAME">
			<value>
				<option name="FOREGROUND" value="908b25" />
			</value>
		</option>
		<option name="MATCHED_BRACE_ATTRIBUTES">
			<value>
				<option name="EFFECT_TYPE" value="1" />
			</value>
		</option>
		<option name="MESSAGE_ARGUMENT">
			<value>
				<option name="FOREGROUND" value="c4b3a3" />
			</value>
		</option>
		<option name="METHOD_DECLARATION_ATTRIBUTES">
			<value>
				<option name="FOREGROUND" value="7cffd1" />
			</value>
		</option>
		<option name="NOT_USED_ELEMENT_ATTRIBUTES">
			<value>
				<option name="FOREGROUND" value="73797b" />
				<option name="EFFECT_TYPE" value="2" />
				<option name="EFFECT_COLOR" value="73797b" />
			</value>
		</option>
		<option name="OC$CPP_KEYWORD">
			<value>
				<option name="FOREGROUND" value="a7dbd8" />
			</value>
		</option>
		<option name="OC$DIRECTIVE">
			<value>
				<option name="FOREGROUND" value="80b000" />
			</value>
		</option>
		<option name="OC$KEYWORD">
			<value>
				<option name="FOREGROUND" value="a7dbd8" />
			</value>
		</option>
		<option name="OC$NUMBER">
			<value>
				<option name="FOREGROUND" value="f25619" />
			</value>
		</option>
		<option name="OC$PROPERTY">
			<value>
				<option name="FOREGROUND" value="cdbcac" />
			</value>
		</option>
		<option name="OC$SELFSUPERTHIS">
			<value>
				<option name="FOREGROUND" value="a7dbd8" />
			</value>
		</option>
		<option name="OC$STRING">
			<value>
				<option name="FOREGROUND" value="f36e3a" />
			</value>
		</option>
		<option name="OC$STRUCT_FIELD">
			<value>
				<option name="FOREGROUND" value="9373a5" />
			</value>
		</option>
		<option name="OC_FORMAT_TOKEN">
			<value>
				<option name="FOREGROUND" value="a7dbd8" />
			</value>
		</option>
		<option name="PARAMETER_ATTRIBUTES">
			<value>
				<option name="FOREGROUND" value="4ea683" />
			</value>
		</option>
		<option name="PHP_BRACKETS">
			<value>
				<option name="FOREGROUND" value="a7dbd8" />
			</value>
		</option>
		<option name="PHP_CLASS">
			<value>
				<option name="FOREGROUND" value="f6624a" />
			</value>
		</option>
		<option name="PHP_CONSTANT">
			<value>
				<option name="FOREGROUND" value="f6624a" />
			</value>
		</option>
		<option name="PHP_ESCAPE_SEQUENCE">
			<value>
				<option name="FOREGROUND" value="a7b3c2" />
			</value>
		</option>
		<option name="PHP_EXEC_COMMAND_ID">
			<value>
				<option name="FOREGROUND" value="a5c25c" />
				<option name="BACKGROUND" value="2e3336" />
			</value>
		</option>
		<option name="PHP_FUNCTION">
			<value>
				<option name="FOREGROUND" value="f6624a" />
			</value>
		</option>
		<option name="PHP_FUNCTION_CALL">
			<value>
				<option name="FOREGROUND" value="a7b3c2" />
			</value>
		</option>
		<option name="PHP_HEREDOC_CONTENT">
			<value>
				<option name="FOREGROUND" value="f6624a" />
			</value>
		</option>
		<option name="PHP_HEREDOC_ID">
			<value>
				<option name="FOREGROUND" value="a7dbd8" />
			</value>
		</option>
		<option name="PHP_IDENTIFIER">
			<value>
				<option name="FOREGROUND" value="f8f8f2" />
			</value>
		</option>
		<option name="PHP_INSTANCE_METHOD">
			<value>
				<option name="FOREGROUND" value="f6624a" />
			</value>
		</option>
		<option name="PHP_INTERFACE">
			<value>
				<option name="FOREGROUND" value="f6624a" />
			</value>
		</option>
		<option name="PHP_KEYWORD">
			<value>
				<option name="FOREGROUND" value="a7b3c2" />
			</value>
		</option>
		<option name="PHP_NUMBER">
			<value>
				<option name="FOREGROUND" value="bdc3c7" />
			</value>
		</option>
		<option name="PHP_OPERATION_SIGN">
			<value>
				<option name="FOREGROUND" value="a7dbd8" />
			</value>
		</option>
		<option name="PHP_PARAMETER">
			<value>
				<option name="FOREGROUND" value="f8f8f2" />
			</value>
		</option>
		<option name="PHP_PREDEFINED SYMBOL">
			<value>
				<option name="FOREGROUND" value="f6624a" />
			</value>
		</option>
		<option name="PHP_STATIC_METHOD">
			<value>
				<option name="FOREGROUND" value="f6624a" />
			</value>
		</option>
		<option name="PHP_STRING">
			<value>
				<option name="FOREGROUND" value="f3ac9a" />
			</value>
		</option>
		<option name="PHP_TAG">
			<value>
				<option name="FOREGROUND" value="f6624a" />
			</value>
		</option>
		<option name="PROPERTIES$INVALID_STRING_ESCAPE">
			<value>
				<option name="FOREGROUND" value="f36e3a" />
				<option name="BACKGROUND" value="2e3336" />
				<option name="EFFECT_TYPE" value="2" />
				<option name="EFFECT_COLOR" value="ff0000" />
			</value>
		</option>
		<option name="PROPERTIES$KEY">
			<value>
				<option name="FOREGROUND" value="a7dbd8" />
				<option name="EFFECT_TYPE" value="1" />
			</value>
		</option>
		<option name="PROPERTIES$KEY_VALUE_SEPARATOR">
			<value>
				<option name="FOREGROUND" value="f8f8f2" />
			</value>
		</option>
		<option name="PROPERTIES$VALUE">
			<value>
				<option name="FOREGROUND" value="f36e3a" />
			</value>
		</option>
		<option name="PROTOCOL_REFERENCE">
			<value>
				<option name="FOREGROUND" value="219598" />
			</value>
		</option>
		<option name="PY$BUILTIN_NAME">
			<value>
				<option name="FOREGROUND" value="8888c6" />
			</value>
		</option>
		<option name="REGEXP$BRACES">
			<value>
				<option name="FOREGROUND" value="f6624a" />
			</value>
		</option>
		<option name="REGEXP$BRACKETS">
			<value>
				<option name="FOREGROUND" value="f5896f" />
			</value>
		</option>
		<option name="REGEXP$CHAR_CLASS">
			<value>
				<option name="FONT_TYPE" value="1" />
				<option name="FOREGROUND" value="a7b3c2" />
			</value>
		</option>
		<option name="REGEXP$ESC_CHARACTER">
			<value>
				<option name="FONT_TYPE" value="1" />
				<option name="FOREGROUND" value="a7dbd8" />
			</value>
		</option>
		<option name="REGEXP$INVALID_STRING_ESCAPE">
			<value>
				<option name="FOREGROUND" value="4cd6a3" />
				<option name="BACKGROUND" value="2e3336" />
				<option name="EFFECT_TYPE" value="2" />
				<option name="EFFECT_COLOR" value="bc3f3c" />
			</value>
		</option>
		<option name="REGEXP$META">
			<value>
				<option name="FONT_TYPE" value="1" />
				<option name="FOREGROUND" value="a7dbd8" />
			</value>
		</option>
		<option name="REGEXP$PARENTHS">
			<value>
				<option name="FOREGROUND" value="f6624a" />
			</value>
		</option>
		<option name="REGEXP$QUOTE_CHARACTER">
			<value>
				<option name="FONT_TYPE" value="1" />
				<option name="FOREGROUND" value="a7dbd8" />
			</value>
		</option>
		<option name="REGEXP$REDUNDANT_ESCAPE">
			<value>
				<option name="FOREGROUND" value="7b5b33" />
			</value>
		</option>
		<option name="REQUIRE_GEM_CALL">
			<value>
				<option name="FONT_TYPE" value="1" />
			</value>
		</option>
		<option name="REST$BOLD">
			<value>
				<option name="FONT_TYPE" value="1" />
			</value>
		</option>
		<option name="REST$FIXED">
			<value>
				<option name="BACKGROUND" value="2e3336" />
			</value>
		</option>
		<option name="REST$INLINE">
			<value>
				<option name="BACKGROUND" value="2e3336" />
			</value>
		</option>
		<option name="REST$INTERPRETED">
			<value>
				<option name="BACKGROUND" value="2e3336" />
			</value>
		</option>
		<option name="REST$ITALIC">
			<value>
				<option name="FONT_TYPE" value="2" />
			</value>
		</option>
		<option name="SASS_COLOR">
			<value>
				<option name="FOREGROUND" value="f5896f" />
			</value>
		</option>
		<option name="SASS_COMMENT">
			<value>
				<option name="FOREGROUND" value="575757" />
			</value>
		</option>
		<option name="SASS_KEYWORD">
			<value>
				<option name="FOREGROUND" value="a7b3c2" />
			</value>
		</option>
		<option name="SASS_MIXIN">
			<value>
				<option name="FOREGROUND" value="a7b3c2" />
			</value>
		</option>
		<option name="SASS_NUMBER">
			<value>
				<option name="FOREGROUND" value="bdc3c7" />
				<option name="EFFECT_TYPE" value="1" />
			</value>
		</option>
		<option name="SASS_OPERATORS">
			<value>
				<option name="FOREGROUND" value="f8f8f2" />
			</value>
		</option>
		<option name="SASS_STRING">
			<value>
				<option name="FOREGROUND" value="faa193" />
			</value>
		</option>
		<option name="SASS_VARIABLE">
			<value>
				<option name="FOREGROUND" value="eeeeee" />
			</value>
		</option>
		<option name="SEARCH_RESULT_ATTRIBUTES">
			<value>
				<option name="BACKGROUND" value="2e3336" />
				<option name="ERROR_STRIPE_COLOR" value="246e00" />
				<option name="EFFECT_COLOR" value="7cffd1" />
			</value>
		</option>
		<option name="SMARTY_NUMBER">
			<value>
				<option name="FOREGROUND" value="bdc3c7" />
			</value>
		</option>
		<option name="SQL_SYNTHETIC_ENTITY">
			<value>
				<option name="FOREGROUND" value="f36e3a" />
			</value>
		</option>
		<option name="STATIC_FIELD_ATTRIBUTES">
			<value>
				<option name="FONT_TYPE" value="2" />
				<option name="EFFECT_TYPE" value="1" />
			</value>
		</option>
		<option name="Static property reference ID">
			<value>
				<option name="FONT_TYPE" value="2" />
				<option name="FOREGROUND" value="fa6900" />
			</value>
		</option>
		<option name="TEMPLATE_VARIABLE_ATTRIBUTES">
			<value>
				<option name="FOREGROUND" value="7cffd1" />
			</value>
		</option>
		<option name="TEXT">
			<value>
				<option name="FOREGROUND" value="f8f8f2" />
				<option name="BACKGROUND" value="2d2d2d" />
				<option name="EFFECT_TYPE" value="1" />
			</value>
		</option>
		<option name="TEXT_SEARCH_RESULT_ATTRIBUTES">
			<value>
				<option name="ERROR_STRIPE_COLOR" value="0" />
				<option name="EFFECT_COLOR" value="7cffd1" />
			</value>
		</option>
		<option name="TODO_DEFAULT_ATTRIBUTES">
			<value>
				<option name="EFFECT_TYPE" value="1" />
				<option name="EFFECT_COLOR" value="4ea683" />
			</value>
		</option>
		<option name="TS$NUMBER">
			<value>
				<option name="FOREGROUND" value="bdc3c7" />
			</value>
		</option>
		<option name="TWIG_NUMBER">
			<value>
				<option name="FOREGROUND" value="bdc3c7" />
			</value>
		</option>
		<option name="TYPEDEF">
			<value>
				<option name="FOREGROUND" value="c7c8f5" />
			</value>
		</option>
		<option name="TYPE_PARAMETER_NAME_ATTRIBUTES">
			<value>
				<option name="FONT_TYPE" value="1" />
				<option name="FOREGROUND" value="fe5051" />
			</value>
		</option>
		<option name="TYPO">
			<value>
				<option name="EFFECT_TYPE" value="2" />
			</value>
		</option>
		<option name="Type parameter">
			<value>
				<option name="FOREGROUND" value="507874" />
			</value>
		</option>
		<option name="UNMATCHED_BRACE_ATTRIBUTES">
			<value>
				<option name="FOREGROUND" value="da2000" />
			</value>
		</option>
		<option name="Unresolved reference access">
			<value>
				<option name="FOREGROUND" value="808080" />
				<option name="EFFECT_TYPE" value="1" />
				<option name="EFFECT_COLOR" value="808080" />
			</value>
		</option>
		<option name="VELOCITY_KEYWORD">
			<value>
				<option name="FONT_TYPE" value="1" />
				<option name="FOREGROUND" value="a7dbd8" />
			</value>
		</option>
		<option name="VELOCITY_NUMBER">
			<value>
				<option name="FOREGROUND" value="f36e3a" />
			</value>
		</option>
		<option name="VELOCITY_SCRIPTING_BACKGROUND">
			<value>
				<option name="BACKGROUND" value="2e3336" />
			</value>
		</option>
		<option name="Valid string escape">
			<value>
				<option name="FOREGROUND" value="a7dbd8" />
			</value>
		</option>
		<option name="WARNING_ATTRIBUTES">
			<value>
				<option name="ERROR_STRIPE_COLOR" value="edba00" />
				<option name="EFFECT_TYPE" value="2" />
				<option name="EFFECT_COLOR" value="edba00" />
			</value>
		</option>
		<option name="WRITE_IDENTIFIER_UNDER_CARET_ATTRIBUTES">
			<value>
				<option name="ERROR_STRIPE_COLOR" value="a7dbd8" />
				<option name="EFFECT_TYPE" value="1" />
				<option name="EFFECT_COLOR" value="a7b3c2" />
			</value>
		</option>
		<option name="WRITE_SEARCH_RESULT_ATTRIBUTES">
			<value>
				<option name="FOREGROUND" value="0" />
				<option name="BACKGROUND" value="fe5051" />
				<option name="ERROR_STRIPE_COLOR" value="c55450" />
				<option name="EFFECT_COLOR" value="7cffd1" />
			</value>
		</option>
		<option name="WRONG_REFERENCES_ATTRIBUTES">
			<value>
				<option name="FOREGROUND" value="da2000" />
				<option name="BACKGROUND" value="550a0c" />
				<option name="EFFECT_TYPE" value="1" />
			</value>
		</option>
		<option name="XML_ATTRIBUTE_NAME">
			<value>
				<option name="FOREGROUND" value="7cffd1" />
			</value>
		</option>
		<option name="XML_ENTITY_REFERENCE">
			<value>
				<option name="FOREGROUND" value="73797b" />
			</value>
		</option>
		<option name="XML_NS_PREFIX">
			<value>
				<option name="FONT_TYPE" value="2" />
				<option name="FOREGROUND" value="da2000" />
			</value>
		</option>
		<option name="XML_PROLOGUE">
			<value>
				<option name="FOREGROUND" value="f8f8f2" />
			</value>
		</option>
		<option name="XML_TAG">
			<value>
				<option name="FOREGROUND" value="f8f8f2" />
			</value>
		</option>
		<option name="XML_TAG_NAME">
			<value>
				<option name="FOREGROUND" value="fe5051" />
			</value>
		</option>
		<option name="XPATH$KEYWORD">
			<value>
				<option name="FOREGROUND" value="a7b3c2" />
			</value>
		</option>
		<option name="XPATH$NUMBER">
			<value>
				<option name="FOREGROUND" value="bdc3c7" />
			</value>
		</option>
		<option name="XPATH$STRING">
			<value>
				<option name="FOREGROUND" value="faa193" />
			</value>
		</option>
		<option name="XPATH$XPATH_NAME">
			<value>
				<option name="FOREGROUND" value="f6624a" />
			</value>
		</option>
		<option name="XPATH$XPATH_PREFIX">
			<value>
				<option name="FOREGROUND" value="f8f8f2" />
				<option name="BACKGROUND" value="2e3336" />
				<option name="EFFECT_TYPE" value="5" />
			</value>
		</option>
		<option name="XPATH$XPATH_VARIABLE">
			<value>
				<option name="FOREGROUND" value="f8f8f2" />
			</value>
		</option>
		<option name="YAML_COMMENT">
			<value>
				<option name="FOREGROUND" value="505c63" />
			</value>
		</option>
		<option name="YAML_SCALAR_KEY">
			<value>
				<option name="FOREGROUND" value="fe5051" />
			</value>
		</option>
		<option name="YAML_SCALAR_VALUE4">
			<value>
				<option name="FOREGROUND" value="e8d3d3" />
			</value>
		</option>
		<option name="YAML_SIGN">
			<value>
				<option name="FOREGROUND" value="a7b3c2" />
				<option name="EFFECT_TYPE" value="2" />
			</value>
		</option>
		<option name="osmorc$attributeName">
			<value>
				<option name="FONT_TYPE" value="1" />
				<option name="FOREGROUND" value="d0d0ff" />
			</value>
		</option>
		<option name="osmorc$directiveName">
			<value>
				<option name="FONT_TYPE" value="1" />
				<option name="FOREGROUND" value="d0d0ff" />
			</value>
		</option>
		<option name="osmorc$headerName">
			<value>
				<option name="FONT_TYPE" value="1" />
				<option name="FOREGROUND" value="a7dbd8" />
			</value>
		</option>
	</attributes>
</scheme>