<?xml version="1.0" encoding="UTF-8"?>
<scheme name="Bigface 0.3.1" version="1" parent_scheme="Default">
	<option name="LINE_SPACING" value="1.0" />
	<option name="EDITOR_FONT_SIZE" value="12" />
	<option name="EDITOR_FONT_NAME" value="Menlo" />
	<colors>
		<option name="CARET_COLOR" value="f8f8f0" />
		<option name="CARET_ROW_COLOR" value="3b3c32" />
		<option name="CONSOLE_BACKGROUND_KEY" value="000000" />
		<option name="GUTTER_BACKGROUND" value="000000" />
		<option name="HTML_TAG_TREE_LEVEL0" value="ff0000" />
		<option name="HTML_TAG_TREE_LEVEL1" value="ffff00" />
		<option name="HTML_TAG_TREE_LEVEL2" value="00ff00" />
		<option name="HTML_TAG_TREE_LEVEL3" value="00ffff" />
		<option name="HTML_TAG_TREE_LEVEL4" value="0000ff" />
		<option name="HTML_TAG_TREE_LEVEL5" value="ff00ff" />
		<option name="INDENT_GUIDE" value="494848" />
		<option name="LINE_NUMBERS_COLOR" value="6e6b68" />
		<option name="RIGHT_MARGIN_COLOR" value="333333" />
		<option name="SELECTED_TEARLINE_COLOR" value="c0c0c0" />
		<option name="SELECTION_BACKGROUND" value="646464" />
		<option name="SELECTION_FOREGROUND" value="000000" />
		<option name="SOFT_WRAP_SIGN_COLOR" value="736f5c" />
		<option name="TEARLINE_COLOR" value="c0c0c0" />
		<option name="WHITESPACES" value="795548" />
	</colors>
	<attributes>
		<option name="ANONYMOUS_CLASS_NAME_ATTRIBUTES">
			<value>
				<option name="FONT_TYPE" value="3" />
				<option name="FOREGROUND" value="66d9ef" />
			</value>
		</option>
		<option name="APACHE_CONFIG$COMMENT">
			<value>
				<option name="FONT_TYPE" value="2" />
				<option name="FOREGROUND" value="75715e" />
			</value>
		</option>
		<option name="BREAKPOINT_ATTRIBUTES">
			<value>
				<option name="BACKGROUND" value="716b6a" />
				<option name="ERROR_STRIPE_COLOR" value="ffc8c8" />
			</value>
		</option>
		<option name="CONDITIONALLY_NOT_COMPILED">
			<value>
				<option name="FOREGROUND" value="a81b4f" />
			</value>
		</option>
		<option name="CONSOLE_BLUE_BRIGHT_OUTPUT">
			<value>
				<option name="FONT_TYPE" value="1" />
				<option name="FOREGROUND" value="40c4ff" />
			</value>
		</option>
		<option name="CONSOLE_BLUE_OUTPUT">
			<value>
				<option name="FONT_TYPE" value="1" />
				<option name="FOREGROUND" value="81d4fa" />
			</value>
		</option>
		<option name="CONSOLE_CYAN_BRIGHT_OUTPUT">
			<value>
				<option name="FONT_TYPE" value="1" />
				<option name="FOREGROUND" value="00ffff" />
			</value>
		</option>
		<option name="CONSOLE_CYAN_OUTPUT">
			<value>
				<option name="FONT_TYPE" value="1" />
				<option name="FOREGROUND" value="00bcd4" />
			</value>
		</option>
		<option name="CONSOLE_ERROR_OUTPUT">
			<value>
				<option name="FOREGROUND" value="f52670" />
			</value>
		</option>
		<option name="CONSOLE_GRAY_OUTPUT">
			<value>
				<option name="FONT_TYPE" value="1" />
				<option name="FOREGROUND" value="9e9e9e" />
			</value>
		</option>
		<option name="CONSOLE_GREEN_BRIGHT_OUTPUT">
			<value>
				<option name="FONT_TYPE" value="1" />
				<option name="FOREGROUND" value="00ff00" />
			</value>
		</option>
		<option name="CONSOLE_GREEN_OUTPUT">
			<value>
				<option name="FONT_TYPE" value="1" />
				<option name="FOREGROUND" value="8bc34a" />
			</value>
		</option>
		<option name="CONSOLE_MAGENTA_BRIGHT_OUTPUT">
			<value>
				<option name="FONT_TYPE" value="1" />
				<option name="FOREGROUND" value="7e57c2" />
			</value>
		</option>
		<option name="CONSOLE_MAGENTA_OUTPUT">
			<value>
				<option name="FONT_TYPE" value="1" />
				<option name="FOREGROUND" value="e91e63" />
			</value>
		</option>
		<option name="CONSOLE_NORMAL_OUTPUT">
			<value>
				<option name="FOREGROUND" value="ffffff" />
			</value>
		</option>
		<option name="CONSOLE_RED_BRIGHT_OUTPUT">
			<value>
				<option name="FONT_TYPE" value="1" />
				<option name="FOREGROUND" value="ff0000" />
			</value>
		</option>
		<option name="CONSOLE_RED_OUTPUT">
			<value>
				<option name="FONT_TYPE" value="1" />
				<option name="FOREGROUND" value="f44336" />
			</value>
		</option>
		<option name="CONSOLE_SYSTEM_OUTPUT">
			<value>
				<option name="FOREGROUND" value="ffe792" />
			</value>
		</option>
		<option name="CONSOLE_USER_INPUT">
			<value>
				<option name="FONT_TYPE" value="2" />
				<option name="FOREGROUND" value="65d7ed" />
			</value>
		</option>
		<option name="CONSOLE_WHITE_OUTPUT">
			<value>
				<option name="FONT_TYPE" value="1" />
				<option name="FOREGROUND" value="ffffff" />
			</value>
		</option>
		<option name="CONSOLE_YELLOW_BRIGHT_OUTPUT">
			<value>
				<option name="FONT_TYPE" value="1" />
				<option name="FOREGROUND" value="ccff90" />
			</value>
		</option>
		<option name="CONSOLE_YELLOW_OUTPUT">
			<value>
				<option name="FONT_TYPE" value="1" />
				<option name="FOREGROUND" value="ffeb3b" />
			</value>
		</option>
		<option name="CSS$COLOR">
			<value>
				<option name="FONT_TYPE" value="1" />
				<option name="FOREGROUND" value="ff5252" />
			</value>
		</option>
		<option name="CSS$COMMENT">
			<value>
				<option name="FOREGROUND" value="736f5c" />
			</value>
		</option>
		<option name="CSS$IMPORTANT">
			<value>
				<option name="FONT_TYPE" value="1" />
				<option name="FOREGROUND" value="fc5d23" />
			</value>
		</option>
		<option name="CTRL_CLICKABLE">
			<value>
				<option name="FOREGROUND" value="00b0ff" />
				<option name="EFFECT_TYPE" value="1" />
				<option name="EFFECT_COLOR" value="00b0ff" />
			</value>
		</option>
		<option name="CUSTOM_KEYWORD1_ATTRIBUTES">
			<value>
				<option name="FONT_TYPE" value="1" />
				<option name="FOREGROUND" value="c3ff68" />
			</value>
		</option>
		<option name="CUSTOM_KEYWORD2_ATTRIBUTES">
			<value>
				<option name="FONT_TYPE" value="1" />
				<option name="FOREGROUND" value="c6ff00" />
			</value>
		</option>
		<option name="CUSTOM_KEYWORD3_ATTRIBUTES">
			<value>
				<option name="FONT_TYPE" value="1" />
				<option name="FOREGROUND" value="76ff03" />
			</value>
		</option>
		<option name="CUSTOM_KEYWORD4_ATTRIBUTES">
			<value>
				<option name="FONT_TYPE" value="1" />
				<option name="FOREGROUND" value="00c853" />
			</value>
		</option>
		<option name="DEFAULT_BRACES">
			<value>
				<option name="FONT_TYPE" value="1" />
			</value>
		</option>
		<option name="DEFAULT_BRACKETS">
			<value>
				<option name="EFFECT_TYPE" value="1" />
			</value>
		</option>
		<option name="DEFAULT_COMMA">
			<value>
				<option name="FOREGROUND" value="eeff41" />
			</value>
		</option>
		<option name="DEFAULT_DOT">
			<value>
				<option name="FOREGROUND" value="eeff41" />
			</value>
		</option>
		<option name="DEFAULT_ENTITY">
			<value>
				<option name="FONT_TYPE" value="1" />
				<option name="FOREGROUND" value="69d2e7" />
			</value>
		</option>
		<option name="DEFAULT_FUNCTION_CALL">
			<value>
				<option name="FOREGROUND" value="c6ff00" />
			</value>
		</option>
		<option name="DEFAULT_FUNCTION_DECLARATION">
			<value>
				<option name="FOREGROUND" value="c6ff00" />
				<option name="EFFECT_TYPE" value="1" />
			</value>
		</option>
		<option name="DEFAULT_IDENTIFIER">
			<value>
				<option name="FOREGROUND" value="00c853" />
			</value>
		</option>
		<option name="DEFAULT_INSTANCE_METHOD">
			<value>
				<option name="FOREGROUND" value="f7f700" />
				<option name="EFFECT_TYPE" value="1" />
			</value>
		</option>
		<option name="DEFAULT_INVALID_STRING_ESCAPE">
			<value>
				<option name="FOREGROUND" value="69d2e7" />
				<option name="BACKGROUND" value="ffcccc" />
			</value>
		</option>
		<option name="DEFAULT_KEYWORD">
			<value>
				<option name="FOREGROUND" value="00b0ff" />
				<option name="EFFECT_TYPE" value="5" />
			</value>
		</option>
		<option name="DEFAULT_LABEL">
			<value>
				<option name="EFFECT_TYPE" value="1" />
				<option name="EFFECT_COLOR" value="808080" />
			</value>
		</option>
		<option name="DEFAULT_METADATA">
			<value>
				<option name="FOREGROUND" value="40c4ff" />
			</value>
		</option>
		<option name="DEFAULT_NUMBER">
			<value>
				<option name="FOREGROUND" value="fc5d23" />
			</value>
		</option>
		<option name="DEFAULT_OPERATION_SIGN">
			<value>
				<option name="FOREGROUND" value="ffeb3b" />
			</value>
		</option>
		<option name="DEFAULT_PARAMETER">
			<value>
				<option name="FOREGROUND" value="b3e5fc" />
			</value>
		</option>
		<option name="DEFAULT_PREDEFINED_SYMBOL">
			<value>
				<option name="FOREGROUND" value="78e4ff" />
			</value>
		</option>
		<option name="DEFAULT_STATIC_METHOD">
			<value>
				<option name="FOREGROUND" value="8cc4f0" />
			</value>
		</option>
		<option name="DEFAULT_STRING">
			<value>
				<option name="FOREGROUND" value="e5e500" />
				<option name="EFFECT_TYPE" value="2" />
			</value>
		</option>
		<option name="DEFAULT_TAG">
			<value>
				<option name="FOREGROUND" value="40c4ff" />
			</value>
		</option>
		<option name="DEFAULT_TEMPLATE_LANGUAGE_COLOR">
			<value>
				<option name="FONT_TYPE" value="1" />
				<option name="BACKGROUND" value="90a4ae" />
			</value>
		</option>
		<option name="DEFAULT_VALID_STRING_ESCAPE">
			<value>
				<option name="FONT_TYPE" value="1" />
				<option name="FOREGROUND" value="2e8ae6" />
			</value>
		</option>
		<option name="DIFF_CONFLICT">
			<value>
				<option name="BACKGROUND" value="943332" />
				<option name="ERROR_STRIPE_COLOR" value="ff6647" />
			</value>
		</option>
		<option name="DIFF_DELETED">
			<value>
				<option name="BACKGROUND" value="808080" />
				<option name="ERROR_STRIPE_COLOR" value="747474" />
			</value>
		</option>
		<option name="DIFF_INSERTED">
			<value>
				<option name="BACKGROUND" value="40943a" />
				<option name="ERROR_STRIPE_COLOR" value="99ff99" />
			</value>
		</option>
		<option name="DIFF_MODIFIED">
			<value>
				<option name="BACKGROUND" value="7f8da9" />
				<option name="ERROR_STRIPE_COLOR" value="99ccff" />
			</value>
		</option>
		<option name="EL$STRING">
			<value>
				<option name="FONT_TYPE" value="1" />
				<option name="FOREGROUND" value="a6e22e" />
			</value>
		</option>
		<option name="ENUM_CONST">
			<value>
				<option name="FONT_TYPE" value="1" />
				<option name="FOREGROUND" value="6d3dfe" />
			</value>
		</option>
		<option name="ERRORS_ATTRIBUTES">
			<value>
				<option name="ERROR_STRIPE_COLOR" value="f72671" />
				<option name="EFFECT_TYPE" value="2" />
				<option name="EFFECT_COLOR" value="f72671" />
			</value>
		</option>
		<option name="FOLDED_TEXT_ATTRIBUTES">
			<value>
				<option name="FONT_TYPE" value="1" />
				<option name="BACKGROUND" value="333333" />
				<option name="EFFECT_TYPE" value="1" />
			</value>
		</option>
		<option name="FOLLOWED_HYPERLINK_ATTRIBUTES">
			<value>
				<option name="FONT_TYPE" value="2" />
				<option name="FOREGROUND" value="c6ff00" />
				<option name="EFFECT_TYPE" value="1" />
				<option name="EFFECT_COLOR" value="c6ff00" />
			</value>
		</option>
		<option name="GO_KEYWORD">
			<value>
				<option name="FONT_TYPE" value="1" />
				<option name="FOREGROUND" value="000080" />
			</value>
		</option>
		<option name="GROOVY_KEYWORD">
			<value>
				<option name="FOREGROUND" value="00b0ff" />
				<option name="EFFECT_TYPE" value="5" />
			</value>
		</option>
		<option name="HTML_COMMENT">
			<value>
				<option name="FOREGROUND" value="736f5c" />
			</value>
		</option>
		<option name="HYPERLINK_ATTRIBUTES">
			<value>
				<option name="FONT_TYPE" value="2" />
				<option name="FOREGROUND" value="c6ff00" />
				<option name="EFFECT_TYPE" value="1" />
				<option name="EFFECT_COLOR" value="c6ff00" />
			</value>
		</option>
		<option name="IDENTIFIER_UNDER_CARET_ATTRIBUTES">
			<value>
				<option name="FONT_TYPE" value="1" />
				<option name="ERROR_STRIPE_COLOR" value="ccccff" />
				<option name="EFFECT_COLOR" value="a6e22e" />
			</value>
		</option>
		<option name="IMPLICIT_ANONYMOUS_CLASS_PARAMETER_ATTRIBUTES">
			<value>
				<option name="FOREGROUND" value="00c853" />
			</value>
		</option>
		<option name="INJECTED_LANGUAGE_FRAGMENT">
			<value>
				<option name="BACKGROUND" value="686a56" />
				<option name="EFFECT_COLOR" value="4a4848" />
			</value>
		</option>
		<option name="INLINE_PARAMETER_HINT">
			<value>
				<option name="FOREGROUND" value="384850" />
				<option name="BACKGROUND" value="f0f8e4" />
			</value>
		</option>
		<option name="IVAR">
			<value>
				<option name="FONT_TYPE" value="1" />
				<option name="FOREGROUND" value="3860ff" />
			</value>
		</option>
		<option name="JAVA_INVALID_STRING_ESCAPE">
			<value>
				<option name="FOREGROUND" value="ff0000" />
				<option name="BACKGROUND" value="ffcccc" />
			</value>
		</option>
		<option name="JAVA_VALID_STRING_ESCAPE">
			<value>
				<option name="FONT_TYPE" value="1" />
				<option name="FOREGROUND" value="a6e22e" />
			</value>
		</option>
		<option name="JS$BADCHARACTER">
			<value>
				<option name="FONT_TYPE" value="1" />
				<option name="FOREGROUND" value="252621" />
				<option name="BACKGROUND" value="ff4841" />
			</value>
		</option>
		<option name="JS$BLOCK_COMMENT">
			<value>
				<option name="FOREGROUND" value="736f5c" />
			</value>
		</option>
		<option name="JS$DOC_COMMENT">
			<value>
				<option name="FOREGROUND" value="736f5c" />
			</value>
		</option>
		<option name="JS$DOC_MARKUP">
			<value>
				<option name="BACKGROUND" value="34362f" />
			</value>
		</option>
		<option name="JS$INVALID_STRING_ESCAPE">
			<value>
				<option name="BACKGROUND" value="34362f" />
			</value>
		</option>
		<option name="JS$LINE_COMMENT">
			<value>
				<option name="FOREGROUND" value="736f5c" />
			</value>
		</option>
		<option name="JSON$PROPERTY_KEY">
			<value>
				<option name="FONT_TYPE" value="1" />
				<option name="FOREGROUND" value="40c4ff" />
			</value>
		</option>
		<option name="JSON$STRING">
			<value>
				<option name="FOREGROUND" value="b7ff52" />
				<option name="EFFECT_TYPE" value="2" />
			</value>
		</option>
		<option name="JSP_COMMENT">
			<value>
				<option name="FOREGROUND" value="736f5c" />
			</value>
		</option>
		<option name="JSP_DIRECTIVE_BACKGROUND">
			<value>
				<option name="FOREGROUND" value="ffe792" />
			</value>
		</option>
		<option name="JSP_SCRIPTING_BACKGROUND">
			<value>
				<option name="FOREGROUND" value="f7f7f1" />
			</value>
		</option>
		<option name="KOTLIN_ANNOTATION">
			<value>
				<option name="FOREGROUND" value="808000" />
				<option name="EFFECT_TYPE" value="1" />
			</value>
		</option>
		<option name="KOTLIN_SMART_CAST_RECEIVER">
			<value>
				<option name="BACKGROUND" value="4e5b4e" />
			</value>
		</option>
		<option name="KOTLIN_SMART_CAST_VALUE">
			<value>
				<option name="BACKGROUND" value="536153" />
			</value>
		</option>
		<option name="KOTLIN_SMART_CONSTANT">
			<value>
				<option name="BACKGROUND" value="4e5b4e" />
			</value>
		</option>
		<option name="LABEL">
			<value>
				<option name="FONT_TYPE" value="2" />
				<option name="FOREGROUND" value="1387ff" />
			</value>
		</option>
		<option name="LIVE_TEMPLATE_ATTRIBUTES">
			<value>
				<option name="EFFECT_COLOR" value="aeea00" />
			</value>
		</option>
		<option name="LOG_ERROR_OUTPUT">
			<value>
				<option name="FONT_TYPE" value="1" />
				<option name="FOREGROUND" value="ff0010" />
				<option name="EFFECT_TYPE" value="1" />
			</value>
		</option>
		<option name="LOG_EXPIRED_ENTRY">
			<value>
				<option name="FOREGROUND" value="736f5c" />
			</value>
		</option>
		<option name="LOG_VERBOSE_OUTPUT">
			<value>
				<option name="FOREGROUND" value="5aa6ee" />
			</value>
		</option>
		<option name="LOG_WARNING_OUTPUT">
			<value>
				<option name="FOREGROUND" value="ff9800" />
			</value>
		</option>
		<option name="MACRONAME">
			<value>
				<option name="FONT_TYPE" value="1" />
				<option name="FOREGROUND" value="ff8b00" />
			</value>
		</option>
		<option name="MACRO_PARAMETER">
			<value>
				<option name="FONT_TYPE" value="1" />
				<option name="FOREGROUND" value="a6e22e" />
			</value>
		</option>
		<option name="MATCHED_BRACE_ATTRIBUTES">
			<value>
				<option name="FONT_TYPE" value="1" />
				<option name="BACKGROUND" value="3b514d" />
			</value>
		</option>
		<option name="MESSAGE_ARGUMENT">
			<value>
				<option name="FOREGROUND" value="66d9ef" />
			</value>
		</option>
		<option name="OC$BLOCK_COMMENT">
			<value>
				<option name="FONT_TYPE" value="2" />
				<option name="FOREGROUND" value="75715e" />
			</value>
		</option>
		<option name="OC$CONDITIONALLY_NOT_COMPILED">
			<value>
				<option name="FOREGROUND" value="479a02" />
			</value>
		</option>
		<option name="OC$CPP_KEYWORD">
			<value>
				<option name="FONT_TYPE" value="1" />
				<option name="FOREGROUND" value="f92672" />
			</value>
		</option>
		<option name="OC$LINE_COMMENT">
			<value>
				<option name="FONT_TYPE" value="2" />
				<option name="FOREGROUND" value="75715e" />
			</value>
		</option>
		<option name="OC$MACRONAME">
			<value>
				<option name="FONT_TYPE" value="1" />
				<option name="FOREGROUND" value="76ff03" />
			</value>
		</option>
		<option name="OC$PROPERTY">
			<value>
				<option name="FOREGROUND" value="66d9ef" />
			</value>
		</option>
		<option name="OC$SELFSUPERTHIS">
			<value>
				<option name="FONT_TYPE" value="1" />
				<option name="FOREGROUND" value="a6e22e" />
			</value>
		</option>
		<option name="OC$STRING">
			<value>
				<option name="FONT_TYPE" value="1" />
				<option name="FOREGROUND" value="ffe792" />
			</value>
		</option>
		<option name="OC$STRUCT_FIELD">
			<value>
				<option name="FOREGROUND" value="76ff03" />
			</value>
		</option>
		<option name="OC$STRUCT_LIKE">
			<value>
				<option name="FOREGROUND" value="76ff03" />
			</value>
		</option>
		<option name="OC$TYPEDEF">
			<value>
				<option name="FOREGROUND" value="40c4ff" />
			</value>
		</option>
		<option name="OC_FORMAT_TOKEN">
			<value>
				<option name="FONT_TYPE" value="1" />
				<option name="FOREGROUND" value="ff0000" />
			</value>
		</option>
		<option name="PHP_BRACKETS">
			<value>
				<option name="FOREGROUND" value="ffffff" />
				<option name="EFFECT_TYPE" value="1" />
			</value>
		</option>
		<option name="PHP_COMMENT">
			<value>
				<option name="FOREGROUND" value="75715e" />
			</value>
		</option>
		<option name="PHP_CONSTANT">
			<value>
				<option name="FOREGROUND" value="ae81ff" />
			</value>
		</option>
		<option name="PHP_DOC_COMMENT_ID">
			<value>
				<option name="FOREGROUND" value="75715e" />
			</value>
		</option>
		<option name="PHP_DOC_TAG">
			<value>
				<option name="FONT_TYPE" value="1" />
				<option name="EFFECT_TYPE" value="1" />
			</value>
		</option>
		<option name="PHP_PREDEFINED SYMBOL">
			<value>
				<option name="FOREGROUND" value="66d9ef" />
				<option name="EFFECT_TYPE" value="1" />
			</value>
		</option>
		<option name="PHP_TAG">
			<value>
				<option name="FONT_TYPE" value="1" />
				<option name="FOREGROUND" value="f4fce8" />
			</value>
		</option>
		<option name="PROTOCOL_REFERENCE">
			<value>
				<option name="FOREGROUND" value="66d9ef" />
			</value>
		</option>
		<option name="PY$ANNOTATION">
			<value>
				<option name="FOREGROUND" value="00c853" />
			</value>
		</option>
		<option name="PY$BRACES">
			<value>
				<option name="FONT_TYPE" value="1" />
			</value>
		</option>
		<option name="PY$BUILTIN_NAME">
			<value>
				<option name="FOREGROUND" value="78e4ff" />
			</value>
		</option>
		<option name="PY$CLASS_DEFINITION">
			<value>
				<option name="FOREGROUND" value="00c853" />
			</value>
		</option>
		<option name="PY$DECORATOR">
			<value>
				<option name="FOREGROUND" value="00c853" />
			</value>
		</option>
		<option name="PY$FUNC_DEFINITION">
			<value>
				<option name="FOREGROUND" value="c6ff00" />
				<option name="EFFECT_TYPE" value="1" />
			</value>
		</option>
		<option name="PY$KEYWORD_ARGUMENT">
			<value>
				<option name="FOREGROUND" value="b3e5fc" />
			</value>
		</option>
		<option name="PY$METHOD_CALL">
			<value>
				<option name="FOREGROUND" value="c6ff00" />
			</value>
		</option>
		<option name="PY$PARAMETER">
			<value>
				<option name="FOREGROUND" value="b3e5fc" />
			</value>
		</option>
		<option name="PY$PREDEFINED_DEFINITION">
			<value>
				<option name="FOREGROUND" value="78e4ff" />
			</value>
		</option>
		<option name="PY$PREDEFINED_USAGE">
			<value>
				<option name="FOREGROUND" value="78e4ff" />
			</value>
		</option>
		<option name="PY$SELF_PARAMETER">
			<value>
				<option name="FOREGROUND" value="b3e5fc" />
			</value>
		</option>
		<option name="PY$STRING$U">
			<value>
				<option name="FOREGROUND" value="e5e500" />
				<option name="EFFECT_TYPE" value="2" />
			</value>
		</option>
		<option name="PY$VALID_STRING_ESCAPE">
			<value>
				<option name="FONT_TYPE" value="1" />
				<option name="FOREGROUND" value="2e8ae6" />
			</value>
		</option>
		<option name="REGEXP$INVALID_STRING_ESCAPE">
			<value>
				<option name="FOREGROUND" value="ff0000" />
				<option name="BACKGROUND" value="ffcccc" />
			</value>
		</option>
		<option name="RUBY_COLON">
			<value>
				<option name="FOREGROUND" value="f72671" />
			</value>
		</option>
		<option name="RUBY_COMMA">
			<value>
				<option name="FOREGROUND" value="f72671" />
			</value>
		</option>
		<option name="RUBY_CVAR">
			<value>
				<option name="FONT_TYPE" value="3" />
				<option name="FOREGROUND" value="a6e22e" />
			</value>
		</option>
		<option name="RUBY_DOT">
			<value>
				<option name="FOREGROUND" value="f72671" />
			</value>
		</option>
		<option name="RUBY_ESCAPE_SEQUENCE">
			<value>
				<option name="FONT_TYPE" value="1" />
				<option name="FOREGROUND" value="a6e22e" />
			</value>
		</option>
		<option name="RUBY_IVAR">
			<value>
				<option name="FONT_TYPE" value="1" />
				<option name="FOREGROUND" value="a6e22e" />
			</value>
		</option>
		<option name="SASS_ATTRIBUTE">
			<value>
				<option name="FONT_TYPE" value="1" />
				<option name="FOREGROUND" value="66d9ef" />
			</value>
		</option>
		<option name="SASS_CONSTANT">
			<value>
				<option name="FONT_TYPE" value="1" />
				<option name="FOREGROUND" value="ae81ff" />
			</value>
		</option>
		<option name="SASS_DIRECTIVE">
			<value>
				<option name="FONT_TYPE" value="1" />
				<option name="FOREGROUND" value="ff6c00" />
			</value>
		</option>
		<option name="SASS_RULE">
			<value>
				<option name="FONT_TYPE" value="1" />
				<option name="FOREGROUND" value="a6e22e" />
			</value>
		</option>
		<option name="SCOPE_KEY_ANM Install Profile">
			<value>
				<option name="FOREGROUND" value="000000" />
				<option name="BACKGROUND" value="ff0000" />
			</value>
		</option>
		<option name="SCOPE_KEY_Install Profile">
			<value>
				<option name="BACKGROUND" value="ff0000" />
			</value>
		</option>
		<option name="SEARCH_RESULT_ATTRIBUTES">
			<value>
				<option name="BACKGROUND" value="00b8d4" />
			</value>
		</option>
		<option name="SMARTY_BAD_CHARACTER">
			<value>
				<option name="FOREGROUND" value="ffffff" />
				<option name="BACKGROUND" value="7a6262" />
			</value>
		</option>
		<option name="SMARTY_COMMENT">
			<value>
				<option name="FOREGROUND" value="736f5c" />
			</value>
		</option>
		<option name="SQL_BAD_CHARACTER">
			<value>
				<option name="BACKGROUND" value="ff6864" />
			</value>
		</option>
		<option name="SQL_BRACES">
			<value>
				<option name="FOREGROUND" value="ffffff" />
			</value>
		</option>
		<option name="SQL_BRACKETS">
			<value>
				<option name="FOREGROUND" value="ffffff" />
			</value>
		</option>
		<option name="SQL_COMMENT">
			<value>
				<option name="FOREGROUND" value="736f5c" />
			</value>
		</option>
		<option name="SQL_DOT">
			<value>
				<option name="FOREGROUND" value="f7f7f1" />
			</value>
		</option>
		<option name="SQL_PARENS">
			<value>
				<option name="FOREGROUND" value="ffffff" />
			</value>
		</option>
		<option name="SQL_SEMICOLON">
			<value>
				<option name="FOREGROUND" value="f7f7f1" />
			</value>
		</option>
		<option name="SQL_STRING">
			<value>
				<option name="FONT_TYPE" value="1" />
				<option name="FOREGROUND" value="ffe792" />
			</value>
		</option>
		<option name="SQL_SYNTETIC_ENTITY">
			<value>
				<option name="FOREGROUND" value="ae81ff" />
			</value>
		</option>
		<option name="STATIC_FINAL_FIELD_ATTRIBUTES">
			<value>
				<option name="FONT_TYPE" value="2" />
			</value>
		</option>
		<option name="Scala Type Alias">
			<value>
				<option name="FOREGROUND" value="b3e5fc" />
			</value>
		</option>
		<option name="Scala Type parameter">
			<value>
				<option name="FOREGROUND" value="b3e5fc" />
			</value>
		</option>
		<option name="TEMPLATE_VARIABLE_ATTRIBUTES">
			<value>
				<option name="FONT_TYPE" value="3" />
				<option name="FOREGROUND" value="00b0ff" />
			</value>
		</option>
		<option name="TEXT">
			<value>
				<option name="FOREGROUND" value="d9d9d4" />
				<option name="BACKGROUND" value="252925" />
				<option name="EFFECT_TYPE" value="1" />
			</value>
		</option>
		<option name="TEXT_SEARCH_RESULT_ATTRIBUTES">
			<value>
				<option name="FOREGROUND" value="252621" />
				<option name="BACKGROUND" value="ffe792" />
			</value>
		</option>
		<option name="TODO_DEFAULT_ATTRIBUTES">
			<value>
				<option name="FONT_TYPE" value="3" />
				<option name="FOREGROUND" value="ffffff" />
				<option name="ERROR_STRIPE_COLOR" value="0000ff" />
			</value>
		</option>
		<option name="TYPEDEF">
			<value>
				<option name="FOREGROUND" value="66d9ef" />
			</value>
		</option>
		<option name="TYPE_PARAMETER_NAME_ATTRIBUTES">
			<value>
				<option name="FOREGROUND" value="b3e5fc" />
			</value>
		</option>
		<option name="TYPO">
			<value>
				<option name="EFFECT_TYPE" value="2" />
			</value>
		</option>
		<option name="UNMATCHED_BRACE_ATTRIBUTES">
			<value>
				<option name="BACKGROUND" value="ff6864" />
			</value>
		</option>
		<option name="Unresolved reference access">
			<value>
				<option name="FONT_TYPE" value="1" />
				<option name="FOREGROUND" value="00c966" />
				<option name="BACKGROUND" value="4e5b4e" />
			</value>
		</option>
		<option name="WARNING_ATTRIBUTES">
			<value>
				<option name="ERROR_STRIPE_COLOR" value="ebc700" />
				<option name="EFFECT_TYPE" value="1" />
			</value>
		</option>
		<option name="WRITE_IDENTIFIER_UNDER_CARET_ATTRIBUTES">
			<value>
				<option name="FONT_TYPE" value="1" />
				<option name="ERROR_STRIPE_COLOR" value="ffcdff" />
				<option name="EFFECT_COLOR" value="a6e22e" />
			</value>
		</option>
		<option name="WRITE_SEARCH_RESULT_ATTRIBUTES">
			<value>
				<option name="FOREGROUND" value="f7f7f1" />
				<option name="BACKGROUND" value="00b8d4" />
				<option name="EFFECT_COLOR" value="f7f7f1" />
			</value>
		</option>
		<option name="WRONG_REFERENCES_ATTRIBUTES">
			<value>
				<option name="FOREGROUND" value="ff4841" />
			</value>
		</option>
		<option name="XML_COMMENT">
			<value>
				<option name="FOREGROUND" value="736f5c" />
			</value>
		</option>
		<option name="YAML_ANCHOR">
			<value>
				<option name="FOREGROUND" value="00c853" />
			</value>
		</option>
		<option name="YAML_COMMENT">
			<value>
				<option name="FOREGROUND" value="736f5c" />
			</value>
		</option>
	</attributes>
</scheme>