<?xml version="1.0" encoding="UTF-8"?>
<scheme name="Cosmic Space kotlin" version="1" parent_scheme="Default">
	<option name="LINE_SPACING" value="1.0" />
	<option name="EDITOR_FONT_SIZE" value="12" />
	<option name="EDITOR_FONT_NAME" value="Menlo" />
	<colors>
		<option name="ADDED_LINES_COLOR" value="295622" />
		<option name="CARET_COLOR" value="bbbbbb" />
		<option name="CARET_ROW_COLOR" value="2a3b3c" />
		<option name="CONSOLE_BACKGROUND_KEY" value="293134" />
		<option name="FILESTATUS_ADDED" value="629755" />
		<option name="FILESTATUS_DELETED" value="6c6c6c" />
		<option name="FILESTATUS_IDEA_FILESTATUS_DELETED_FROM_FILE_SYSTEM" value="6c6c6c" />
		<option name="FILESTATUS_IDEA_FILESTATUS_IGNORED" value="848504" />
		<option name="FILESTATUS_IDEA_FILESTATUS_MERGED_WITH_BOTH_CONFLICTS" value="d5756c" />
		<option name="FILESTATUS_IDEA_FILESTATUS_MERGED_WITH_CONFLICTS" value="d5756c" />
		<option name="FILESTATUS_IDEA_FILESTATUS_MERGED_WITH_PROPERTY_CONFLICTS" value="d5756c" />
		<option name="FILESTATUS_MERGED" value="9876aa" />
		<option name="FILESTATUS_MODIFIED" value="6897bb" />
		<option name="FILESTATUS_NOT_CHANGED_IMMEDIATE" value="6897bb" />
		<option name="FILESTATUS_NOT_CHANGED_RECURSIVE" value="6897bb" />
		<option name="FILESTATUS_UNKNOWN" value="d1675a" />
		<option name="FILESTATUS_addedOutside" value="629755" />
		<option name="FILESTATUS_changelistConflict" value="d5756c" />
		<option name="FILESTATUS_modifiedOutside" value="6897bb" />
		<option name="GUTTER_BACKGROUND" value="293134" />
		<option name="INDENT_GUIDE" value="802947" />
		<option name="LINE_NUMBERS_COLOR" value="81969a" />
		<option name="METHOD_SEPARATORS_COLOR" value="2f393c" />
		<option name="MODIFIED_LINES_COLOR" value="415f69" />
		<option name="RECURSIVE_CALL_ATTRIBUTES" value="574300" />
		<option name="RIGHT_MARGIN_COLOR" value="323232" />
		<option name="SELECTED_INDENT_GUIDE" value="e0e2e4" />
		<option name="SELECTED_TEARLINE_COLOR" value="804000" />
		<option name="SELECTION_BACKGROUND" value="622742" />
		<option name="SELECTION_FOREGROUND" value="000000" />
		<option name="TEARLINE_COLOR" value="cef9ff" />
		<option name="WHITESPACES" value="505050" />
	</colors>
	<attributes>
		<option name="ABSTRACT_CLASS_NAME_ATTRIBUTES">
			<value>
				<option name="FOREGROUND" value="678cb1" />
			</value>
		</option>
		<option name="ANNOTATION_NAME_ATTRIBUTES">
			<value>
				<option name="FOREGROUND" value="a082bd" />
			</value>
		</option>
		<option name="ANONYMOUS_CLASS_NAME_ATTRIBUTES">
			<value>
				<option name="FOREGROUND" value="678cb1" />
			</value>
		</option>
		<option name="BAD_CHARACTER">
			<value>
				<option name="FOREGROUND" value="e0e2e4" />
			</value>
		</option>
		<option name="BREAKPOINT_ATTRIBUTES">
			<value>
				<option name="BACKGROUND" value="3a2323" />
			</value>
		</option>
		<option name="Block comment">
			<value>
				<option name="FOREGROUND" value="7d8c93" />
			</value>
		</option>
		<option name="CLASS_NAME_ATTRIBUTES">
			<value>
				<option name="FOREGROUND" value="b6c3d8" />
			</value>
		</option>
		<option name="CONSOLE_BLUE_BRIGHT_OUTPUT">
			<value>
				<option name="FONT_TYPE" value="1" />
				<option name="FOREGROUND" value="5c5cff" />
			</value>
		</option>
		<option name="CONSOLE_BLUE_OUTPUT">
			<value>
				<option name="FOREGROUND" value="5394ec" />
			</value>
		</option>
		<option name="CONSOLE_CYAN_BRIGHT_OUTPUT">
			<value>
				<option name="FONT_TYPE" value="1" />
				<option name="FOREGROUND" value="00ffff" />
			</value>
		</option>
		<option name="CONSOLE_CYAN_OUTPUT">
			<value>
				<option name="FOREGROUND" value="006969" />
			</value>
		</option>
		<option name="CONSOLE_ERROR_OUTPUT">
			<value>
				<option name="FOREGROUND" value="ec7600" />
			</value>
		</option>
		<option name="CONSOLE_GREEN_BRIGHT_OUTPUT">
			<value>
				<option name="FONT_TYPE" value="1" />
				<option name="FOREGROUND" value="00ff00" />
			</value>
		</option>
		<option name="CONSOLE_MAGENTA_BRIGHT_OUTPUT">
			<value>
				<option name="FONT_TYPE" value="1" />
				<option name="FOREGROUND" value="ff00ff" />
			</value>
		</option>
		<option name="CONSOLE_MAGENTA_OUTPUT">
			<value>
				<option name="FOREGROUND" value="983498" />
			</value>
		</option>
		<option name="CONSOLE_NORMAL_OUTPUT">
			<value>
				<option name="FOREGROUND" value="e0e2e4" />
				<option name="BACKGROUND" value="293134" />
			</value>
		</option>
		<option name="CONSOLE_RED_BRIGHT_OUTPUT">
			<value>
				<option name="FONT_TYPE" value="1" />
				<option name="FOREGROUND" value="ff0000" />
			</value>
		</option>
		<option name="CONSOLE_RED_OUTPUT">
			<value>
				<option name="FOREGROUND" value="ff6b68" />
			</value>
		</option>
		<option name="CONSOLE_SYSTEM_OUTPUT">
			<value>
				<option name="FOREGROUND" value="ffcd22" />
			</value>
		</option>
		<option name="CONSOLE_USER_INPUT">
			<value>
				<option name="FOREGROUND" value="7d8c93" />
			</value>
		</option>
		<option name="CONSOLE_WHITE_OUTPUT">
			<value>
				<option name="FONT_TYPE" value="1" />
				<option name="FOREGROUND" value="ffffff" />
			</value>
		</option>
		<option name="CONSOLE_YELLOW_BRIGHT_OUTPUT">
			<value>
				<option name="FONT_TYPE" value="1" />
				<option name="FOREGROUND" value="eaea00" />
			</value>
		</option>
		<option name="CTRL_CLICKABLE">
			<value>
				<option name="FOREGROUND" value="8bc6fe" />
				<option name="EFFECT_TYPE" value="1" />
				<option name="EFFECT_COLOR" value="ffffff" />
			</value>
		</option>
		<option name="CUSTOM_INVALID_STRING_ESCAPE_ATTRIBUTES">
			<value>
				<option name="FOREGROUND" value="e0e2e4" />
			</value>
		</option>
		<option name="CUSTOM_KEYWORD1_ATTRIBUTES">
			<value>
				<option name="FOREGROUND" value="93c763" />
			</value>
		</option>
		<option name="CUSTOM_KEYWORD2_ATTRIBUTES">
			<value>
				<option name="FOREGROUND" value="93c763" />
			</value>
		</option>
		<option name="CUSTOM_KEYWORD3_ATTRIBUTES">
			<value>
				<option name="FOREGROUND" value="93c763" />
			</value>
		</option>
		<option name="CUSTOM_KEYWORD4_ATTRIBUTES">
			<value>
				<option name="FOREGROUND" value="93c763" />
			</value>
		</option>
		<option name="CUSTOM_LINE_COMMENT_ATTRIBUTES">
			<value>
				<option name="FOREGROUND" value="7d8c93" />
			</value>
		</option>
		<option name="CUSTOM_MULTI_LINE_COMMENT_ATTRIBUTES">
			<value>
				<option name="FOREGROUND" value="7d8c93" />
			</value>
		</option>
		<option name="CUSTOM_NUMBER_ATTRIBUTES">
			<value>
				<option name="FOREGROUND" value="ffcd22" />
			</value>
		</option>
		<option name="CUSTOM_STRING_ATTRIBUTES">
			<value>
				<option name="FOREGROUND" value="ec7600" />
			</value>
		</option>
		<option name="CUSTOM_VALID_STRING_ESCAPE_ATTRIBUTES">
			<value>
				<option name="FOREGROUND" value="ffcd22" />
			</value>
		</option>
		<option name="DEFAULT_ATTRIBUTE">
			<value>
				<option name="FOREGROUND" value="e0e2e4" />
			</value>
		</option>
		<option name="DEFAULT_BRACES">
			<value>
				<option name="FOREGROUND" value="e8e2b7" />
			</value>
		</option>
		<option name="DEFAULT_BRACKETS">
			<value>
				<option name="FOREGROUND" value="e8e2b7" />
			</value>
		</option>
		<option name="DEFAULT_CLASS_NAME">
			<value>
				<option name="FOREGROUND" value="74cbff" />
			</value>
		</option>
		<option name="DEFAULT_CLASS_REFERENCE">
			<value>
				<option name="FOREGROUND" value="678cb1" />
			</value>
		</option>
		<option name="DEFAULT_COMMA">
			<value>
				<option name="FOREGROUND" value="e8e2b7" />
			</value>
		</option>
		<option name="DEFAULT_CONSTANT">
			<value>
				<option name="FOREGROUND" value="e0e2e4" />
			</value>
		</option>
		<option name="DEFAULT_DOC_COMMENT">
			<value>
				<option name="FOREGROUND" value="7d8c93" />
			</value>
		</option>
		<option name="DEFAULT_DOC_COMMENT_TAG">
			<value>
				<option name="FOREGROUND" value="e0e2e4" />
			</value>
		</option>
		<option name="DEFAULT_DOC_COMMENT_TAG_VALUE">
			<value>
				<option name="FONT_TYPE" value="3" />
				<option name="FOREGROUND" value="aeaeae" />
			</value>
		</option>
		<option name="DEFAULT_DOC_MARKUP">
			<value>
				<option name="FOREGROUND" value="a082bd" />
			</value>
		</option>
		<option name="DEFAULT_DOT">
			<value>
				<option name="FOREGROUND" value="e8e2b7" />
			</value>
		</option>
		<option name="DEFAULT_ENTITY">
			<value>
				<option name="FOREGROUND" value="ffcd22" />
			</value>
		</option>
		<option name="DEFAULT_FUNCTION_CALL">
			<value>
				<option name="FOREGROUND" value="71c2d6" />
			</value>
		</option>
		<option name="DEFAULT_GLOBAL_VARIABLE">
			<value>
				<option name="FOREGROUND" value="e0e2e4" />
			</value>
		</option>
		<option name="DEFAULT_IDENTIFIER">
			<value>
				<option name="FOREGROUND" value="93c763" />
			</value>
		</option>
		<option name="DEFAULT_INSTANCE_METHOD">
			<value>
				<option name="FOREGROUND" value="71c2d6" />
			</value>
		</option>
		<option name="DEFAULT_INTERFACE_NAME">
			<value>
				<option name="FOREGROUND" value="e49591" />
			</value>
		</option>
		<option name="DEFAULT_INVALID_STRING_ESCAPE">
			<value>
				<option name="FOREGROUND" value="e0e2e4" />
			</value>
		</option>
		<option name="DEFAULT_KEYWORD">
			<value>
				<option name="FONT_TYPE" value="1" />
				<option name="FOREGROUND" value="93c763" />
			</value>
		</option>
		<option name="DEFAULT_LABEL">
			<value>
				<option name="FOREGROUND" value="e0e2e4" />
			</value>
		</option>
		<option name="DEFAULT_LINE_COMMENT">
			<value>
				<option name="FOREGROUND" value="858789" />
			</value>
		</option>
		<option name="DEFAULT_LOCAL_VARIABLE">
			<value>
				<option name="FOREGROUND" value="77bfe4" />
			</value>
		</option>
		<option name="DEFAULT_METADATA">
			<value>
				<option name="FOREGROUND" value="a082bd" />
			</value>
		</option>
		<option name="DEFAULT_NUMBER">
			<value>
				<option name="FOREGROUND" value="ffd953" />
			</value>
		</option>
		<option name="DEFAULT_OPERATION_SIGN">
			<value>
				<option name="FOREGROUND" value="e8e2b7" />
			</value>
		</option>
		<option name="DEFAULT_PARAMETER">
			<value>
				<option name="FOREGROUND" value="9cd9ff" />
			</value>
		</option>
		<option name="DEFAULT_PARENTHS">
			<value>
				<option name="FOREGROUND" value="e8e2b7" />
			</value>
		</option>
		<option name="DEFAULT_PREDEFINED_SYMBOL">
			<value>
				<option name="FOREGROUND" value="a082bd" />
			</value>
		</option>
		<option name="DEFAULT_REASSIGNED_LOCAL_VARIABLE">
			<value>
				<option name="FOREGROUND" value="4480a1" />
				<option name="EFFECT_TYPE" value="1" />
			</value>
		</option>
		<option name="DEFAULT_SEMICOLON">
			<value>
				<option name="FOREGROUND" value="e8e2b7" />
			</value>
		</option>
		<option name="DEFAULT_STATIC_FIELD">
			<value>
				<option name="FOREGROUND" value="82afd6" />
			</value>
		</option>
		<option name="DEFAULT_STATIC_METHOD">
			<value>
				<option name="FOREGROUND" value="71c2d6" />
			</value>
		</option>
		<option name="DEFAULT_STRING">
			<value>
				<option name="FOREGROUND" value="ffeeba" />
			</value>
		</option>
		<option name="DEFAULT_TAG">
			<value>
				<option name="FOREGROUND" value="e8e2b7" />
			</value>
		</option>
		<option name="DEFAULT_TEMPLATE_LANGUAGE_COLOR">
			<value>
				<option name="FOREGROUND" value="e0e2e4" />
			</value>
		</option>
		<option name="DEFAULT_VALID_STRING_ESCAPE">
			<value>
				<option name="FOREGROUND" value="ffcd22" />
			</value>
		</option>
		<option name="DELETED_TEXT_ATTRIBUTES">
			<value>
				<option name="FOREGROUND" value="293134" />
				<option name="BACKGROUND" value="e0e2e4" />
			</value>
		</option>
		<option name="DEPRECATED_ATTRIBUTES">
			<value>
				<option name="FOREGROUND" value="e0e2e4" />
			</value>
		</option>
		<option name="DIFF_CONFLICT">
			<value>
				<option name="BACKGROUND" value="45302b" />
				<option name="ERROR_STRIPE_COLOR" value="8f5247" />
			</value>
		</option>
		<option name="DIFF_DELETED">
			<value>
				<option name="BACKGROUND" value="484a4a" />
				<option name="ERROR_STRIPE_COLOR" value="656e76" />
			</value>
		</option>
		<option name="DIFF_INSERTED">
			<value>
				<option name="BACKGROUND" value="294436" />
				<option name="ERROR_STRIPE_COLOR" value="447152" />
			</value>
		</option>
		<option name="DIFF_MODIFIED">
			<value>
				<option name="BACKGROUND" value="385570" />
				<option name="ERROR_STRIPE_COLOR" value="43698d" />
			</value>
		</option>
		<option name="DOC_COMMENT_TAG_VALUE">
			<value>
				<option name="FOREGROUND" value="a082bd" />
			</value>
		</option>
		<option name="DUPLICATE_FROM_SERVER">
			<value>
				<option name="BACKGROUND" value="5e5339" />
			</value>
		</option>
		<option name="ENUM_NAME_ATTRIBUTES">
			<value>
				<option name="FOREGROUND" value="678cb1" />
			</value>
		</option>
		<option name="ERRORS_ATTRIBUTES">
			<value>
				<option name="ERROR_STRIPE_COLOR" value="bc3f3c" />
				<option name="EFFECT_TYPE" value="2" />
				<option name="EFFECT_COLOR" value="bc3f3c" />
			</value>
		</option>
		<option name="EXECUTIONPOINT_ATTRIBUTES">
			<value>
				<option name="BACKGROUND" value="2d6099" />
			</value>
		</option>
		<option name="FOLDED_TEXT_ATTRIBUTES">
			<value>
				<option name="FOREGROUND" value="e0e2e4" />
				<option name="BACKGROUND" value="3b4b4d" />
			</value>
		</option>
		<option name="FOLLOWED_HYPERLINK_ATTRIBUTES">
			<value>
				<option name="FOREGROUND" value="35bbde" />
				<option name="EFFECT_TYPE" value="1" />
				<option name="EFFECT_COLOR" value="287bde" />
			</value>
		</option>
		<option name="GENERIC_SERVER_ERROR_OR_WARNING">
			<value>
				<option name="ERROR_STRIPE_COLOR" value="f49810" />
				<option name="EFFECT_TYPE" value="1" />
				<option name="EFFECT_COLOR" value="f49810" />
			</value>
		</option>
		<option name="HYPERLINK_ATTRIBUTES">
			<value>
				<option name="FOREGROUND" value="35bbde" />
				<option name="EFFECT_TYPE" value="1" />
				<option name="EFFECT_COLOR" value="287bde" />
			</value>
		</option>
		<option name="IDENTIFIER_UNDER_CARET_ATTRIBUTES">
			<value>
				<option name="FOREGROUND" value="173e4a" />
				<option name="BACKGROUND" value="7499a3" />
				<option name="ERROR_STRIPE_COLOR" value="616161" />
			</value>
		</option>
		<option name="IMPLICIT_ANONYMOUS_CLASS_PARAMETER_ATTRIBUTES">
			<value>
				<option name="FOREGROUND" value="678cb1" />
			</value>
		</option>
		<option name="INFO_ATTRIBUTES">
			<value>
				<option name="ERROR_STRIPE_COLOR" value="aeae80" />
				<option name="EFFECT_TYPE" value="2" />
				<option name="EFFECT_COLOR" value="aeae80" />
			</value>
		</option>
		<option name="INJECTED_LANGUAGE_FRAGMENT">
			<value>
				<option name="FOREGROUND" value="e0e2e4" />
			</value>
		</option>
		<option name="INLINE_PARAMETER_HINT">
			<value>
				<option name="FONT_TYPE" value="1" />
				<option name="FOREGROUND" value="8de8f8" />
				<option name="BACKGROUND" value="5d5d5d" />
			</value>
		</option>
		<option name="INLINE_PARAMETER_HINT_CURRENT">
			<value>
				<option name="FOREGROUND" value="f8f8f8" />
				<option name="BACKGROUND" value="555555" />
			</value>
		</option>
		<option name="INLINE_PARAMETER_HINT_HIGHLIGHTED">
			<value>
				<option name="FOREGROUND" value="e5e5e5" />
				<option name="BACKGROUND" value="555555" />
			</value>
		</option>
		<option name="INSTANCE_FIELD_ATTRIBUTES">
			<value>
				<option name="FOREGROUND" value="678cb1" />
			</value>
		</option>
		<option name="INTERFACE_NAME_ATTRIBUTES">
			<value>
				<option name="FOREGROUND" value="678cb1" />
			</value>
		</option>
		<option name="Instance property reference ID">
			<value>
				<option name="FOREGROUND" value="9876aa" />
			</value>
		</option>
		<option name="KOTLIN_ANNOTATION">
			<value>
				<option name="FOREGROUND" value="12b6a8" />
			</value>
		</option>
		<option name="KOTLIN_BUILTIN_ANNOTATION">
			<value>
				<option name="FONT_TYPE" value="1" />
				<option name="FOREGROUND" value="7fb45a" />
			</value>
		</option>
		<option name="KOTLIN_CLASS">
			<value>
				<option name="FOREGROUND" value="74cbff" />
			</value>
		</option>
		<option name="KOTLIN_LABEL">
			<value>
				<option name="FOREGROUND" value="4f97ff" />
			</value>
		</option>
		<option name="KOTLIN_PARAMETER">
			<value>
				<option name="FOREGROUND" value="ff94cd" />
			</value>
		</option>
		<option name="LOGCAT_ASSERT_OUTPUT">
			<value>
				<option name="FOREGROUND" value="ecea69" />
			</value>
		</option>
		<option name="LOGCAT_DEBUG_OUTPUT">
			<value>
				<option name="FOREGROUND" value="40e46f" />
				<option name="BACKGROUND" value="293134" />
			</value>
		</option>
		<option name="LOGCAT_ERROR_OUTPUT">
			<value>
				<option name="FOREGROUND" value="e26057" />
				<option name="EFFECT_TYPE" value="5" />
			</value>
		</option>
		<option name="LOGCAT_INFO_OUTPUT">
			<value>
				<option name="FOREGROUND" value="5c87e4" />
				<option name="BACKGROUND" value="293134" />
			</value>
		</option>
		<option name="LOG_ERROR_OUTPUT">
			<value>
				<option name="FOREGROUND" value="93c763" />
			</value>
		</option>
		<option name="LOG_EXPIRED_ENTRY">
			<value>
				<option name="FOREGROUND" value="7d8c93" />
			</value>
		</option>
		<option name="LOG_WARNING_OUTPUT">
			<value>
				<option name="FOREGROUND" value="e0e2e4" />
			</value>
		</option>
		<option name="List/map to object conversion">
			<value>
				<option name="FONT_TYPE" value="1" />
				<option name="FOREGROUND" value="589df6" />
				<option name="BACKGROUND" value="2b2b2b" />
				<option name="EFFECT_TYPE" value="5" />
			</value>
		</option>
		<option name="MATCHED_BRACE_ATTRIBUTES">
			<value>
				<option name="FOREGROUND" value="ff8647" />
			</value>
		</option>
		<option name="METHOD_DECLARATION_ATTRIBUTES">
			<value>
				<option name="FOREGROUND" value="678cb1" />
			</value>
		</option>
		<option name="NOT_USED_ELEMENT_ATTRIBUTES">
			<value>
				<option name="EFFECT_TYPE" value="2" />
				<option name="EFFECT_COLOR" value="808080" />
			</value>
		</option>
		<option name="OC$STRUCT_FIELD">
			<value>
				<option name="FOREGROUND" value="d213ef" />
			</value>
		</option>
		<option name="OC$STRUCT_LIKE">
			<value>
				<option name="FOREGROUND" value="00a8a8" />
			</value>
		</option>
		<option name="OC$TYPEDEF">
			<value>
				<option name="FOREGROUND" value="7eaad0" />
			</value>
		</option>
		<option name="PARAMETER_ATTRIBUTES">
			<value>
				<option name="FOREGROUND" value="e0e2e4" />
			</value>
		</option>
		<option name="SEARCH_RESULT_ATTRIBUTES">
			<value>
				<option name="FOREGROUND" value="ffffff" />
				<option name="BACKGROUND" value="943d65" />
			</value>
		</option>
		<option name="STATIC_FIELD_ATTRIBUTES">
			<value>
				<option name="FOREGROUND" value="678cb1" />
			</value>
		</option>
		<option name="STATIC_FINAL_FIELD_ATTRIBUTES">
			<value>
				<option name="FOREGROUND" value="95c5c6" />
			</value>
		</option>
		<option name="STATIC_METHOD_ATTRIBUTES">
			<value>
				<option name="FOREGROUND" value="e0e2e4" />
			</value>
		</option>
		<option name="Static property reference ID">
			<value>
				<option name="FONT_TYPE" value="2" />
				<option name="FOREGROUND" value="d0d0ff" />
				<option name="EFFECT_TYPE" value="1" />
				<option name="EFFECT_COLOR" value="ffffff" />
			</value>
		</option>
		<option name="TEMPLATE_VARIABLE_ATTRIBUTES">
			<value>
				<option name="FOREGROUND" value="e0e2e4" />
			</value>
		</option>
		<option name="TEXT">
			<value>
				<option name="FOREGROUND" value="e0e2e4" />
				<option name="BACKGROUND" value="262426" />
			</value>
		</option>
		<option name="TEXT_SEARCH_RESULT_ATTRIBUTES">
			<value>
				<option name="FOREGROUND" value="ffffff" />
				<option name="BACKGROUND" value="943d65" />
				<option name="ERROR_STRIPE_COLOR" value="616161" />
			</value>
		</option>
		<option name="TODO_DEFAULT_ATTRIBUTES">
			<value>
				<option name="FONT_TYPE" value="2" />
				<option name="FOREGROUND" value="a8c023" />
				<option name="ERROR_STRIPE_COLOR" value="0a74c0" />
			</value>
		</option>
		<option name="TYPE_PARAMETER_NAME_ATTRIBUTES">
			<value>
				<option name="FOREGROUND" value="e0e2e4" />
			</value>
		</option>
		<option name="TYPO">
			<value>
				<option name="EFFECT_TYPE" value="2" />
				<option name="EFFECT_COLOR" value="867f27" />
			</value>
		</option>
		<option name="UNMATCHED_BRACE_ATTRIBUTES">
			<value>
				<option name="FOREGROUND" value="d1243b" />
			</value>
		</option>
		<option name="Unresolved reference access">
			<value>
				<option name="FOREGROUND" value="bbbbbb" />
				<option name="BACKGROUND" value="2b2b2b" />
				<option name="EFFECT_TYPE" value="1" />
				<option name="EFFECT_COLOR" value="808080" />
			</value>
		</option>
		<option name="WARNING_ATTRIBUTES">
			<value>
				<option name="ERROR_STRIPE_COLOR" value="c2c25a" />
				<option name="EFFECT_TYPE" value="2" />
			</value>
		</option>
		<option name="WRITE_IDENTIFIER_UNDER_CARET_ATTRIBUTES">
			<value>
				<option name="FOREGROUND" value="173e4a" />
				<option name="BACKGROUND" value="7499a3" />
				<option name="ERROR_STRIPE_COLOR" value="616161" />
			</value>
		</option>
		<option name="WRITE_SEARCH_RESULT_ATTRIBUTES">
			<value>
				<option name="FOREGROUND" value="ffffff" />
				<option name="BACKGROUND" value="943d65" />
				<option name="ERROR_STRIPE_COLOR" value="616161" />
			</value>
		</option>
		<option name="WRONG_REFERENCES_ATTRIBUTES">
			<value>
				<option name="FOREGROUND" value="bc3f3c" />
			</value>
		</option>
		<option name="XML_TAG_DATA">
			<value>
				<option name="FOREGROUND" value="e0e2e4" />
				<option name="BACKGROUND" value="262426" />
			</value>
		</option>
		<option name="XML_TAG_NAME">
			<value>
				<option name="FONT_TYPE" value="1" />
				<option name="FOREGROUND" value="93c763" />
			</value>
		</option>
	</attributes>
</scheme>