<?xml version="1.0" encoding="UTF-8"?>
<scheme name="CptEric's Swift color scheme" version="1" parent_scheme="Default">
	<option name="LINE_SPACING" value="1.0" />
	<option name="EDITOR_FONT_SIZE" value="12" />
	<option name="EDITOR_FONT_NAME" value="Menlo" />
	<colors>
	</colors>
	<attributes>
		<option name="SWIFT_CLASS_REFERENCE">
			<value>
				<option name="FOREGROUND" value="769aa5" />
				<option name="EFFECT_TYPE" value="4" />
			</value>
		</option>
		<option name="SWIFT_COLON">
			<value>
				<option name="FOREGROUND" value="b53f3c" />
			</value>
		</option>
		<option name="SWIFT_ENUM_VALUE">
			<value>
				<option name="FONT_TYPE" value="2" />
				<option name="FOREGROUND" value="c4c4" />
			</value>
		</option>
		<option name="SWIFT_EXTERNAL_PARAMETER">
			<value>
				<option name="FOREGROUND" value="acc49f" />
			</value>
		</option>
		<option name="SWIFT_FUNCTION">
			<value>
				<option name="FOREGROUND" value="79c1" />
			</value>
		</option>
		<option name="SWIFT_GLOBAL_VARIABLE">
			<value>
				<option name="FOREGROUND" value="8960db" />
			</value>
		</option>
		<option name="SWIFT_LOCAL_VARIABLE">
			<value>
				<option name="FOREGROUND" value="ffffff" />
			</value>
		</option>
		<option name="SWIFT_MODULE_NAME">
			<value>
				<option name="FOREGROUND" value="b55c5e" />
			</value>
		</option>
		<option name="SWIFT_NESTED_FUNCTION">
			<value>
				<option name="FOREGROUND" value="549ac1" />
			</value>
		</option>
		<option name="SWIFT_NUMBER">
			<value>
				<option name="FOREGROUND" value="c4c4" />
			</value>
		</option>
		<option name="SWIFT_PARAMETER">
			<value>
				<option name="FONT_TYPE" value="2" />
				<option name="FOREGROUND" value="7a86ac" />
				<option name="EFFECT_TYPE" value="5" />
			</value>
		</option>
		<option name="SWIFT_SELF_SUPER_KEYWORD">
			<value>
				<option name="FONT_TYPE" value="1" />
				<option name="FOREGROUND" value="f6af00" />
			</value>
		</option>
		<option name="SWIFT_SHEBANG_COMMENT">
			<value>
				<option name="FOREGROUND" value="84be80" />
			</value>
		</option>
		<option name="SWIFT_TYPE_PARAMETER">
			<value>
				<option name="FONT_TYPE" value="1" />
				<option name="FOREGROUND" value="586cbb" />
				<option name="EFFECT_TYPE" value="4" />
			</value>
		</option>
	</attributes>
</scheme>