<?xml version="1.0" encoding="UTF-8"?>
<scheme name="Cylox" version="1" parent_scheme="Default">
	<option name="LINE_SPACING" value="1.0" />
	<option name="EDITOR_FONT_SIZE" value="12" />
	<option name="EDITOR_FONT_NAME" value="Menlo" />
	<colors>
		<option name="WHITESPACES" value="" />
		<option name="TEARLINE_COLOR" value="586e75" />
		<option name="SELECTION_FOREGROUND" value="" />
		<option name="SELECTION_BACKGROUND" value="20253d" />
		<option name="SELECTED_TEARLINE_COLOR" value="839496" />
		<option name="SELECTED_INDENT_GUIDE" value="586e75" />
		<option name="RIGHT_MARGIN_COLOR" value="" />
		<option name="READONLY_FRAGMENT_BACKGROUND" value="" />
		<option name="NOTIFICATION_BACKGROUND" value="fdf6e3" />
		<option name="MODIFIED_LINES_COLOR" value="" />
		<option name="METHOD_SEPARATORS_COLOR" value="73642" />
		<option name="LINE_NUMBERS_COLOR" value="586e75" />
		<option name="INDENT_GUIDE" value="73642" />
		<option name="GUTTER_BACKGROUND" value="73642" />
		<option name="FILESTATUS_modifiedOutside" value="658ae9" />
		<option name="FILESTATUS_NOT_CHANGED_IMMEDIATE" value="56c7e9" />
		<option name="FILESTATUS_MODIFIED" value="778de0" />
		<option name="FILESTATUS_ADDED" value="49a33f" />
		<option name="CONSOLE_BACKGROUND_KEY" value="2b36" />
		<option name="CARET_ROW_COLOR" value="" />
		<option name="CARET_COLOR" value="dc322f" />
		<option name="ANNOTATIONS_MERGED_COLOR" value="" />
		<option name="ANNOTATIONS_COLOR" value="2b36" />
		<option name="ADDED_LINES_COLOR" value="" />
	</colors>
	<attributes>
		<option name="go$variable">
			<value>
				<option name="FOREGROUND" value="808080" />
				<option name="EFFECT_TYPE" value="-1" />
			</value>
		</option>
		<option name="go$type$name">
			<value>
				<option name="FONT_TYPE" value="2" />
				<option name="FOREGROUND" value="d33682" />
				<option name="EFFECT_TYPE" value="-1" />
			</value>
		</option>
		<option name="go$string">
			<value>
				<option name="FOREGROUND" value="2aa198" />
				<option name="EFFECT_TYPE" value="-1" />
			</value>
		</option>
		<option name="go$operators">
			<value>
				<option name="EFFECT_TYPE" value="-1" />
			</value>
		</option>
		<option name="go$line$comment">
			<value>
				<option name="FONT_TYPE" value="2" />
				<option name="FOREGROUND" value="586e75" />
				<option name="EFFECT_TYPE" value="-1" />
			</value>
		</option>
		<option name="go$keyword">
			<value>
				<option name="FOREGROUND" value="b58900" />
				<option name="EFFECT_TYPE" value="-1" />
			</value>
		</option>
		<option name="go$identifier">
			<value>
				<option name="EFFECT_TYPE" value="-1" />
			</value>
		</option>
		<option name="go$brackets">
			<value>
				<option name="EFFECT_TYPE" value="-1" />
			</value>
		</option>
		<option name="go$block$comment">
			<value>
				<option name="FOREGROUND" value="586e75" />
				<option name="EFFECT_TYPE" value="-1" />
			</value>
		</option>
		<option name="XML_TAG_NAME">
			<value>
				<option name="FONT_TYPE" value="1" />
				<option name="FOREGROUND" value="268bd2" />
			</value>
		</option>
		<option name="XML_TAG_DATA">
			<value>
			</value>
		</option>
		<option name="XML_TAG">
			<value>
				<option name="FOREGROUND" value="8eadb6" />
			</value>
		</option>
		<option name="XML_PROLOGUE">
			<value>
				<option name="FONT_TYPE" value="1" />
				<option name="FOREGROUND" value="92a1a1" />
			</value>
		</option>
		<option name="XML_ENTITY_REFERENCE">
			<value>
				<option name="FOREGROUND" value="d43780" />
			</value>
		</option>
		<option name="XML_COMMENT">
			<value>
				<option name="FOREGROUND" value="586e75" />
			</value>
		</option>
		<option name="XML_ATTRIBUTE_VALUE">
			<value>
				<option name="FOREGROUND" value="20be6d" />
			</value>
		</option>
		<option name="XML_ATTRIBUTE_NAME">
			<value>
				<option name="FOREGROUND" value="97b2bb" />
			</value>
		</option>
		<option name="Wrong string literal">
			<value>
				<option name="EFFECT_TYPE" value="2" />
				<option name="EFFECT_COLOR" value="dc322f" />
			</value>
		</option>
		<option name="WRONG_REFERENCES_ATTRIBUTES">
			<value>
				<option name="FOREGROUND" value="dc322f" />
				<option name="EFFECT_TYPE" value="2" />
			</value>
		</option>
		<option name="WRITE_SEARCH_RESULT_ATTRIBUTES">
			<value>
			</value>
		</option>
		<option name="WRITE_IDENTIFIER_UNDER_CARET_ATTRIBUTES">
			<value>
				<option name="FOREGROUND" value="73642" />
				<option name="BACKGROUND" value="ffcce5" />
				<option name="ERROR_STRIPE_COLOR" value="ffcce5" />
			</value>
		</option>
		<option name="WARNING_ATTRIBUTES">
			<value>
				<option name="ERROR_STRIPE_COLOR" value="b58900" />
				<option name="EFFECT_TYPE" value="2" />
				<option name="EFFECT_COLOR" value="b58900" />
			</value>
		</option>
		<option name="Variable use of composed variable like ${A}">
			<value>
				<option name="FOREGROUND" value="cb4b16" />
			</value>
		</option>
		<option name="Variable use of built-in ($PATH, $$$)">
			<value>
				<option name="FOREGROUND" value="cb4b16" />
			</value>
		</option>
		<option name="Variable use $a">
			<value>
				<option name="FOREGROUND" value="cb4b16" />
			</value>
		</option>
		<option name="Variable declaration, e$g$ a=1">
			<value>
				<option name="FOREGROUND" value="2688d1" />
			</value>
		</option>
		<option name="Valid escape in string">
			<value>
				<option name="FONT_TYPE" value="1" />
				<option name="FOREGROUND" value="d43780" />
			</value>
		</option>
		<option name="Unresolved reference access">
			<value>
				<option name="EFFECT_TYPE" value="1" />
				<option name="EFFECT_COLOR" value="808080" />
			</value>
		</option>
		<option name="UNMATCHED_BRACE_ATTRIBUTES">
			<value>
				<option name="FOREGROUND" value="2b36" />
				<option name="BACKGROUND" value="dc322f" />
			</value>
		</option>
		<option name="Type parameter">
			<value>
				<option name="FOREGROUND" value="2688d1" />
			</value>
		</option>
		<option name="Type Alias">
			<value>
				<option name="FOREGROUND" value="2688d1" />
			</value>
		</option>
		<option name="Trait">
			<value>
				<option name="FOREGROUND" value="b58800" />
			</value>
		</option>
		<option name="Template var">
			<value>
				<option name="FONT_TYPE" value="2" />
				<option name="FOREGROUND" value="2aa198" />
			</value>
		</option>
		<option name="Template val">
			<value>
				<option name="FOREGROUND" value="2aa198" />
			</value>
		</option>
		<option name="Template lazy val/var">
			<value>
				<option name="FOREGROUND" value="2aa198" />
			</value>
		</option>
		<option name="TYPO">
			<value>
				<option name="EFFECT_TYPE" value="2" />
				<option name="EFFECT_COLOR" value="859900" />
			</value>
		</option>
		<option name="TYPE_PARAMETER_NAME_ATTRIBUTES">
			<value>
				<option name="FOREGROUND" value="268bd2" />
			</value>
		</option>
		<option name="TYPEDEF">
			<value>
				<option name="FOREGROUND" value="698b00" />
				<option name="EFFECT_TYPE" value="-1" />
			</value>
		</option>
		<option name="TODO_DEFAULT_ATTRIBUTES">
			<value>
				<option name="FONT_TYPE" value="1" />
				<option name="FOREGROUND" value="fc300c" />
				<option name="EFFECT_TYPE" value="5" />
			</value>
		</option>
		<option name="TEXT_SEARCH_RESULT_ATTRIBUTES">
			<value>
				<option name="FOREGROUND" value="2936" />
				<option name="BACKGROUND" value="a39e91" />
			</value>
		</option>
		<option name="TEXT">
			<value>
				<option name="FOREGROUND" value="839496" />
				<option name="BACKGROUND" value="c0f21" />
			</value>
		</option>
		<option name="TEMPLATE_VARIABLE_ATTRIBUTES">
			<value>
				<option name="FONT_TYPE" value="1" />
				<option name="FOREGROUND" value="b58800" />
			</value>
		</option>
		<option name="Subshell command">
			<value>
				<option name="FOREGROUND" value="dc322f" />
			</value>
		</option>
		<option name="String '$$$'">
			<value>
				<option name="FOREGROUND" value="2aa198" />
			</value>
		</option>
		<option name="String "$$$"">
			<value>
				<option name="FOREGROUND" value="2aa198" />
			</value>
		</option>
		<option name="String">
			<value>
				<option name="FOREGROUND" value="2aa198" />
			</value>
		</option>
		<option name="Static property reference ID">
			<value>
				<option name="FOREGROUND" value="d33682" />
			</value>
		</option>
		<option name="Static field">
			<value>
				<option name="FOREGROUND" value="d33682" />
			</value>
		</option>
		<option name="Shebang (#!) comment">
			<value>
				<option name="FONT_TYPE" value="2" />
				<option name="FOREGROUND" value="ede6d3" />
			</value>
		</option>
		<option name="ScalaDoc comment tag">
			<value>
				<option name="FONT_TYPE" value="1" />
				<option name="FOREGROUND" value="859900" />
				<option name="EFFECT_TYPE" value="1" />
				<option name="EFFECT_COLOR" value="73642" />
			</value>
		</option>
		<option name="ScalaDoc comment">
			<value>
				<option name="FONT_TYPE" value="2" />
				<option name="FOREGROUND" value="586e75" />
			</value>
		</option>
		<option name="Scala Valid escape in string">
			<value>
				<option name="FONT_TYPE" value="1" />
				<option name="FOREGROUND" value="6c71c4" />
			</value>
		</option>
		<option name="Scala Type parameter">
			<value>
				<option name="FOREGROUND" value="268bd2" />
			</value>
		</option>
		<option name="Scala Type Alias">
			<value>
				<option name="FOREGROUND" value="cb4b16" />
			</value>
		</option>
		<option name="Scala Trait">
			<value>
				<option name="FOREGROUND" value="b58900" />
			</value>
		</option>
		<option name="Scala Template var">
			<value>
				<option name="FONT_TYPE" value="3" />
				<option name="FOREGROUND" value="839496" />
			</value>
		</option>
		<option name="Scala Template val">
			<value>
				<option name="FONT_TYPE" value="3" />
				<option name="FOREGROUND" value="839496" />
			</value>
		</option>
		<option name="Scala Template lazy val/var">
			<value>
				<option name="FONT_TYPE" value="3" />
				<option name="FOREGROUND" value="839496" />
			</value>
		</option>
		<option name="Scala String">
			<value>
				<option name="FONT_TYPE" value="1" />
				<option name="FOREGROUND" value="2aa198" />
			</value>
		</option>
		<option name="Scala Semicolon">
			<value>
				<option name="FOREGROUND" value="b58900" />
			</value>
		</option>
		<option name="Scala Predefined types">
			<value>
				<option name="FOREGROUND" value="cb4b16" />
			</value>
		</option>
		<option name="Scala Pattern value">
			<value>
				<option name="FOREGROUND" value="d33682" />
			</value>
		</option>
		<option name="Scala Parentheses">
			<value>
				<option name="FOREGROUND" value="839496" />
			</value>
		</option>
		<option name="Scala Parameter">
			<value>
				<option name="FOREGROUND" value="6c71c4" />
			</value>
		</option>
		<option name="Scala Object method call">
			<value>
				<option name="FONT_TYPE" value="2" />
				<option name="FOREGROUND" value="839496" />
			</value>
		</option>
		<option name="Scala Object">
			<value>
				<option name="FOREGROUND" value="839496" />
			</value>
		</option>
		<option name="Scala Number">
			<value>
				<option name="FOREGROUND" value="2aa198" />
			</value>
		</option>
		<option name="Scala Method declaration">
			<value>
				<option name="FOREGROUND" value="268bd2" />
			</value>
		</option>
		<option name="Scala Local variable">
			<value>
				<option name="FOREGROUND" value="839496" />
			</value>
		</option>
		<option name="Scala Local value">
			<value>
				<option name="FOREGROUND" value="839496" />
			</value>
		</option>
		<option name="Scala Local method call">
			<value>
				<option name="FOREGROUND" value="839496" />
			</value>
		</option>
		<option name="Scala Local lazy val/var">
			<value>
				<option name="FOREGROUND" value="6c71c4" />
			</value>
		</option>
		<option name="Scala Line comment">
			<value>
				<option name="FONT_TYPE" value="2" />
				<option name="FOREGROUND" value="586e75" />
			</value>
		</option>
		<option name="Scala Keyword">
			<value>
				<option name="FONT_TYPE" value="1" />
				<option name="FOREGROUND" value="93a1a1" />
			</value>
		</option>
		<option name="Scala Invalid escape in string">
			<value>
				<option name="FOREGROUND" value="d33682" />
			</value>
		</option>
		<option name="Scala Dot">
			<value>
				<option name="FOREGROUND" value="839496" />
			</value>
		</option>
		<option name="Scala Comma">
			<value>
				<option name="FOREGROUND" value="839496" />
			</value>
		</option>
		<option name="Scala Colon">
			<value>
				<option name="FOREGROUND" value="839496" />
			</value>
		</option>
		<option name="Scala Class method call">
			<value>
				<option name="FOREGROUND" value="268bd2" />
			</value>
		</option>
		<option name="Scala Class">
			<value>
				<option name="FOREGROUND" value="b58900" />
			</value>
		</option>
		<option name="Scala Brackets">
			<value>
				<option name="FOREGROUND" value="839496" />
			</value>
		</option>
		<option name="Scala Braces">
			<value>
				<option name="FOREGROUND" value="839496" />
			</value>
		</option>
		<option name="Scala Block comment">
			<value>
				<option name="FONT_TYPE" value="2" />
				<option name="FOREGROUND" value="586e75" />
			</value>
		</option>
		<option name="Scala Bad character">
			<value>
				<option name="FOREGROUND" value="d33682" />
			</value>
		</option>
		<option name="Scala Assign">
			<value>
				<option name="FOREGROUND" value="839496" />
			</value>
		</option>
		<option name="Scala Annotation name">
			<value>
				<option name="FOREGROUND" value="859900" />
				<option name="EFFECT_TYPE" value="1" />
			</value>
		</option>
		<option name="Scala Annotation attribute name">
			<value>
				<option name="FOREGROUND" value="839496" />
			</value>
		</option>
		<option name="Scala Abstract class">
			<value>
				<option name="FOREGROUND" value="b58900" />
			</value>
		</option>
		<option name="STRUCT_LIKE">
			<value>
				<option name="FOREGROUND" value="8080" />
				<option name="EFFECT_TYPE" value="-1" />
			</value>
		</option>
		<option name="STATIC_METHOD_ATTRIBUTES">
			<value>
			</value>
		</option>
		<option name="STATIC_FIELD_ATTRIBUTES">
			<value>
				<option name="FOREGROUND" value="d33682" />
			</value>
		</option>
		<option name="SEARCH_RESULT_ATTRIBUTES">
			<value>
				<option name="FOREGROUND" value="2936" />
				<option name="BACKGROUND" value="a5a362" />
				<option name="EFFECT_TYPE" value="1" />
			</value>
		</option>
		<option name="SCOPE_KEY_svnPlugins">
			<value>
			</value>
		</option>
		<option name="SCOPE_KEY_runtime$classes">
			<value>
			</value>
		</option>
		<option name="SCOPE_KEY_psi">
			<value>
			</value>
		</option>
		<option name="SCOPE_KEY_platform API">
			<value>
			</value>
		</option>
		<option name="SCOPE_KEY_junit 4 features">
			<value>
			</value>
		</option>
		<option name="SCOPE_KEY_javascript">
			<value>
			</value>
		</option>
		<option name="SCOPE_KEY_idea openapi">
			<value>
			</value>
		</option>
		<option name="SCOPE_KEY_everywhere except junit4">
			<value>
			</value>
		</option>
		<option name="SCOPE_KEY_everywhere except JavaEE">
			<value>
			</value>
		</option>
		<option name="SCOPE_KEY_copyright">
			<value>
			</value>
		</option>
		<option name="SCOPE_KEY_community">
			<value>
			</value>
		</option>
		<option name="SCOPE_KEY_Weblogic sources">
			<value>
			</value>
		</option>
		<option name="SCOPE_KEY_Tests">
			<value>
			</value>
		</option>
		<option name="SCOPE_KEY_Ruby">
			<value>
			</value>
		</option>
		<option name="SCOPE_KEY_Project Files">
			<value>
			</value>
		</option>
		<option name="SCOPE_KEY_Production">
			<value>
			</value>
		</option>
		<option name="SCOPE_KEY_Problems">
			<value>
			</value>
		</option>
		<option name="SCOPE_KEY_Non-Project Files">
			<value>
			</value>
		</option>
		<option name="SCOPE_KEY_JavaEE openapi">
			<value>
			</value>
		</option>
		<option name="SCOPE_KEY_JDK">
			<value>
			</value>
		</option>
		<option name="SCOPE_KEY_IDEA sources">
			<value>
			</value>
		</option>
		<option name="SCOPE_KEY_IDEA Test Sources">
			<value>
			</value>
		</option>
		<option name="SCOPE_KEY_Default">
			<value>
			</value>
		</option>
		<option name="SCOPE_KEY_Changed Files">
			<value>
			</value>
		</option>
		<option name="SCOPE_KEY_CVS plugin">
			<value>
			</value>
		</option>
		<option name="SCOPE_KEY_CIDR">
			<value>
			</value>
		</option>
		<option name="SCOPE_KEY_All">
			<value>
			</value>
		</option>
		<option name="SASS_VARIABLE">
			<value>
				<option name="FOREGROUND" value="6c71c4" />
			</value>
		</option>
		<option name="SASS_STRING">
			<value>
			</value>
		</option>
		<option name="SASS_RULE">
			<value>
				<option name="FOREGROUND" value="cb4b16" />
			</value>
		</option>
		<option name="SASS_NUMBER">
			<value>
				<option name="FOREGROUND" value="2aa198" />
			</value>
		</option>
		<option name="SASS_MIXIN">
			<value>
				<option name="FOREGROUND" value="dc322f" />
			</value>
		</option>
		<option name="SASS_DIRECTIVE">
			<value>
				<option name="FONT_TYPE" value="1" />
				<option name="FOREGROUND" value="dc322f" />
			</value>
		</option>
		<option name="SASS_CONSTANT">
			<value>
				<option name="FOREGROUND" value="6c71c4" />
			</value>
		</option>
		<option name="SASS_COMMENT">
			<value>
				<option name="FOREGROUND" value="586e75" />
			</value>
		</option>
		<option name="SASS_ATTRIBUTE">
			<value>
				<option name="FOREGROUND" value="b58900" />
			</value>
		</option>
		<option name="Regular expression">
			<value>
				<option name="FONT_TYPE" value="1" />
				<option name="FOREGROUND" value="2aa198" />
			</value>
		</option>
		<option name="RUBY_WORDS">
			<value>
				<option name="FONT_TYPE" value="2" />
			</value>
		</option>
		<option name="RUBY_SYMBOL">
			<value>
				<option name="FOREGROUND" value="dc322f" />
			</value>
		</option>
		<option name="RUBY_STRING">
			<value>
			</value>
		</option>
		<option name="RUBY_SPECIFIC_CALL">
			<value>
				<option name="FONT_TYPE" value="1" />
				<option name="FOREGROUND" value="b58900" />
			</value>
		</option>
		<option name="RUBY_SEMICOLON">
			<value>
				<option name="FOREGROUND" value="268bd2" />
			</value>
		</option>
		<option name="RUBY_REGEXP">
			<value>
				<option name="EFFECT_TYPE" value="5" />
				<option name="EFFECT_COLOR" value="ffffff" />
			</value>
		</option>
		<option name="RUBY_PARENTHESES">
			<value>
				<option name="FOREGROUND" value="268bd2" />
			</value>
		</option>
		<option name="RUBY_PARAMETER_ID">
			<value>
			</value>
		</option>
		<option name="RUBY_PARAMDEF_CALL">
			<value>
				<option name="FONT_TYPE" value="2" />
				<option name="FOREGROUND" value="b58916" />
			</value>
		</option>
		<option name="RUBY_NUMBER">
			<value>
				<option name="FOREGROUND" value="cb4b16" />
			</value>
		</option>
		<option name="RUBY_NTH_REF">
			<value>
				<option name="FOREGROUND" value="ffffff" />
				<option name="BACKGROUND" value="dc322f" />
			</value>
		</option>
		<option name="RUBY_METHOD_NAME">
			<value>
				<option name="FONT_TYPE" value="1" />
				<option name="FOREGROUND" value="cb4b16" />
			</value>
		</option>
		<option name="RUBY_LOCAL_VAR_ID">
			<value>
				<option name="FOREGROUND" value="6c71c4" />
			</value>
		</option>
		<option name="RUBY_LINE_CONTINUATION">
			<value>
				<option name="EFFECT_TYPE" value="1" />
				<option name="EFFECT_COLOR" value="657b83" />
			</value>
		</option>
		<option name="RUBY_KEYWORD">
			<value>
				<option name="FOREGROUND" value="b58900" />
			</value>
		</option>
		<option name="RUBY_IVAR">
			<value>
				<option name="FONT_TYPE" value="1" />
				<option name="FOREGROUND" value="6c71c4" />
			</value>
		</option>
		<option name="RUBY_INVALID_ESCAPE_SEQUENCE">
			<value>
				<option name="FOREGROUND" value="dc322f" />
			</value>
		</option>
		<option name="RUBY_IDENTIFIER">
			<value>
				<option name="FOREGROUND" value="cb4b16" />
			</value>
		</option>
		<option name="RUBY_HEREDOC_ID">
			<value>
				<option name="FONT_TYPE" value="1" />
				<option name="EFFECT_COLOR" value="0" />
			</value>
		</option>
		<option name="RUBY_HEREDOC_CONTENT">
			<value>
				<option name="FOREGROUND" value="297bde" />
			</value>
		</option>
		<option name="RUBY_HASH_ASSOC">
			<value>
				<option name="FOREGROUND" value="268bd2" />
			</value>
		</option>
		<option name="RUBY_GVAR">
			<value>
				<option name="FONT_TYPE" value="1" />
				<option name="FOREGROUND" value="6c71c4" />
				<option name="EFFECT_COLOR" value="6c71c4" />
			</value>
		</option>
		<option name="RUBY_EXPR_IN_STRING">
			<value>
				<option name="FOREGROUND" value="73642" />
				<option name="BACKGROUND" value="93a1a1" />
			</value>
		</option>
		<option name="RUBY_ESCAPE_SEQUENCE">
			<value>
				<option name="FOREGROUND" value="dc322f" />
			</value>
		</option>
		<option name="RUBY_CVAR">
			<value>
				<option name="FONT_TYPE" value="2" />
				<option name="FOREGROUND" value="6c71c4" />
			</value>
		</option>
		<option name="RUBY_CONSTANT">
			<value>
				<option name="FOREGROUND" value="859900" />
			</value>
		</option>
		<option name="RUBY_COMMENT">
			<value>
				<option name="FOREGROUND" value="586e75" />
				<option name="EFFECT_TYPE" value="2" />
			</value>
		</option>
		<option name="RUBY_BRACKETS">
			<value>
				<option name="FOREGROUND" value="268bd2" />
			</value>
		</option>
		<option name="RUBY_BRACES">
			<value>
				<option name="FOREGROUND" value="268bd2" />
			</value>
		</option>
		<option name="RUBY_BAD_CHARACTER">
			<value>
				<option name="BACKGROUND" value="dc322f" />
			</value>
		</option>
		<option name="REGEXP$REDUNDANT_ESCAPE">
			<value>
				<option name="FOREGROUND" value="dc322f" />
			</value>
		</option>
		<option name="REGEXP$QUOTE_CHARACTER">
			<value>
				<option name="FOREGROUND" value="b58800" />
			</value>
		</option>
		<option name="REGEXP$PARENTHS">
			<value>
				<option name="FOREGROUND" value="e8bf6a" />
			</value>
		</option>
		<option name="REGEXP$META">
			<value>
				<option name="FOREGROUND" value="2aa198" />
			</value>
		</option>
		<option name="REGEXP$INVALID_STRING_ESCAPE">
			<value>
				<option name="EFFECT_TYPE" value="2" />
				<option name="EFFECT_COLOR" value="db312e" />
			</value>
		</option>
		<option name="REGEXP$ESC_CHARACTER">
			<value>
				<option name="FOREGROUND" value="d43780" />
			</value>
		</option>
		<option name="REGEXP$COMMENT">
			<value>
				<option name="FOREGROUND" value="586e75" />
				<option name="EFFECT_TYPE" value="1" />
			</value>
		</option>
		<option name="REGEXP$CHAR_CLASS">
			<value>
				<option name="FOREGROUND" value="cb4b16" />
			</value>
		</option>
		<option name="REGEXP$BRACKETS">
			<value>
				<option name="FOREGROUND" value="e8bf6a" />
			</value>
		</option>
		<option name="REGEXP$BRACES">
			<value>
				<option name="FOREGROUND" value="e8bf6a" />
			</value>
		</option>
		<option name="REGEXP$BAD_CHARACTER">
			<value>
				<option name="EFFECT_TYPE" value="2" />
				<option name="EFFECT_COLOR" value="db312e" />
			</value>
		</option>
		<option name="REASSIGNED_PARAMETER_ATTRIBUTES">
			<value>
				<option name="EFFECT_TYPE" value="1" />
				<option name="EFFECT_COLOR" value="ffffff" />
			</value>
		</option>
		<option name="Predefined types">
			<value>
				<option name="FONT_TYPE" value="1" />
				<option name="FOREGROUND" value="2688d1" />
			</value>
		</option>
		<option name="Parenthesis">
			<value>
				<option name="FOREGROUND" value="859900" />
			</value>
		</option>
		<option name="PY$VALID_STRING_ESCAPE">
			<value>
				<option name="FOREGROUND" value="d33682" />
			</value>
		</option>
		<option name="PY$STRING">
			<value>
				<option name="FOREGROUND" value="2aa198" />
			</value>
		</option>
		<option name="PY$PREDEFINED_USAGE">
			<value>
				<option name="FOREGROUND" value="268bd2" />
				<option name="EFFECT_TYPE" value="-1" />
			</value>
		</option>
		<option name="PY$PREDEFINED_DEFINITION">
			<value>
				<option name="FOREGROUND" value="268bd2" />
				<option name="EFFECT_TYPE" value="-1" />
			</value>
		</option>
		<option name="PY$NUMBER">
			<value>
				<option name="FOREGROUND" value="2aa198" />
			</value>
		</option>
		<option name="PY$LINE_COMMENT">
			<value>
				<option name="FONT_TYPE" value="2" />
				<option name="FOREGROUND" value="586e75" />
			</value>
		</option>
		<option name="PY$KEYWORD">
			<value>
				<option name="FOREGROUND" value="859900" />
			</value>
		</option>
		<option name="PY$INVALID_STRING_ESCAPE">
			<value>
				<option name="FOREGROUND" value="d33682" />
				<option name="EFFECT_TYPE" value="2" />
				<option name="EFFECT_COLOR" value="ffffff" />
			</value>
		</option>
		<option name="PY$FUNC_DEFINITION">
			<value>
				<option name="FOREGROUND" value="268bd2" />
				<option name="EFFECT_TYPE" value="-1" />
			</value>
		</option>
		<option name="PY$DOC_COMMENT">
			<value>
				<option name="FONT_TYPE" value="2" />
				<option name="FOREGROUND" value="586e75" />
			</value>
		</option>
		<option name="PY$DECORATOR">
			<value>
				<option name="FOREGROUND" value="268bd2" />
				<option name="EFFECT_TYPE" value="-1" />
			</value>
		</option>
		<option name="PY$CLASS_DEFINITION">
			<value>
				<option name="FOREGROUND" value="268bd2" />
				<option name="EFFECT_TYPE" value="-1" />
			</value>
		</option>
		<option name="PY$BUILTIN_NAME">
			<value>
				<option name="FOREGROUND" value="268bd2" />
				<option name="EFFECT_TYPE" value="-1" />
			</value>
		</option>
		<option name="PROTOCOL_REFERENCE">
			<value>
				<option name="FOREGROUND" value="50861a" />
				<option name="EFFECT_TYPE" value="-1" />
			</value>
		</option>
		<option name="PROPERTY_ATTRIBUTE">
			<value>
				<option name="EFFECT_TYPE" value="-1" />
			</value>
		</option>
		<option name="PROPERTIES$VALUE">
			<value>
				<option name="FOREGROUND" value="849900" />
			</value>
		</option>
		<option name="PROPERTIES$VALID_STRING_ESCAPE">
			<value>
				<option name="FOREGROUND" value="d43780" />
			</value>
		</option>
		<option name="PROPERTIES$LINE_COMMENT">
			<value>
				<option name="FOREGROUND" value="586e75" />
			</value>
		</option>
		<option name="PROPERTIES$KEY">
			<value>
				<option name="FOREGROUND" value="2688d1" />
				<option name="EFFECT_TYPE" value="1" />
			</value>
		</option>
		<option name="PROPERTIES$INVALID_STRING_ESCAPE">
			<value>
				<option name="EFFECT_TYPE" value="2" />
				<option name="EFFECT_COLOR" value="db312e" />
			</value>
		</option>
		<option name="PHP_VAR">
			<value>
				<option name="FOREGROUND" value="268bd2" />
			</value>
		</option>
		<option name="PHP_TAG">
			<value>
				<option name="FOREGROUND" value="dc322f" />
			</value>
		</option>
		<option name="PHP_STRING">
			<value>
				<option name="FOREGROUND" value="2aa198" />
			</value>
		</option>
		<option name="PHP_SCRIPTING_BACKGROUND">
			<value>
			</value>
		</option>
		<option name="PHP_PREDEFINED SYMBOL">
			<value>
				<option name="FOREGROUND" value="dc322f" />
			</value>
		</option>
		<option name="PHP_OPERATION_SIGN">
			<value>
				<option name="FOREGROUND" value="859900" />
			</value>
		</option>
		<option name="PHP_NUMBER">
			<value>
				<option name="FOREGROUND" value="2aa198" />
			</value>
		</option>
		<option name="PHP_KEYWORD">
			<value>
				<option name="FOREGROUND" value="859900" />
			</value>
		</option>
		<option name="PHP_EXEC_COMMAND_ID">
			<value>
				<option name="FOREGROUND" value="859900" />
			</value>
		</option>
		<option name="PHP_ESCAPE_SEQUENCE">
			<value>
				<option name="FONT_TYPE" value="1" />
				<option name="FOREGROUND" value="d33682" />
				<option name="EFFECT_TYPE" value="1" />
			</value>
		</option>
		<option name="PHP_DOC_TAG">
			<value>
				<option name="FONT_TYPE" value="1" />
				<option name="EFFECT_TYPE" value="1" />
				<option name="EFFECT_COLOR" value="586e75" />
			</value>
		</option>
		<option name="PHP_DOC_COMMENT_ID">
			<value>
				<option name="FONT_TYPE" value="2" />
				<option name="FOREGROUND" value="586e75" />
			</value>
		</option>
		<option name="PHP_CONSTANT">
			<value>
				<option name="FONT_TYPE" value="2" />
				<option name="FOREGROUND" value="2aa198" />
			</value>
		</option>
		<option name="PHP_COMMENT">
			<value>
				<option name="FONT_TYPE" value="2" />
				<option name="FOREGROUND" value="586e75" />
			</value>
		</option>
		<option name="PHP_BRACKETS">
			<value>
				<option name="FOREGROUND" value="dc322f" />
			</value>
		</option>
		<option name="Object">
			<value>
				<option name="FOREGROUND" value="b58800" />
			</value>
		</option>
		<option name="OVERLOADED_OPERATOR">
			<value>
				<option name="FOREGROUND" value="8080" />
				<option name="EFFECT_TYPE" value="-1" />
			</value>
		</option>
		<option name="OC_FORMAT_TOKEN">
			<value>
				<option name="FONT_TYPE" value="1" />
				<option name="FOREGROUND" value="cc311e" />
			</value>
		</option>
		<option name="OC$VALID_STRING_ESCAPE">
			<value>
				<option name="FOREGROUND" value="b0a51a" />
			</value>
		</option>
		<option name="OC$STRUCT_FIELD">
			<value>
				<option name="FOREGROUND" value="545ab9" />
				<option name="EFFECT_TYPE" value="-1" />
			</value>
		</option>
		<option name="OC$STRING">
			<value>
				<option name="FOREGROUND" value="ad3e11" />
			</value>
		</option>
		<option name="OC$SELFSUPERTHIS">
			<value>
				<option name="FOREGROUND" value="b97300" />
			</value>
		</option>
		<option name="OC$PROPERTY">
			<value>
				<option name="FONT_TYPE" value="2" />
				<option name="FOREGROUND" value="8447b9" />
				<option name="EFFECT_TYPE" value="-1" />
			</value>
		</option>
		<option name="OC$PARAMETER">
			<value>
				<option name="FOREGROUND" value="a6a45f" />
				<option name="EFFECT_TYPE" value="-1" />
			</value>
		</option>
		<option name="OC$NUMBER">
			<value>
				<option name="FOREGROUND" value="e66262" />
			</value>
		</option>
		<option name="OC$LOCAL_VARIABLE">
			<value>
				<option name="EFFECT_TYPE" value="-1" />
			</value>
		</option>
		<option name="OC$LINE_COMMENT">
			<value>
				<option name="FOREGROUND" value="75712" />
			</value>
		</option>
		<option name="OC$KEYWORD">
			<value>
				<option name="FOREGROUND" value="b97300" />
			</value>
		</option>
		<option name="OC$GLOBAL_VARIABLE">
			<value>
				<option name="FONT_TYPE" value="3" />
				<option name="EFFECT_TYPE" value="-1" />
			</value>
		</option>
		<option name="OC$FUNCTION">
			<value>
				<option name="EFFECT_TYPE" value="-1" />
			</value>
		</option>
		<option name="OC$DIRECTIVE">
			<value>
				<option name="FOREGROUND" value="af250b" />
				<option name="EFFECT_TYPE" value="-1" />
			</value>
		</option>
		<option name="OC$CPP_KEYWORD">
			<value>
				<option name="FOREGROUND" value="b97300" />
			</value>
		</option>
		<option name="OC$BLOCK_COMMENT">
			<value>
				<option name="FOREGROUND" value="75712" />
			</value>
		</option>
		<option name="Number">
			<value>
				<option name="FOREGROUND" value="cb4b16" />
			</value>
		</option>
		<option name="NOT_USED_ELEMENT_ATTRIBUTES">
			<value>
				<option name="FONT_TYPE" value="2" />
				<option name="FOREGROUND" value="586e75" />
				<option name="EFFECT_TYPE" value="2" />
				<option name="EFFECT_COLOR" value="586e75" />
			</value>
		</option>
		<option name="Map key">
			<value>
				<option name="FOREGROUND" value="859900" />
			</value>
		</option>
		<option name="MESSAGE_ARGUMENT">
			<value>
				<option name="FONT_TYPE" value="2" />
				<option name="FOREGROUND" value="418a8f" />
				<option name="EFFECT_TYPE" value="-1" />
			</value>
		</option>
		<option name="MATCHED_BRACE_ATTRIBUTES">
			<value>
				<option name="FOREGROUND" value="2b36" />
				<option name="BACKGROUND" value="596b00" />
			</value>
		</option>
		<option name="MARKDOWN$LINK">
			<value>
				<option name="FOREGROUND" value="268bd2" />
				<option name="EFFECT_TYPE" value="-1" />
			</value>
		</option>
		<option name="MARKDOWN$ITALIC_TEXT">
			<value>
				<option name="FONT_TYPE" value="2" />
				<option name="EFFECT_TYPE" value="-1" />
			</value>
		</option>
		<option name="MARKDOWN$IMAGE">
			<value>
				<option name="FOREGROUND" value="859900" />
				<option name="EFFECT_TYPE" value="-1" />
			</value>
		</option>
		<option name="MARKDOWN$HEADER_LEVEL_6">
			<value>
				<option name="FONT_TYPE" value="1" />
				<option name="FOREGROUND" value="b58900" />
			</value>
		</option>
		<option name="MARKDOWN$HEADER_LEVEL_5">
			<value>
				<option name="FONT_TYPE" value="1" />
				<option name="FOREGROUND" value="b58900" />
			</value>
		</option>
		<option name="MARKDOWN$HEADER_LEVEL_4">
			<value>
				<option name="FONT_TYPE" value="1" />
				<option name="FOREGROUND" value="b58900" />
			</value>
		</option>
		<option name="MARKDOWN$HEADER_LEVEL_3">
			<value>
				<option name="FONT_TYPE" value="1" />
				<option name="FOREGROUND" value="b58900" />
			</value>
		</option>
		<option name="MARKDOWN$HEADER_LEVEL_2">
			<value>
				<option name="FONT_TYPE" value="1" />
				<option name="FOREGROUND" value="b58900" />
			</value>
		</option>
		<option name="MARKDOWN$HEADER_LEVEL_1">
			<value>
				<option name="FONT_TYPE" value="1" />
				<option name="FOREGROUND" value="b58900" />
			</value>
		</option>
		<option name="MARKDOWN$CODE_BLOCK">
			<value>
				<option name="FOREGROUND" value="cb4b16" />
				<option name="EFFECT_TYPE" value="-1" />
			</value>
		</option>
		<option name="MARKDOWN$BOLD_TEXT">
			<value>
				<option name="FONT_TYPE" value="1" />
				<option name="EFFECT_TYPE" value="-1" />
			</value>
		</option>
		<option name="MACRO_PARAMETER">
			<value>
				<option name="FONT_TYPE" value="1" />
				<option name="EFFECT_TYPE" value="-1" />
			</value>
		</option>
		<option name="MACRONAME">
			<value>
				<option name="FOREGROUND" value="207515" />
				<option name="EFFECT_TYPE" value="-1" />
			</value>
		</option>
		<option name="Local variable">
			<value>
				<option name="FONT_TYPE" value="2" />
				<option name="FOREGROUND" value="2aa198" />
			</value>
		</option>
		<option name="Local value">
			<value>
				<option name="FOREGROUND" value="2aa198" />
			</value>
		</option>
		<option name="Local lazy val/var">
			<value>
				<option name="FOREGROUND" value="2aa198" />
			</value>
		</option>
		<option name="List/map to object conversion">
			<value>
				<option name="FONT_TYPE" value="1" />
				<option name="FOREGROUND" value="268bd2" />
			</value>
		</option>
		<option name="Line comment">
			<value>
				<option name="FONT_TYPE" value="2" />
				<option name="FOREGROUND" value="586e75" />
			</value>
		</option>
		<option name="LOG_WARNING_OUTPUT">
			<value>
				<option name="FOREGROUND" value="ffa500" />
			</value>
		</option>
		<option name="LOG_EXPIRED_ENTRY">
			<value>
				<option name="FOREGROUND" value="555555" />
			</value>
		</option>
		<option name="LOG_ERROR_OUTPUT">
			<value>
				<option name="FOREGROUND" value="ff0000" />
			</value>
		</option>
		<option name="LIVE_TEMPLATE_ATTRIBUTES">
			<value>
				<option name="EFFECT_COLOR" value="ff0000" />
			</value>
		</option>
		<option name="LINE_PARTIAL_COVERAGE">
			<value>
				<option name="FONT_TYPE" value="1" />
				<option name="FOREGROUND" value="ffffcc" />
			</value>
		</option>
		<option name="LINE_NONE_COVERAGE">
			<value>
				<option name="FONT_TYPE" value="1" />
				<option name="FOREGROUND" value="ffcccc" />
			</value>
		</option>
		<option name="LINE_FULL_COVERAGE">
			<value>
				<option name="FONT_TYPE" value="1" />
				<option name="FOREGROUND" value="ccffcc" />
			</value>
		</option>
		<option name="LABEL">
			<value>
				<option name="FONT_TYPE" value="2" />
				<option name="FOREGROUND" value="47ada8" />
				<option name="EFFECT_TYPE" value="-1" />
			</value>
		</option>
		<option name="Keyword">
			<value>
				<option name="FOREGROUND" value="859900" />
			</value>
		</option>
		<option name="JS$STRING">
			<value>
				<option name="FOREGROUND" value="2aa198" />
				<option name="EFFECT_TYPE" value="2" />
			</value>
		</option>
		<option name="JS$SEMICOLON">
			<value>
				<option name="FOREGROUND" value="b58900" />
			</value>
		</option>
		<option name="JS$REGEXP">
			<value>
				<option name="FOREGROUND" value="2aa198" />
				<option name="EFFECT_TYPE" value="-1" />
			</value>
		</option>
		<option name="JS$PARAMETER">
			<value>
				<option name="FOREGROUND" value="b58900" />
				<option name="EFFECT_TYPE" value="1" />
			</value>
		</option>
		<option name="JS$OPERATION_SIGN">
			<value>
				<option name="FOREGROUND" value="b58900" />
			</value>
		</option>
		<option name="JS$NUMBER">
			<value>
				<option name="FOREGROUND" value="93a1a1" />
			</value>
		</option>
		<option name="JS$LOCAL_VARIABLE">
			<value>
				<option name="FOREGROUND" value="b58900" />
				<option name="EFFECT_TYPE" value="-1" />
			</value>
		</option>
		<option name="JS$LINE_COMMENT">
			<value>
				<option name="FONT_TYPE" value="2" />
				<option name="FOREGROUND" value="586e75" />
			</value>
		</option>
		<option name="JS$KEYWORD">
			<value>
				<option name="FOREGROUND" value="268bd2" />
			</value>
		</option>
		<option name="JS$INSTANCE_MEMBER_VARIABLE">
			<value>
				<option name="FONT_TYPE" value="1" />
				<option name="FOREGROUND" value="b58900" />
			</value>
		</option>
		<option name="JS$INSTANCE_MEMBER_FUNCTION">
			<value>
				<option name="FOREGROUND" value="b58900" />
				<option name="EFFECT_TYPE" value="-1" />
			</value>
		</option>
		<option name="JS$GLOBAL_VARIABLE">
			<value>
				<option name="FOREGROUND" value="b58900" />
			</value>
		</option>
		<option name="JS$GLOBAL_FUNCTION">
			<value>
				<option name="FOREGROUND" value="b58900" />
			</value>
		</option>
		<option name="JS$DOC_COMMENT">
			<value>
				<option name="FONT_TYPE" value="2" />
				<option name="FOREGROUND" value="586e75" />
			</value>
		</option>
		<option name="JS$BRACKETS">
			<value>
				<option name="FOREGROUND" value="268bd2" />
			</value>
		</option>
		<option name="JS$BRACES">
			<value>
				<option name="FOREGROUND" value="268bd2" />
			</value>
		</option>
		<option name="JS$BLOCK_COMMENT">
			<value>
				<option name="FONT_TYPE" value="2" />
				<option name="FOREGROUND" value="586e75" />
			</value>
		</option>
		<option name="JAVA_VALID_STRING_ESCAPE">
			<value>
				<option name="FOREGROUND" value="859900" />
			</value>
		</option>
		<option name="JAVA_STRING">
			<value>
				<option name="FOREGROUND" value="2aa198" />
			</value>
		</option>
		<option name="JAVA_NUMBER">
			<value>
				<option name="FOREGROUND" value="cb4b16" />
			</value>
		</option>
		<option name="JAVA_LINE_COMMENT">
			<value>
				<option name="FONT_TYPE" value="2" />
				<option name="FOREGROUND" value="586e75" />
			</value>
		</option>
		<option name="JAVA_KEYWORD">
			<value>
				<option name="FOREGROUND" value="b58900" />
			</value>
		</option>
		<option name="JAVA_INVALID_STRING_ESCAPE">
			<value>
				<option name="FOREGROUND" value="dc322f" />
			</value>
		</option>
		<option name="JAVA_DOC_MARKUP">
			<value>
			</value>
		</option>
		<option name="JAVA_DOC_COMMENT">
			<value>
				<option name="FOREGROUND" value="dc322f" />
			</value>
		</option>
		<option name="JAVA_BLOCK_COMMENT">
			<value>
				<option name="FOREGROUND" value="586e75" />
			</value>
		</option>
		<option name="Invalid escape in string">
			<value>
				<option name="FOREGROUND" value="d43780" />
				<option name="EFFECT_TYPE" value="2" />
				<option name="EFFECT_COLOR" value="db312e" />
			</value>
		</option>
		<option name="Instance property reference ID">
			<value>
				<option name="FOREGROUND" value="6c71c4" />
			</value>
		</option>
		<option name="Instance field">
			<value>
				<option name="FOREGROUND" value="6c71c4" />
			</value>
		</option>
		<option name="IVAR">
			<value>
				<option name="FOREGROUND" value="459029" />
				<option name="EFFECT_TYPE" value="-1" />
			</value>
		</option>
		<option name="INSTANCE_FIELD_ATTRIBUTES">
			<value>
				<option name="FOREGROUND" value="6c71c4" />
			</value>
		</option>
		<option name="INJECTED_LANGUAGE_FRAGMENT">
			<value>
				<option name="BACKGROUND" value="73642" />
			</value>
		</option>
		<option name="INFO_ATTRIBUTES">
			<value>
				<option name="ERROR_STRIPE_COLOR" value="b58900" />
				<option name="EFFECT_TYPE" value="5" />
				<option name="EFFECT_COLOR" value="b58900" />
			</value>
		</option>
		<option name="IMPLICIT_ANONYMOUS_CLASS_PARAMETER_ATTRIBUTES">
			<value>
			</value>
		</option>
		<option name="IDENTIFIER_UNDER_CARET_ATTRIBUTES">
			<value>
				<option name="FOREGROUND" value="73642" />
				<option name="BACKGROUND" value="ccccff" />
			</value>
		</option>
		<option name="Here-document start marker">
			<value>
				<option name="FOREGROUND" value="2aa198" />
			</value>
		</option>
		<option name="Here-document end marker">
			<value>
				<option name="FOREGROUND" value="2aa198" />
			</value>
		</option>
		<option name="Here-document">
			<value>
			</value>
		</option>
		<option name="HYPERLINK_ATTRIBUTES">
			<value>
				<option name="FOREGROUND" value="2688d1" />
				<option name="EFFECT_TYPE" value="1" />
			</value>
		</option>
		<option name="HTML_TAG_NAME">
			<value>
				<option name="FONT_TYPE" value="1" />
				<option name="FOREGROUND" value="268bd2" />
			</value>
		</option>
		<option name="HTML_TAG">
			<value>
				<option name="FOREGROUND" value="586e75" />
			</value>
		</option>
		<option name="HTML_ENTITY_REFERENCE">
			<value>
				<option name="FONT_TYPE" value="1" />
				<option name="FOREGROUND" value="657b83" />
			</value>
		</option>
		<option name="HTML_COMMENT">
			<value>
				<option name="FOREGROUND" value="586e75" />
			</value>
		</option>
		<option name="HTML_ATTRIBUTE_VALUE">
			<value>
				<option name="FOREGROUND" value="2aa198" />
			</value>
		</option>
		<option name="HTML_ATTRIBUTE_NAME">
			<value>
				<option name="FONT_TYPE" value="1" />
				<option name="FOREGROUND" value="657b83" />
			</value>
		</option>
		<option name="HAML_XHTML">
			<value>
				<option name="FOREGROUND" value="83ba0d" />
			</value>
		</option>
		<option name="HAML_TEXT">
			<value>
				<option name="FOREGROUND" value="268bd2" />
			</value>
		</option>
		<option name="HAML_TAG">
			<value>
				<option name="FOREGROUND" value="b58900" />
			</value>
		</option>
		<option name="HAML_RUBY_START">
			<value>
				<option name="FOREGROUND" value="d33682" />
			</value>
		</option>
		<option name="HAML_RUBY_CODE">
			<value>
			</value>
		</option>
		<option name="HAML_LINE_CONTINUATION">
			<value>
				<option name="FOREGROUND" value="268bd2" />
			</value>
		</option>
		<option name="HAML_ID">
			<value>
				<option name="FOREGROUND" value="cb4b16" />
			</value>
		</option>
		<option name="HAML_FILTER_CONTENT">
			<value>
				<option name="FOREGROUND" value="93a1a1" />
				<option name="BACKGROUND" value="73642" />
			</value>
		</option>
		<option name="HAML_FILTER">
			<value>
				<option name="FOREGROUND" value="dc322f" />
			</value>
		</option>
		<option name="HAML_COMMENT">
			<value>
				<option name="FOREGROUND" value="586e75" />
			</value>
		</option>
		<option name="HAML_CLASS">
			<value>
				<option name="FONT_TYPE" value="2" />
				<option name="FOREGROUND" value="cb4b16" />
			</value>
		</option>
		<option name="Groovydoc tag">
			<value>
				<option name="EFFECT_TYPE" value="1" />
			</value>
		</option>
		<option name="Groovydoc comment">
			<value>
				<option name="FOREGROUND" value="dc322f" />
			</value>
		</option>
		<option name="GString">
			<value>
				<option name="FOREGROUND" value="2aa198" />
			</value>
		</option>
		<option name="GROOVY_KEYWORD">
			<value>
				<option name="FOREGROUND" value="b58900" />
			</value>
		</option>
		<option name="GENERIC_SERVER_ERROR_OR_WARNING">
			<value>
				<option name="EFFECT_TYPE" value="2" />
				<option name="EFFECT_COLOR" value="dc322f" />
			</value>
		</option>
		<option name="Function call">
			<value>
			</value>
		</option>
		<option name="FOLLOWED_HYPERLINK_ATTRIBUTES">
			<value>
				<option name="FOREGROUND" value="2688d1" />
				<option name="EFFECT_TYPE" value="1" />
			</value>
		</option>
		<option name="FOLDED_TEXT_ATTRIBUTES">
			<value>
				<option name="FOREGROUND" value="586e75" />
				<option name="BACKGROUND" value="73642" />
				<option name="EFFECT_TYPE" value="1" />
			</value>
		</option>
		<option name="External command">
			<value>
			</value>
		</option>
		<option name="EXECUTIONPOINT_ATTRIBUTES">
			<value>
				<option name="FOREGROUND" value="ffffff" />
				<option name="BACKGROUND" value="ff" />
				<option name="ERROR_STRIPE_COLOR" value="ff" />
			</value>
		</option>
		<option name="ERRORS_ATTRIBUTES">
			<value>
				<option name="ERROR_STRIPE_COLOR" value="db312e" />
				<option name="EFFECT_TYPE" value="2" />
				<option name="EFFECT_COLOR" value="db312e" />
			</value>
		</option>
		<option name="ENUM_CONST">
			<value>
				<option name="FOREGROUND" value="5773bd" />
				<option name="EFFECT_TYPE" value="-1" />
			</value>
		</option>
		<option name="DUPLICATE_FROM_SERVER">
			<value>
			</value>
		</option>
		<option name="DIFF_MODIFIED">
			<value>
				<option name="BACKGROUND" value="83f4d" />
				<option name="ERROR_STRIPE_COLOR" value="99ccff" />
			</value>
		</option>
		<option name="DIFF_INSERTED">
			<value>
				<option name="BACKGROUND" value="424d00" />
				<option name="ERROR_STRIPE_COLOR" value="99ff99" />
			</value>
		</option>
		<option name="DIFF_DELETED">
			<value>
				<option name="BACKGROUND" value="4d1d08" />
				<option name="ERROR_STRIPE_COLOR" value="4d1d08" />
			</value>
		</option>
		<option name="DIFF_CONFLICT">
			<value>
				<option name="BACKGROUND" value="800b09" />
				<option name="ERROR_STRIPE_COLOR" value="dc322f" />
			</value>
		</option>
		<option name="DEPRECATED_ATTRIBUTES">
			<value>
				<option name="EFFECT_TYPE" value="3" />
				<option name="EFFECT_COLOR" value="586e75" />
			</value>
		</option>
		<option name="DELETED_TEXT_ATTRIBUTES">
			<value>
				<option name="FOREGROUND" value="c3c3c3" />
				<option name="BACKGROUND" value="f0f0f0" />
				<option name="EFFECT_TYPE" value="1" />
			</value>
		</option>
		<option name="DEFAULT_VALID_STRING_ESCAPE">
			<value>
				<option name="FONT_TYPE" value="1" />
				<option name="FOREGROUND" value="bc8a26" />
			</value>
		</option>
		<option name="DEFAULT_STRING">
			<value>
				<option name="FONT_TYPE" value="1" />
				<option name="FOREGROUND" value="8000" />
			</value>
		</option>
		<option name="DEFAULT_STATIC_METHOD">
			<value>
				<option name="FOREGROUND" value="6a4ab9" />
				<option name="BACKGROUND" value="c0f21" />
			</value>
		</option>
		<option name="DEFAULT_SEMICOLON">
			<value>
				<option name="FOREGROUND" value="cc7832" />
			</value>
		</option>
		<option name="DEFAULT_PARENTHS">
			<value>
			</value>
		</option>
		<option name="DEFAULT_OPERATION_SIGN">
			<value>
			</value>
		</option>
		<option name="DEFAULT_NUMBER">
			<value>
				<option name="FOREGROUND" value="ff" />
			</value>
		</option>
		<option name="DEFAULT_LOCAL_VARIABLE">
			<value>
				<option name="FOREGROUND" value="4f7696" />
				<option name="BACKGROUND" value="c0f21" />
			</value>
		</option>
		<option name="DEFAULT_LINE_COMMENT">
			<value>
				<option name="FONT_TYPE" value="2" />
				<option name="FOREGROUND" value="248044" />
			</value>
		</option>
		<option name="DEFAULT_KEYWORD">
			<value>
				<option name="FONT_TYPE" value="1" />
				<option name="FOREGROUND" value="314780" />
			</value>
		</option>
		<option name="DEFAULT_INVALID_STRING_ESCAPE">
			<value>
				<option name="FOREGROUND" value="8000" />
				<option name="BACKGROUND" value="ffcccc" />
			</value>
		</option>
		<option name="DEFAULT_INSTANCE_METHOD">
			<value>
				<option name="FOREGROUND" value="6a4ab9" />
				<option name="BACKGROUND" value="c0f21" />
			</value>
		</option>
		<option name="DEFAULT_GLOBAL_VARIABLE">
			<value>
				<option name="FOREGROUND" value="595996" />
				<option name="BACKGROUND" value="c0f21" />
			</value>
		</option>
		<option name="DEFAULT_FUNCTION_CALL">
			<value>
				<option name="FOREGROUND" value="236b96" />
				<option name="BACKGROUND" value="c0f21" />
			</value>
		</option>
		<option name="DEFAULT_DOT">
			<value>
			</value>
		</option>
		<option name="DEFAULT_DOC_MARKUP">
			<value>
				<option name="BACKGROUND" value="e2ffe2" />
			</value>
		</option>
		<option name="DEFAULT_DOC_COMMENT_TAG">
			<value>
				<option name="FONT_TYPE" value="1" />
				<option name="EFFECT_TYPE" value="1" />
				<option name="EFFECT_COLOR" value="808080" />
			</value>
		</option>
		<option name="DEFAULT_DOC_COMMENT">
			<value>
				<option name="FONT_TYPE" value="2" />
				<option name="FOREGROUND" value="248044" />
			</value>
		</option>
		<option name="DEFAULT_COMMA">
			<value>
				<option name="FOREGROUND" value="cc7832" />
			</value>
		</option>
		<option name="DEFAULT_CLASS_NAME">
			<value>
				<option name="FOREGROUND" value="6a4ab9" />
				<option name="BACKGROUND" value="c0f21" />
			</value>
		</option>
		<option name="DEFAULT_BRACKETS">
			<value>
			</value>
		</option>
		<option name="DEFAULT_BRACES">
			<value>
			</value>
		</option>
		<option name="DEFAULT_BLOCK_COMMENT">
			<value>
				<option name="FONT_TYPE" value="2" />
				<option name="FOREGROUND" value="248044" />
			</value>
		</option>
		<option name="CUSTOM_VALID_STRING_ESCAPE_ATTRIBUTES">
			<value>
				<option name="FOREGROUND" value="859900" />
			</value>
		</option>
		<option name="CUSTOM_STRING_ATTRIBUTES">
			<value>
				<option name="FOREGROUND" value="2aa198" />
			</value>
		</option>
		<option name="CUSTOM_NUMBER_ATTRIBUTES">
			<value>
				<option name="FOREGROUND" value="cb4b16" />
			</value>
		</option>
		<option name="CUSTOM_MULTI_LINE_COMMENT_ATTRIBUTES">
			<value>
				<option name="FONT_TYPE" value="2" />
				<option name="FOREGROUND" value="586e75" />
			</value>
		</option>
		<option name="CUSTOM_LINE_COMMENT_ATTRIBUTES">
			<value>
				<option name="FONT_TYPE" value="2" />
				<option name="FOREGROUND" value="586e75" />
			</value>
		</option>
		<option name="CUSTOM_KEYWORD4_ATTRIBUTES">
			<value>
				<option name="FOREGROUND" value="dc322f" />
			</value>
		</option>
		<option name="CUSTOM_KEYWORD3_ATTRIBUTES">
			<value>
				<option name="FOREGROUND" value="2aa198" />
			</value>
		</option>
		<option name="CUSTOM_KEYWORD2_ATTRIBUTES">
			<value>
			</value>
		</option>
		<option name="CUSTOM_KEYWORD1_ATTRIBUTES">
			<value>
				<option name="FOREGROUND" value="b58900" />
			</value>
		</option>
		<option name="CUSTOM_INVALID_STRING_ESCAPE_ATTRIBUTES">
			<value>
				<option name="FOREGROUND" value="dc322f" />
			</value>
		</option>
		<option name="CTRL_CLICKABLE">
			<value>
				<option name="FOREGROUND" value="ff" />
				<option name="EFFECT_TYPE" value="1" />
				<option name="EFFECT_COLOR" value="ff" />
			</value>
		</option>
		<option name="CSS$URL">
			<value>
				<option name="FOREGROUND" value="2aa198" />
			</value>
		</option>
		<option name="CSS$TAG_NAME">
			<value>
				<option name="FOREGROUND" value="859900" />
			</value>
		</option>
		<option name="CSS$STRING">
			<value>
				<option name="FOREGROUND" value="2aa198" />
			</value>
		</option>
		<option name="CSS$PROPERTY_VALUE">
			<value>
				<option name="FOREGROUND" value="2aa198" />
			</value>
		</option>
		<option name="CSS$PROPERTY_NAME">
			<value>
				<option name="FOREGROUND" value="b58900" />
			</value>
		</option>
		<option name="CSS$NUMBER">
			<value>
				<option name="FOREGROUND" value="2aa198" />
			</value>
		</option>
		<option name="CSS$KEYWORD">
			<value>
				<option name="FOREGROUND" value="859900" />
				<option name="EFFECT_TYPE" value="1" />
			</value>
		</option>
		<option name="CSS$IDENT">
			<value>
				<option name="FOREGROUND" value="859900" />
			</value>
		</option>
		<option name="CSS$FUNCTION">
			<value>
				<option name="FOREGROUND" value="2aa198" />
			</value>
		</option>
		<option name="CSS$COMMENT">
			<value>
				<option name="FONT_TYPE" value="2" />
				<option name="FOREGROUND" value="586e75" />
			</value>
		</option>
		<option name="CONSOLE_USER_INPUT">
			<value>
				<option name="FONT_TYPE" value="2" />
				<option name="FOREGROUND" value="859900" />
			</value>
		</option>
		<option name="CONSOLE_SYSTEM_OUTPUT">
			<value>
				<option name="FOREGROUND" value="93a1a1" />
			</value>
		</option>
		<option name="CONSOLE_NORMAL_OUTPUT">
			<value>
				<option name="FOREGROUND" value="839496" />
			</value>
		</option>
		<option name="CONSOLE_ERROR_OUTPUT">
			<value>
				<option name="FOREGROUND" value="dc322f" />
			</value>
		</option>
		<option name="CONDITIONALLY_NOT_COMPILED">
			<value>
				<option name="FOREGROUND" value="38492e" />
				<option name="EFFECT_TYPE" value="-1" />
			</value>
		</option>
		<option name="COFFEESCRIPT$STRING">
			<value>
				<option name="FOREGROUND" value="2aa198" />
			</value>
		</option>
		<option name="COFFEESCRIPT$SEMICOLON">
			<value>
				<option name="FOREGROUND" value="b58900" />
			</value>
		</option>
		<option name="COFFEESCRIPT$REGULAR_EXPRESSION_ID">
			<value>
				<option name="FOREGROUND" value="2aa198" />
			</value>
		</option>
		<option name="COFFEESCRIPT$REGULAR_EXPRESSION_CONTENT">
			<value>
				<option name="FOREGROUND" value="2aa198" />
			</value>
		</option>
		<option name="COFFEESCRIPT$OPERATIONS">
			<value>
				<option name="FOREGROUND" value="b58900" />
			</value>
		</option>
		<option name="COFFEESCRIPT$OBJECT_KEY">
			<value>
				<option name="FONT_TYPE" value="1" />
				<option name="FOREGROUND" value="b58900" />
			</value>
		</option>
		<option name="COFFEESCRIPT$NUMBER">
			<value>
				<option name="FOREGROUND" value="93a1a1" />
			</value>
		</option>
		<option name="COFFEESCRIPT$LINE_COMMENT">
			<value>
				<option name="FONT_TYPE" value="2" />
				<option name="FOREGROUND" value="586e75" />
			</value>
		</option>
		<option name="COFFEESCRIPT$KEYWORD">
			<value>
				<option name="FOREGROUND" value="268bd2" />
			</value>
		</option>
		<option name="COFFEESCRIPT$IDENTIFIER">
			<value>
				<option name="FOREGROUND" value="b58900" />
			</value>
		</option>
		<option name="COFFEESCRIPT$FUNCTION_NAME">
			<value>
				<option name="FOREGROUND" value="b48900" />
			</value>
		</option>
		<option name="COFFEESCRIPT$ESCAPE_SEQUENCE">
			<value>
				<option name="FONT_TYPE" value="1" />
				<option name="FOREGROUND" value="2aa198" />
			</value>
		</option>
		<option name="COFFEESCRIPT$BRACKET">
			<value>
				<option name="FOREGROUND" value="268bd2" />
			</value>
		</option>
		<option name="COFFEESCRIPT$BRACE">
			<value>
				<option name="FOREGROUND" value="268bd2" />
			</value>
		</option>
		<option name="COFFEESCRIPT$BOOLEAN">
			<value>
				<option name="FOREGROUND" value="268bd2" />
			</value>
		</option>
		<option name="COFFEESCRIPT$BLOCK_COMMENT">
			<value>
				<option name="FONT_TYPE" value="2" />
				<option name="FOREGROUND" value="586e75" />
			</value>
		</option>
		<option name="CLASS_REFERENCE">
			<value>
				<option name="FOREGROUND" value="d5297" />
				<option name="EFFECT_TYPE" value="-1" />
			</value>
		</option>
		<option name="Build-in Bash command">
			<value>
				<option name="FOREGROUND" value="859900" />
			</value>
		</option>
		<option name="Block comment">
			<value>
				<option name="FONT_TYPE" value="2" />
				<option name="FOREGROUND" value="586e75" />
			</value>
		</option>
		<option name="Bad character">
			<value>
				<option name="EFFECT_TYPE" value="2" />
				<option name="EFFECT_COLOR" value="dc322f" />
			</value>
		</option>
		<option name="BREAKPOINT_ATTRIBUTES">
			<value>
				<option name="BACKGROUND" value="73642" />
			</value>
		</option>
		<option name="BAD_CHARACTER">
			<value>
				<option name="EFFECT_TYPE" value="2" />
				<option name="EFFECT_COLOR" value="dc322f" />
			</value>
		</option>
		<option name="Annotation name">
			<value>
				<option name="FOREGROUND" value="6c6fc4" />
				<option name="EFFECT_TYPE" value="1" />
			</value>
		</option>
		<option name="Annotation">
			<value>
				<option name="FOREGROUND" value="859900" />
				<option name="EFFECT_TYPE" value="1" />
			</value>
		</option>
		<option name="Abstract class">
			<value>
				<option name="FONT_TYPE" value="2" />
				<option name="FOREGROUND" value="b58800" />
			</value>
		</option>
		<option name="ANNOTATION_NAME_ATTRIBUTES">
			<value>
				<option name="FOREGROUND" value="859900" />
				<option name="EFFECT_TYPE" value="1" />
			</value>
		</option>
	</attributes>
</scheme>