<?xml version="1.0" encoding="UTF-8"?>
<scheme name="Dark Knight 2" version="1" parent_scheme="Default">
	<option name="LINE_SPACING" value="1.0" />
	<option name="EDITOR_FONT_SIZE" value="12" />
	<option name="EDITOR_FONT_NAME" value="Menlo" />
	<colors>
		<option name="SELECTION_FOREGROUND" value="10101" />
		<option name="SELECTION_BACKGROUND" value="ffd967" />
		<option name="SELECTED_FOLDING_TREE_COLOR" value="ffffff" />
		<option name="RIGHT_MARGIN_COLOR" value="d1622" />
		<option name="READONLY_FRAGMENT_BACKGROUND" value="" />
		<option name="MODIFIED_LINES_COLOR" value="808080" />
		<option name="METHOD_SEPARATORS_COLOR" value="202020" />
		<option name="LINE_NUMBERS_COLOR" value="333333" />
		<option name="FOLDING_TREE_COLOR" value="ffffff" />
		<option name="FILESTATUS_MODIFIED" value="7266cc" />
		<option name="CARET_ROW_COLOR" value="" />
		<option name="CARET_COLOR" value="fbf4ff" />
		<option name="ANNOTATIONS_COLOR" value="ff" />
	</colors>
	<attributes>
		<option name="YAML_SCALAR_VALUE4">
			<value>
				<option name="FOREGROUND" value="e8d3d3" />
			</value>
		</option>
		<option name="YAML_SCALAR_VALUE">
			<value>
			</value>
		</option>
		<option name="YAML_SCALAR_STRING">
			<value>
				<option name="FONT_TYPE" value="1" />
				<option name="FOREGROUND" value="99ff99" />
			</value>
		</option>
		<option name="YAML_SCALAR_LIST">
			<value>
				<option name="FOREGROUND" value="dae9f6" />
			</value>
		</option>
		<option name="YAML_SCALAR_KEY">
			<value>
				<option name="FONT_TYPE" value="1" />
				<option name="FOREGROUND" value="99ff" />
			</value>
		</option>
		<option name="YAML_SCALAR_DSTRING">
			<value>
				<option name="FONT_TYPE" value="1" />
				<option name="FOREGROUND" value="99ff99" />
			</value>
		</option>
		<option name="XPATH$XPATH_VARIABLE">
			<value>
				<option name="FONT_TYPE" value="1" />
				<option name="FOREGROUND" value="aa14c7" />
			</value>
		</option>
		<option name="XPATH$STRING">
			<value>
				<option name="FOREGROUND" value="99ff99" />
			</value>
		</option>
		<option name="XPATH$NUMBER">
			<value>
				<option name="FOREGROUND" value="99ff00" />
			</value>
		</option>
		<option name="XPATH$KEYWORD">
			<value>
				<option name="FOREGROUND" value="99ff" />
			</value>
		</option>
		<option name="XML_TAG_NAME">
			<value>
				<option name="FONT_TYPE" value="1" />
				<option name="FOREGROUND" value="71ff8b" />
			</value>
		</option>
		<option name="XML_TAG_DATA">
			<value>
				<option name="FOREGROUND" value="bac5e0" />
			</value>
		</option>
		<option name="XML_TAG">
			<value>
				<option name="FOREGROUND" value="fbf4ff" />
			</value>
		</option>
		<option name="XML_ENTITY_REFERENCE">
			<value>
				<option name="FOREGROUND" value="285fc" />
			</value>
		</option>
		<option name="XML_COMMENT">
			<value>
				<option name="FONT_TYPE" value="2" />
				<option name="FOREGROUND" value="a6a684" />
			</value>
		</option>
		<option name="XML_ATTRIBUTE_VALUE">
			<value>
				<option name="FOREGROUND" value="c0cbe6" />
			</value>
		</option>
		<option name="XML_ATTRIBUTE_NAME">
			<value>
				<option name="FONT_TYPE" value="2" />
				<option name="FOREGROUND" value="ffffff" />
			</value>
		</option>
		<option name="WRONG_REFERENCES_ATTRIBUTES">
			<value>
				<option name="FOREGROUND" value="ff881d" />
			</value>
		</option>
		<option name="WRITE_SEARCH_RESULT_ATTRIBUTES">
			<value>
				<option name="FONT_TYPE" value="1" />
				<option name="FOREGROUND" value="c93018" />
				<option name="BACKGROUND" value="bac5e0" />
				<option name="EFFECT_COLOR" value="808080" />
			</value>
		</option>
		<option name="WRITE_IDENTIFIER_UNDER_CARET_ATTRIBUTES">
			<value>
				<option name="FONT_TYPE" value="1" />
				<option name="FOREGROUND" value="10101" />
				<option name="BACKGROUND" value="ffe4ff" />
				<option name="ERROR_STRIPE_COLOR" value="ffcdff" />
			</value>
		</option>
		<option name="WARNING_ATTRIBUTES">
			<value>
				<option name="ERROR_STRIPE_COLOR" value="ffff00" />
				<option name="EFFECT_TYPE" value="2" />
				<option name="EFFECT_COLOR" value="ffff00" />
			</value>
		</option>
		<option name="VELOCITY_STRING">
			<value>
				<option name="FOREGROUND" value="99ff99" />
			</value>
		</option>
		<option name="VELOCITY_REFERENCE">
			<value>
				<option name="FONT_TYPE" value="1" />
				<option name="FOREGROUND" value="ffcc33" />
			</value>
		</option>
		<option name="VELOCITY_NUMBER">
			<value>
				<option name="FOREGROUND" value="99ff00" />
			</value>
		</option>
		<option name="VELOCITY_KEYWORD">
			<value>
				<option name="FOREGROUND" value="99ff" />
			</value>
		</option>
		<option name="VELOCITY_DIRECTIVE">
			<value>
			</value>
		</option>
		<option name="VELOCITY_COMMENT">
			<value>
				<option name="FONT_TYPE" value="2" />
				<option name="FOREGROUND" value="a6a684" />
			</value>
		</option>
		<option name="Untyped member access">
			<value>
				<option name="EFFECT_TYPE" value="1" />
				<option name="EFFECT_COLOR" value="ff0000" />
			</value>
		</option>
		<option name="TYPO">
			<value>
				<option name="EFFECT_TYPE" value="2" />
			</value>
		</option>
		<option name="TEXT_SEARCH_RESULT_ATTRIBUTES">
			<value>
				<option name="ERROR_STRIPE_COLOR" value="ff0000" />
			</value>
		</option>
		<option name="TEXT">
			<value>
				<option name="FOREGROUND" value="ffffff" />
				<option name="BACKGROUND" value="d1622" />
				<option name="EFFECT_TYPE" value="2" />
			</value>
		</option>
		<option name="String">
			<value>
				<option name="FOREGROUND" value="99ff99" />
			</value>
		</option>
		<option name="Static field">
			<value>
				<option name="FONT_TYPE" value="2" />
				<option name="FOREGROUND" value="ff00" />
			</value>
		</option>
		<option name="STATIC_FIELD_ATTRIBUTES">
			<value>
				<option name="FONT_TYPE" value="2" />
				<option name="FOREGROUND" value="8642ff" />
			</value>
		</option>
		<option name="SQL_TABLE">
			<value>
				<option name="FONT_TYPE" value="2" />
				<option name="FOREGROUND" value="eddd3d" />
			</value>
		</option>
		<option name="SQL_STRING">
			<value>
				<option name="FOREGROUND" value="99ff99" />
			</value>
		</option>
		<option name="SQL_PROCEDURE">
			<value>
				<option name="FONT_TYPE" value="2" />
				<option name="FOREGROUND" value="ffffff" />
			</value>
		</option>
		<option name="SQL_PARAMETER">
			<value>
				<option name="FONT_TYPE" value="2" />
				<option name="FOREGROUND" value="8aa6c1" />
			</value>
		</option>
		<option name="SQL_NUMBER">
			<value>
				<option name="FOREGROUND" value="99ff00" />
			</value>
		</option>
		<option name="SQL_KEYWORD">
			<value>
				<option name="FOREGROUND" value="99ff" />
			</value>
		</option>
		<option name="SQL_IDENT_DELIMITED">
			<value>
				<option name="FOREGROUND" value="ffffff" />
				<option name="EFFECT_TYPE" value="2" />
			</value>
		</option>
		<option name="SQL_IDENT">
			<value>
				<option name="FOREGROUND" value="ffffff" />
				<option name="EFFECT_TYPE" value="2" />
			</value>
		</option>
		<option name="SQL_COMMENT">
			<value>
				<option name="FONT_TYPE" value="2" />
				<option name="FOREGROUND" value="a6a684" />
			</value>
		</option>
		<option name="SQL_COLUMN">
			<value>
				<option name="FONT_TYPE" value="1" />
				<option name="FOREGROUND" value="ffcc29" />
			</value>
		</option>
		<option name="SEARCH_RESULT_ATTRIBUTES">
			<value>
				<option name="FONT_TYPE" value="1" />
				<option name="FOREGROUND" value="10101" />
				<option name="BACKGROUND" value="ffe5aa" />
			</value>
		</option>
		<option name="SCOPE_KEY_ignore-on-commit">
			<value>
			</value>
		</option>
		<option name="SCOPE_KEY_Tests">
			<value>
			</value>
		</option>
		<option name="SCOPE_KEY_Project Files">
			<value>
			</value>
		</option>
		<option name="SCOPE_KEY_Production">
			<value>
			</value>
		</option>
		<option name="SCOPE_KEY_Problems">
			<value>
			</value>
		</option>
		<option name="SCOPE_KEY_Non-Project Files">
			<value>
			</value>
		</option>
		<option name="SCOPE_KEY_Default">
			<value>
			</value>
		</option>
		<option name="SCOPE_KEY_Changed Files">
			<value>
			</value>
		</option>
		<option name="SCOPE_KEY_All">
			<value>
			</value>
		</option>
		<option name="Regular expression">
			<value>
				<option name="FOREGROUND" value="9933cc" />
			</value>
		</option>
		<option name="RUBY_WORDS">
			<value>
				<option name="FONT_TYPE" value="1" />
				<option name="FOREGROUND" value="99ff99" />
			</value>
		</option>
		<option name="RUBY_SYMBOL">
			<value>
				<option name="FONT_TYPE" value="2" />
				<option name="FOREGROUND" value="ccff66" />
			</value>
		</option>
		<option name="RUBY_STRING">
			<value>
				<option name="FONT_TYPE" value="2" />
				<option name="FOREGROUND" value="99ff99" />
			</value>
		</option>
		<option name="RUBY_SEMICOLON">
			<value>
			</value>
		</option>
		<option name="RUBY_REQUIRE_ARG_CALL">
			<value>
				<option name="FONT_TYPE" value="3" />
			</value>
		</option>
		<option name="RUBY_REGEXP">
			<value>
				<option name="FONT_TYPE" value="1" />
				<option name="FOREGROUND" value="9933cc" />
			</value>
		</option>
		<option name="RUBY_PUBLIC_CALL">
			<value>
				<option name="FONT_TYPE" value="1" />
			</value>
		</option>
		<option name="RUBY_PROTECTED_CALL">
			<value>
				<option name="FONT_TYPE" value="1" />
			</value>
		</option>
		<option name="RUBY_PRIVATE_CALL">
			<value>
				<option name="FONT_TYPE" value="1" />
			</value>
		</option>
		<option name="RUBY_PARAMETER_ID">
			<value>
				<option name="FONT_TYPE" value="2" />
				<option name="FOREGROUND" value="8aa6c1" />
				<option name="EFFECT_TYPE" value="2" />
			</value>
		</option>
		<option name="RUBY_OPERATION_SIGN">
			<value>
				<option name="FOREGROUND" value="ffccff" />
			</value>
		</option>
		<option name="RUBY_NUMBER">
			<value>
				<option name="FOREGROUND" value="99ff00" />
			</value>
		</option>
		<option name="RUBY_NTH_REF">
			<value>
				<option name="FONT_TYPE" value="1" />
				<option name="FOREGROUND" value="99ff" />
			</value>
		</option>
		<option name="RUBY_METHOD_NAME">
			<value>
				<option name="FONT_TYPE" value="2" />
				<option name="FOREGROUND" value="99ff" />
				<option name="EFFECT_TYPE" value="2" />
			</value>
		</option>
		<option name="RUBY_LOCAL_VAR_ID">
			<value>
				<option name="FOREGROUND" value="ffffff" />
			</value>
		</option>
		<option name="RUBY_LINE_CONTINUATION">
			<value>
				<option name="BACKGROUND" value="666666" />
			</value>
		</option>
		<option name="RUBY_KEYWORD">
			<value>
				<option name="FOREGROUND" value="99ff" />
			</value>
		</option>
		<option name="RUBY_IVAR">
			<value>
				<option name="FONT_TYPE" value="1" />
				<option name="FOREGROUND" value="ffcc33" />
			</value>
		</option>
		<option name="RUBY_INVALID_ESCAPE_SEQUENCE">
			<value>
				<option name="FOREGROUND" value="ffcdcd" />
				<option name="ERROR_STRIPE_COLOR" value="ff0000" />
			</value>
		</option>
		<option name="RUBY_IMPORT_CALL">
			<value>
				<option name="FONT_TYPE" value="1" />
			</value>
		</option>
		<option name="RUBY_IDENTIFIER">
			<value>
				<option name="FOREGROUND" value="99ccff" />
			</value>
		</option>
		<option name="RUBY_HEREDOC_ID">
			<value>
				<option name="FONT_TYPE" value="1" />
				<option name="FOREGROUND" value="99ff99" />
				<option name="EFFECT_TYPE" value="1" />
				<option name="EFFECT_COLOR" value="0" />
			</value>
		</option>
		<option name="RUBY_HEREDOC_CONTENT">
			<value>
				<option name="FONT_TYPE" value="1" />
				<option name="FOREGROUND" value="99ff99" />
			</value>
		</option>
		<option name="RUBY_HASH_ASSOC">
			<value>
				<option name="FONT_TYPE" value="1" />
				<option name="FOREGROUND" value="ffcccc" />
			</value>
		</option>
		<option name="RUBY_GVAR">
			<value>
				<option name="FONT_TYPE" value="2" />
				<option name="FOREGROUND" value="eddd3d" />
			</value>
		</option>
		<option name="RUBY_EXPR_IN_STRING">
			<value>
				<option name="FOREGROUND" value="ebebeb" />
			</value>
		</option>
		<option name="RUBY_ESCAPE_SEQUENCE">
			<value>
				<option name="FONT_TYPE" value="1" />
				<option name="FOREGROUND" value="c2" />
			</value>
		</option>
		<option name="RUBY_CVAR">
			<value>
				<option name="FONT_TYPE" value="3" />
				<option name="FOREGROUND" value="ffff66" />
			</value>
		</option>
		<option name="RUBY_CONSTANT_DEF_ID">
			<value>
				<option name="FONT_TYPE" value="3" />
				<option name="FOREGROUND" value="99ccff" />
			</value>
		</option>
		<option name="RUBY_CONSTANT">
			<value>
				<option name="FOREGROUND" value="99ccff" />
			</value>
		</option>
		<option name="RUBY_COMMENT">
			<value>
				<option name="FONT_TYPE" value="2" />
				<option name="FOREGROUND" value="a6a684" />
			</value>
		</option>
		<option name="RUBY_COMMA">
			<value>
			</value>
		</option>
		<option name="RUBY_BRACKETS">
			<value>
			</value>
		</option>
		<option name="RUBY_BAD_CHARACTER">
			<value>
				<option name="FOREGROUND" value="ffcdcd" />
			</value>
		</option>
		<option name="RUBY_BACK_REF">
			<value>
				<option name="FONT_TYPE" value="1" />
				<option name="FOREGROUND" value="99ff" />
			</value>
		</option>
		<option name="RUBY_ATTR_WRITER_CALL">
			<value>
				<option name="FONT_TYPE" value="1" />
			</value>
		</option>
		<option name="RUBY_ATTR_READER_CALL">
			<value>
				<option name="FONT_TYPE" value="1" />
			</value>
		</option>
		<option name="RUBY_ATTR_ACCESSOR_CALL">
			<value>
				<option name="FONT_TYPE" value="1" />
			</value>
		</option>
		<option name="RHTML_SCRIPTLET_START_ID">
			<value>
				<option name="FONT_TYPE" value="1" />
			</value>
		</option>
		<option name="RHTML_SCRIPTLET_END_ID">
			<value>
				<option name="FONT_TYPE" value="1" />
			</value>
		</option>
		<option name="RHTML_SCRIPTING_BACKGROUND_ID">
			<value>
			</value>
		</option>
		<option name="RHTML_OMIT_NEW_LINE_ID">
			<value>
				<option name="FONT_TYPE" value="1" />
			</value>
		</option>
		<option name="RHTML_EXPRESSION_START_ID">
			<value>
				<option name="FONT_TYPE" value="1" />
			</value>
		</option>
		<option name="RHTML_EXPRESSION_END_ID">
			<value>
				<option name="FONT_TYPE" value="1" />
			</value>
		</option>
		<option name="RHTML_COMMENT_ID">
			<value>
				<option name="FONT_TYPE" value="2" />
				<option name="FOREGROUND" value="a6a684" />
			</value>
		</option>
		<option name="REQUIRE_GEM_CALL">
			<value>
				<option name="FONT_TYPE" value="1" />
			</value>
		</option>
		<option name="PROPERTIES$VALUE">
			<value>
				<option name="FONT_TYPE" value="1" />
				<option name="FOREGROUND" value="96a0bb" />
			</value>
		</option>
		<option name="PROPERTIES$VALID_STRING_ESCAPE">
			<value>
			</value>
		</option>
		<option name="PROPERTIES$LINE_COMMENT">
			<value>
				<option name="FONT_TYPE" value="2" />
				<option name="FOREGROUND" value="a6a684" />
			</value>
		</option>
		<option name="PROPERTIES$KEY">
			<value>
				<option name="FONT_TYPE" value="1" />
				<option name="FOREGROUND" value="99ff" />
				<option name="EFFECT_TYPE" value="1" />
			</value>
		</option>
		<option name="PROPERTIES$INVALID_STRING_ESCAPE">
			<value>
				<option name="EFFECT_TYPE" value="2" />
				<option name="EFFECT_COLOR" value="ff0000" />
			</value>
		</option>
		<option name="PARAMETER_ATTRIBUTES">
			<value>
				<option name="FOREGROUND" value="8aa6c1" />
			</value>
		</option>
		<option name="Number">
			<value>
				<option name="FOREGROUND" value="99ff00" />
			</value>
		</option>
		<option name="NOT_USED_ELEMENT_ATTRIBUTES">
			<value>
				<option name="FOREGROUND" value="808080" />
				<option name="EFFECT_TYPE" value="2" />
				<option name="EFFECT_COLOR" value="27ef4" />
			</value>
		</option>
		<option name="MATCHED_BRACE_ATTRIBUTES">
			<value>
				<option name="FONT_TYPE" value="1" />
				<option name="EFFECT_COLOR" value="c0c0c0" />
			</value>
		</option>
		<option name="Line comment">
			<value>
				<option name="FONT_TYPE" value="2" />
				<option name="FOREGROUND" value="a6a684" />
			</value>
		</option>
		<option name="LOCAL_VARIABLE_ATTRIBUTES">
			<value>
				<option name="FOREGROUND" value="b1bee4" />
			</value>
		</option>
		<option name="LINE_PARTIAL_COVERAGE">
			<value>
				<option name="FONT_TYPE" value="1" />
				<option name="FOREGROUND" value="b1bee4" />
			</value>
		</option>
		<option name="Keyword">
			<value>
				<option name="FOREGROUND" value="99ff" />
			</value>
		</option>
		<option name="JSP_SCRIPTING_BACKGROUND">
			<value>
				<option name="FOREGROUND" value="ffffff" />
			</value>
		</option>
		<option name="JSP_DIRECTIVE_NAME">
			<value>
				<option name="FOREGROUND" value="bac5e0" />
			</value>
		</option>
		<option name="JSP_DIRECTIVE_BACKGROUND">
			<value>
				<option name="ERROR_STRIPE_COLOR" value="ffffff" />
			</value>
		</option>
		<option name="JSP_COMMENT">
			<value>
				<option name="FONT_TYPE" value="2" />
				<option name="FOREGROUND" value="858ea8" />
			</value>
		</option>
		<option name="JSP_ATTRIBUTE_VALUE">
			<value>
				<option name="FOREGROUND" value="7a88ff" />
			</value>
		</option>
		<option name="JSP_ATTRIBUTE_NAME">
			<value>
				<option name="FOREGROUND" value="a0a9c4" />
			</value>
		</option>
		<option name="JS$VALID_STRING_ESCAPE">
			<value>
				<option name="FOREGROUND" value="3adf3a" />
			</value>
		</option>
		<option name="JS$STRING">
			<value>
				<option name="FOREGROUND" value="99ff99" />
			</value>
		</option>
		<option name="JS$STATIC_MEMBER_VARIABLE">
			<value>
				<option name="FONT_TYPE" value="3" />
			</value>
		</option>
		<option name="JS$SEMICOLON">
			<value>
			</value>
		</option>
		<option name="JS$REGEXP">
			<value>
				<option name="FOREGROUND" value="9933cc" />
				<option name="EFFECT_TYPE" value="-1" />
			</value>
		</option>
		<option name="JS$PARENTHS">
			<value>
			</value>
		</option>
		<option name="JS$PARAMETER">
			<value>
				<option name="FOREGROUND" value="8aa6c1" />
				<option name="EFFECT_TYPE" value="1" />
				<option name="EFFECT_COLOR" value="0" />
			</value>
		</option>
		<option name="JS$OPERATION_SIGN">
			<value>
			</value>
		</option>
		<option name="JS$NUMBER">
			<value>
				<option name="FOREGROUND" value="99ff00" />
			</value>
		</option>
		<option name="JS$LOCAL_VARIABLE">
			<value>
				<option name="EFFECT_TYPE" value="-1" />
			</value>
		</option>
		<option name="JS$LINE_COMMENT">
			<value>
				<option name="FONT_TYPE" value="2" />
				<option name="FOREGROUND" value="a6a684" />
			</value>
		</option>
		<option name="JS$KEYWORD">
			<value>
				<option name="FOREGROUND" value="99ff" />
			</value>
		</option>
		<option name="JS$INVALID_STRING_ESCAPE">
			<value>
				<option name="FOREGROUND" value="ffffff" />
				<option name="EFFECT_TYPE" value="2" />
				<option name="EFFECT_COLOR" value="ff0000" />
			</value>
		</option>
		<option name="JS$INSTANCE_MEMBER_VARIABLE">
			<value>
				<option name="FONT_TYPE" value="1" />
			</value>
		</option>
		<option name="JS$INSTANCE_MEMBER_FUNCTION">
			<value>
				<option name="EFFECT_TYPE" value="-1" />
			</value>
		</option>
		<option name="JS$GLOBAL_VARIABLE">
			<value>
				<option name="FONT_TYPE" value="3" />
				<option name="FOREGROUND" value="eddd3d" />
			</value>
		</option>
		<option name="JS$GLOBAL_FUNCTION">
			<value>
			</value>
		</option>
		<option name="JS$DOT">
			<value>
			</value>
		</option>
		<option name="JS$DOC_TAG">
			<value>
				<option name="FONT_TYPE" value="2" />
				<option name="EFFECT_TYPE" value="1" />
				<option name="EFFECT_COLOR" value="808080" />
			</value>
		</option>
		<option name="JS$DOC_MARKUP">
			<value>
			</value>
		</option>
		<option name="JS$DOC_COMMENT">
			<value>
				<option name="FONT_TYPE" value="2" />
				<option name="FOREGROUND" value="a6a684" />
			</value>
		</option>
		<option name="JS$COMMA">
			<value>
			</value>
		</option>
		<option name="JS$BRACKETS">
			<value>
			</value>
		</option>
		<option name="JS$BRACES">
			<value>
			</value>
		</option>
		<option name="JS$BLOCK_COMMENT">
			<value>
				<option name="FONT_TYPE" value="2" />
				<option name="FOREGROUND" value="a6a684" />
			</value>
		</option>
		<option name="JS$BADCHARACTER">
			<value>
				<option name="EFFECT_TYPE" value="2" />
				<option name="EFFECT_COLOR" value="ff0000" />
			</value>
		</option>
		<option name="JAVA_VALID_STRING_ESCAPE">
			<value>
				<option name="FOREGROUND" value="aac26f" />
			</value>
		</option>
		<option name="JAVA_STRING">
			<value>
				<option name="FOREGROUND" value="ff009c" />
			</value>
		</option>
		<option name="JAVA_NUMBER">
			<value>
				<option name="FOREGROUND" value="fcff3c" />
			</value>
		</option>
		<option name="JAVA_LINE_COMMENT">
			<value>
				<option name="FONT_TYPE" value="2" />
				<option name="FOREGROUND" value="7d86a1" />
			</value>
		</option>
		<option name="JAVA_KEYWORD">
			<value>
				<option name="FONT_TYPE" value="1" />
				<option name="FOREGROUND" value="2dde6f" />
			</value>
		</option>
		<option name="JAVA_INVALID_STRING_ESCAPE">
			<value>
				<option name="FOREGROUND" value="a5c25c" />
				<option name="EFFECT_TYPE" value="2" />
				<option name="EFFECT_COLOR" value="ff0000" />
			</value>
		</option>
		<option name="JAVA_DOC_MARKUP">
			<value>
			</value>
		</option>
		<option name="JAVA_DOC_COMMENT">
			<value>
				<option name="FONT_TYPE" value="2" />
				<option name="FOREGROUND" value="63667b" />
			</value>
		</option>
		<option name="JAVA_BLOCK_COMMENT">
			<value>
				<option name="FONT_TYPE" value="2" />
				<option name="FOREGROUND" value="727b97" />
			</value>
		</option>
		<option name="INTERFACE_NAME_ATTRIBUTES">
			<value>
				<option name="FONT_TYPE" value="1" />
				<option name="FOREGROUND" value="285fc" />
			</value>
		</option>
		<option name="INSTANCE_FIELD_ATTRIBUTES">
			<value>
				<option name="FOREGROUND" value="f6ff66" />
			</value>
		</option>
		<option name="INSPECTION_MULTIPLE_RESOLVE_WARNING_ID">
			<value>
			</value>
		</option>
		<option name="INJECTED_LANGUAGE_FRAGMENT">
			<value>
				<option name="BACKGROUND" value="474747" />
			</value>
		</option>
		<option name="INCLUDE_JAVA_CALL">
			<value>
				<option name="FONT_TYPE" value="1" />
				<option name="FOREGROUND" value="f7b891" />
			</value>
		</option>
		<option name="IMPLICIT_ANONYMOUS_CLASS_PARAMETER_ATTRIBUTES">
			<value>
				<option name="FOREGROUND" value="9cfcaa" />
			</value>
		</option>
		<option name="IDENTIFIER_UNDER_CARET_ATTRIBUTES">
			<value>
				<option name="FONT_TYPE" value="1" />
				<option name="FOREGROUND" value="10101" />
				<option name="BACKGROUND" value="fbf4ff" />
				<option name="ERROR_STRIPE_COLOR" value="ccccff" />
			</value>
		</option>
		<option name="HTML_TAG_NAME">
			<value>
				<option name="FONT_TYPE" value="1" />
				<option name="FOREGROUND" value="d800" />
			</value>
		</option>
		<option name="HTML_TAG">
			<value>
				<option name="FOREGROUND" value="96a0bb" />
			</value>
		</option>
		<option name="HTML_ENTITY_REFERENCE">
			<value>
				<option name="FOREGROUND" value="99ff99" />
			</value>
		</option>
		<option name="HTML_COMMENT">
			<value>
				<option name="FONT_TYPE" value="2" />
				<option name="FOREGROUND" value="858ea8" />
			</value>
		</option>
		<option name="HTML_ATTRIBUTE_VALUE">
			<value>
				<option name="FOREGROUND" value="9c57ff" />
			</value>
		</option>
		<option name="HTML_ATTRIBUTE_NAME">
			<value>
				<option name="FONT_TYPE" value="2" />
				<option name="FOREGROUND" value="ffffff" />
			</value>
		</option>
		<option name="Groovydoc comment">
			<value>
				<option name="FONT_TYPE" value="2" />
				<option name="FOREGROUND" value="a6a684" />
			</value>
		</option>
		<option name="GString">
			<value>
				<option name="FOREGROUND" value="99ff99" />
			</value>
		</option>
		<option name="FOLLOWED_HYPERLINK_ATTRIBUTES">
			<value>
				<option name="FONT_TYPE" value="2" />
				<option name="FOREGROUND" value="ff" />
				<option name="EFFECT_TYPE" value="1" />
				<option name="EFFECT_COLOR" value="ff" />
			</value>
		</option>
		<option name="FOLDED_TEXT_ATTRIBUTES">
			<value>
				<option name="FOREGROUND" value="ff130e" />
				<option name="EFFECT_COLOR" value="c0c0c0" />
			</value>
		</option>
		<option name="EXECUTIONPOINT_ATTRIBUTES">
			<value>
				<option name="BACKGROUND" value="80" />
			</value>
		</option>
		<option name="EL_BACKGROUND">
			<value>
				<option name="FOREGROUND" value="c0cbe6" />
			</value>
		</option>
		<option name="EL$STRING">
			<value>
				<option name="FOREGROUND" value="ff881d" />
			</value>
		</option>
		<option name="EL$PARENTHS">
			<value>
			</value>
		</option>
		<option name="EL$NUMBER">
			<value>
				<option name="FOREGROUND" value="99ff00" />
			</value>
		</option>
		<option name="EL$KEYWORD">
			<value>
			</value>
		</option>
		<option name="EL$IDENT">
			<value>
			</value>
		</option>
		<option name="EL$BRACKETS">
			<value>
			</value>
		</option>
		<option name="EL$BOUNDS">
			<value>
			</value>
		</option>
		<option name="ECMAL4$VALID_STRING_ESCAPE">
			<value>
				<option name="FONT_TYPE" value="1" />
				<option name="FOREGROUND" value="87e895" />
			</value>
		</option>
		<option name="ECMAL4$STRING">
			<value>
				<option name="FONT_TYPE" value="1" />
				<option name="FOREGROUND" value="a400" />
			</value>
		</option>
		<option name="ECMAL4$REGEXP">
			<value>
				<option name="FOREGROUND" value="ff60fe" />
				<option name="EFFECT_TYPE" value="-1" />
			</value>
		</option>
		<option name="ECMAL4$PARAMETER">
			<value>
				<option name="EFFECT_TYPE" value="1" />
				<option name="EFFECT_COLOR" value="0" />
			</value>
		</option>
		<option name="ECMAL4$KEYWORD">
			<value>
				<option name="FONT_TYPE" value="1" />
				<option name="FOREGROUND" value="88cdff" />
			</value>
		</option>
		<option name="ECMAL4$INSTANCE_MEMBER_FUNCTION">
			<value>
				<option name="FOREGROUND" value="7a7a2b" />
				<option name="EFFECT_TYPE" value="-1" />
			</value>
		</option>
		<option name="ECMAL4$ATTRIBUTE">
			<value>
				<option name="EFFECT_TYPE" value="-1" />
			</value>
		</option>
		<option name="ECMAL4$AL4$LOCAL_VARIABLE">
			<value>
				<option name="FOREGROUND" value="458383" />
				<option name="EFFECT_TYPE" value="-1" />
			</value>
		</option>
		<option name="DUPLICATE_FROM_SERVER">
			<value>
				<option name="ERROR_STRIPE_COLOR" value="ffffff" />
				<option name="EFFECT_TYPE" value="2" />
				<option name="EFFECT_COLOR" value="ffffff" />
			</value>
		</option>
		<option name="DIFF_MODIFIED">
			<value>
				<option name="BACKGROUND" value="1e1e45" />
				<option name="ERROR_STRIPE_COLOR" value="3471ff" />
			</value>
		</option>
		<option name="DIFF_INSERTED">
			<value>
				<option name="BACKGROUND" value="164716" />
				<option name="ERROR_STRIPE_COLOR" value="8000" />
			</value>
		</option>
		<option name="DIFF_DELETED">
			<value>
				<option name="BACKGROUND" value="666666" />
				<option name="ERROR_STRIPE_COLOR" value="747474" />
			</value>
		</option>
		<option name="DIFF_CONFLICT">
			<value>
				<option name="BACKGROUND" value="3d0909" />
				<option name="ERROR_STRIPE_COLOR" value="ff0000" />
			</value>
		</option>
		<option name="DEPRECATED_ATTRIBUTES">
			<value>
				<option name="EFFECT_TYPE" value="3" />
				<option name="EFFECT_COLOR" value="ffffff" />
			</value>
		</option>
		<option name="DELETED_TEXT_ATTRIBUTES">
			<value>
				<option name="FOREGROUND" value="c3c3c3" />
				<option name="EFFECT_TYPE" value="3" />
				<option name="EFFECT_COLOR" value="ffffff" />
			</value>
		</option>
		<option name="CUSTOM_VALID_STRING_ESCAPE_ATTRIBUTES">
			<value>
				<option name="FONT_TYPE" value="1" />
				<option name="FOREGROUND" value="88cdff" />
			</value>
		</option>
		<option name="CUSTOM_STRING_ATTRIBUTES">
			<value>
				<option name="FONT_TYPE" value="1" />
				<option name="FOREGROUND" value="99ff99" />
			</value>
		</option>
		<option name="CUSTOM_NUMBER_ATTRIBUTES">
			<value>
				<option name="FOREGROUND" value="99ff00" />
			</value>
		</option>
		<option name="CUSTOM_MULTI_LINE_COMMENT_ATTRIBUTES">
			<value>
				<option name="FONT_TYPE" value="2" />
				<option name="FOREGROUND" value="858ea8" />
			</value>
		</option>
		<option name="CUSTOM_LINE_COMMENT_ATTRIBUTES">
			<value>
				<option name="FONT_TYPE" value="2" />
				<option name="FOREGROUND" value="858ea8" />
			</value>
		</option>
		<option name="CUSTOM_KEYWORD4_ATTRIBUTES">
			<value>
				<option name="FOREGROUND" value="e20000" />
			</value>
		</option>
		<option name="CUSTOM_KEYWORD3_ATTRIBUTES">
			<value>
				<option name="FOREGROUND" value="6666" />
			</value>
		</option>
		<option name="CUSTOM_KEYWORD2_ATTRIBUTES">
			<value>
				<option name="FOREGROUND" value="660e7a" />
			</value>
		</option>
		<option name="CUSTOM_KEYWORD1_ATTRIBUTES">
			<value>
				<option name="FOREGROUND" value="99ff" />
			</value>
		</option>
		<option name="CSS$URL">
			<value>
				<option name="FONT_TYPE" value="2" />
				<option name="FOREGROUND" value="ffffff" />
			</value>
		</option>
		<option name="CSS$TAG_NAME">
			<value>
				<option name="FOREGROUND" value="99ff" />
			</value>
		</option>
		<option name="CSS$STRING">
			<value>
				<option name="FONT_TYPE" value="1" />
				<option name="FOREGROUND" value="99ff99" />
			</value>
		</option>
		<option name="CSS$PROPERTY_VALUE">
			<value>
				<option name="FOREGROUND" value="ffffff" />
			</value>
		</option>
		<option name="CSS$PROPERTY_NAME">
			<value>
				<option name="FOREGROUND" value="99ccff" />
			</value>
		</option>
		<option name="CSS$NUMBER">
			<value>
				<option name="FOREGROUND" value="99ff00" />
			</value>
		</option>
		<option name="CSS$KEYWORD">
			<value>
				<option name="FOREGROUND" value="99ff" />
				<option name="EFFECT_TYPE" value="1" />
			</value>
		</option>
		<option name="CSS$IDENT">
			<value>
				<option name="FONT_TYPE" value="2" />
				<option name="FOREGROUND" value="99ff" />
			</value>
		</option>
		<option name="CSS$FUNCTION">
			<value>
				<option name="FONT_TYPE" value="1" />
				<option name="FOREGROUND" value="ffffff" />
			</value>
		</option>
		<option name="CSS$COMMENT">
			<value>
				<option name="FONT_TYPE" value="2" />
				<option name="FOREGROUND" value="a6a684" />
			</value>
		</option>
		<option name="CONSOLE_SYSTEM_OUTPUT">
			<value>
				<option name="FOREGROUND" value="bc100" />
			</value>
		</option>
		<option name="CONSOLE_ERROR_OUTPUT">
			<value>
				<option name="FOREGROUND" value="c40000" />
			</value>
		</option>
		<option name="CLASS_NAME_ATTRIBUTES">
			<value>
				<option name="FOREGROUND" value="c1cfea" />
			</value>
		</option>
		<option name="Block comment">
			<value>
				<option name="FONT_TYPE" value="2" />
				<option name="FOREGROUND" value="a6a684" />
			</value>
		</option>
		<option name="Bad character">
			<value>
				<option name="EFFECT_TYPE" value="2" />
				<option name="EFFECT_COLOR" value="ff0000" />
			</value>
		</option>
		<option name="BREAKPOINT_ATTRIBUTES">
			<value>
				<option name="BACKGROUND" value="370707" />
			</value>
		</option>
		<option name="BAD_CHARACTER">
			<value>
				<option name="EFFECT_TYPE" value="2" />
				<option name="EFFECT_COLOR" value="ff0000" />
			</value>
		</option>
		<option name="Annotation">
			<value>
				<option name="FOREGROUND" value="99ff" />
				<option name="EFFECT_TYPE" value="1" />
			</value>
		</option>
		<option name="ATTR_INTERNAL_CALL_ID">
			<value>
				<option name="FONT_TYPE" value="1" />
			</value>
		</option>
		<option name="ANNOTATION_NAME_ATTRIBUTES">
			<value>
				<option name="FOREGROUND" value="99ff" />
				<option name="EFFECT_TYPE" value="1" />
			</value>
		</option>
		<option name="ANNOTATION_ATTRIBUTE_NAME_ATTRIBUTES">
			<value>
				<option name="FOREGROUND" value="ffffff" />
			</value>
		</option>
		<option name="ABSTRACT_CLASS_NAME_ATTRIBUTES">
			<value>
				<option name="FOREGROUND" value="ffa235" />
			</value>
		</option>
	</attributes>
</scheme>