<?xml version="1.0" encoding="UTF-8"?>
<scheme name="Darkuledit" version="1" parent_scheme="Default">
	<option name="LINE_SPACING" value="1.0" />
	<option name="EDITOR_FONT_SIZE" value="12" />
	<option name="EDITOR_FONT_NAME" value="Menlo" />
	<colors>
		<option name="CARET_ROW_COLOR" value="303030" />
		<option name="CONSOLE_BACKGROUND_KEY" value="000000" />
		<option name="GUTTER_BACKGROUND" value="252729" />
		<option name="LINE_NUMBER_ON_CARET_ROW_COLOR" value="bab9b9" />
	</colors>
	<attributes>
		<option name="CONSTRUCTOR_DECLARATION_ATTRIBUTES">
			<value>
				<option name="FONT_TYPE" value="3" />
				<option name="FOREGROUND" value="ffc66d" />
				<option name="EFFECT_TYPE" value="5" />
			</value>
		</option>
		<option name="DEFAULT_CONSTANT">
			<value>
				<option name="FONT_TYPE" value="2" />
				<option name="FOREGROUND" value="a282b4" />
			</value>
		</option>
		<option name="DEFAULT_DOC_COMMENT">
			<value>
				<option name="FONT_TYPE" value="2" />
				<option name="FOREGROUND" value="7eba6f" />
			</value>
		</option>
		<option name="DEFAULT_DOC_COMMENT_TAG_VALUE">
			<value>
				<option name="FOREGROUND" value="b58549" />
			</value>
		</option>
		<option name="DEFAULT_FUNCTION_CALL">
			<value>
				<option name="FONT_TYPE" value="2" />
			</value>
		</option>
		<option name="DEFAULT_INSTANCE_FIELD">
			<value>
				<option name="FOREGROUND" value="c297d5" />
			</value>
		</option>
		<option name="DEFAULT_KEYWORD">
			<value>
				<option name="FONT_TYPE" value="1" />
				<option name="FOREGROUND" value="d68033" />
			</value>
		</option>
		<option name="DEFAULT_METADATA">
			<value>
				<option name="FOREGROUND" value="d6d02e" />
			</value>
		</option>
		<option name="DEFAULT_STATIC_FIELD">
			<value>
				<option name="FONT_TYPE" value="2" />
				<option name="FOREGROUND" value="b38dc6" />
			</value>
		</option>
		<option name="DEFAULT_STRING">
			<value>
				<option name="FOREGROUND" value="a0c587" />
			</value>
		</option>
		<option name="JAVA_KEYWORD">
			<value>
				<option name="FOREGROUND" value="db8133" />
			</value>
		</option>
		<option name="TEXT">
			<value>
				<option name="FOREGROUND" value="def0ff" />
				<option name="BACKGROUND" value="000000" />
				<option name="EFFECT_TYPE" value="5" />
			</value>
		</option>
		<option name="TODO_DEFAULT_ATTRIBUTES">
			<value>
				<option name="FONT_TYPE" value="2" />
				<option name="FOREGROUND" value="bfd927" />
				<option name="ERROR_STRIPE_COLOR" value="0977ab" />
			</value>
		</option>
		<option name="TYPE_PARAMETER_NAME_ATTRIBUTES">
			<value>
				<option name="FOREGROUND" value="4eafcb" />
			</value>
		</option>
		<option name="TYPO">
			<value>
				<option name="EFFECT_TYPE" value="2" />
			</value>
		</option>
	</attributes>
</scheme>