<?xml version="1.0" encoding="UTF-8"?>
<scheme name="Eclipse Moonrise UI" version="1" parent_scheme="Default">
	<option name="LINE_SPACING" value="1.0" />
	<option name="EDITOR_FONT_SIZE" value="12" />
	<option name="EDITOR_FONT_NAME" value="Menlo" />
	<colors>
		<option name="ADDED_LINES_COLOR" value="295622" />
		<option name="CARET_COLOR" value="bbbbbb" />
		<option name="CARET_ROW_COLOR" value="363636" />
		<option name="CONSOLE_BACKGROUND_KEY" value="272822" />
		<option name="FILESTATUS_ADDED" value="629755" />
		<option name="FILESTATUS_DELETED" value="6c6c6c" />
		<option name="FILESTATUS_IDEA_FILESTATUS_DELETED_FROM_FILE_SYSTEM" value="6c6c6c" />
		<option name="FILESTATUS_IDEA_FILESTATUS_IGNORED" value="848504" />
		<option name="FILESTATUS_IDEA_FILESTATUS_MERGED_WITH_BOTH_CONFLICTS" value="d5756c" />
		<option name="FILESTATUS_IDEA_FILESTATUS_MERGED_WITH_CONFLICTS" value="d5756c" />
		<option name="FILESTATUS_IDEA_FILESTATUS_MERGED_WITH_PROPERTY_CONFLICTS" value="d5756c" />
		<option name="FILESTATUS_MERGED" value="9876aa" />
		<option name="FILESTATUS_MODIFIED" value="6897bb" />
		<option name="FILESTATUS_NOT_CHANGED_IMMEDIATE" value="6897bb" />
		<option name="FILESTATUS_NOT_CHANGED_RECURSIVE" value="6897bb" />
		<option name="FILESTATUS_UNKNOWN" value="d1675a" />
		<option name="FILESTATUS_addedOutside" value="629755" />
		<option name="FILESTATUS_changelistConflict" value="d5756c" />
		<option name="FILESTATUS_modifiedOutside" value="6897bb" />
		<option name="GUTTER_BACKGROUND" value="272822" />
		<option name="INDENT_GUIDE" value="808080" />
		<option name="LINE_NUMBERS_COLOR" value="626262" />
		<option name="METHOD_SEPARATORS_COLOR" value="5b5a4e" />
		<option name="MODIFIED_LINES_COLOR" value="415f69" />
		<option name="RECURSIVE_CALL_ATTRIBUTES" value="574300" />
		<option name="RIGHT_MARGIN_COLOR" value="323232" />
		<option name="SELECTED_INDENT_GUIDE" value="404040" />
		<option name="SELECTED_TEARLINE_COLOR" value="cc9900" />
		<option name="SELECTION_BACKGROUND" value="3e515d" />
		<option name="SELECTION_FOREGROUND" value="94ceef" />
		<option name="TEARLINE_COLOR" value="5b5a4e" />
		<option name="WHITESPACES" value="505050" />
	</colors>
	<attributes>
		<option name="ABSTRACT_CLASS_NAME_ATTRIBUTES">
			<value>
				<option name="FONT_TYPE" value="1" />
				<option name="FOREGROUND" value="3eabe6" />
			</value>
		</option>
		<option name="ABSTRACT_METHOD_ATTRIBUTES">
			<value>
				<option name="FOREGROUND" value="cdf668" />
			</value>
		</option>
		<option name="ANNOTATION_ATTRIBUTE_NAME_ATTRIBUTES">
			<value>
				<option name="FOREGROUND" value="eb4b64" />
			</value>
		</option>
		<option name="ANNOTATION_NAME_ATTRIBUTES">
			<value>
				<option name="FONT_TYPE" value="3" />
				<option name="FOREGROUND" value="ff9393" />
			</value>
		</option>
		<option name="ANONYMOUS_CLASS_NAME_ATTRIBUTES">
			<value>
				<option name="FONT_TYPE" value="1" />
				<option name="FOREGROUND" value="84c764" />
			</value>
		</option>
		<option name="BAD_CHARACTER">
			<value>
				<option name="FOREGROUND" value="ff0000" />
			</value>
		</option>
		<option name="BREAKPOINT_ATTRIBUTES">
			<value>
				<option name="BACKGROUND" value="3a2323" />
			</value>
		</option>
		<option name="Block comment">
			<value>
				<option name="FOREGROUND" value="8a826b" />
			</value>
		</option>
		<option name="CLASS_NAME_ATTRIBUTES">
			<value>
				<option name="FONT_TYPE" value="1" />
				<option name="FOREGROUND" value="1290c3" />
			</value>
		</option>
		<option name="CONSOLE_BLUE_OUTPUT">
			<value>
				<option name="FOREGROUND" value="5394ec" />
			</value>
		</option>
		<option name="CONSOLE_CYAN_OUTPUT">
			<value>
				<option name="FOREGROUND" value="006969" />
			</value>
		</option>
		<option name="CONSOLE_ERROR_OUTPUT">
			<value>
				<option name="FOREGROUND" value="ece47e" />
			</value>
		</option>
		<option name="CONSOLE_MAGENTA_OUTPUT">
			<value>
				<option name="FOREGROUND" value="983498" />
			</value>
		</option>
		<option name="CONSOLE_NORMAL_OUTPUT">
			<value>
				<option name="FOREGROUND" value="cfbfad" />
				<option name="BACKGROUND" value="272822" />
			</value>
		</option>
		<option name="CONSOLE_RED_OUTPUT">
			<value>
				<option name="FOREGROUND" value="ff6b68" />
			</value>
		</option>
		<option name="CONSOLE_SYSTEM_OUTPUT">
			<value>
				<option name="FOREGROUND" value="c48cff" />
			</value>
		</option>
		<option name="CONSOLE_USER_INPUT">
			<value>
				<option name="FOREGROUND" value="ffffff" />
			</value>
		</option>
		<option name="CONSTRUCTOR_CALL_ATTRIBUTES">
			<value>
				<option name="FOREGROUND" value="8cd516" />
			</value>
		</option>
		<option name="CONSTRUCTOR_DECLARATION_ATTRIBUTES">
			<value>
				<option name="FONT_TYPE" value="1" />
				<option name="FOREGROUND" value="1eb540" />
			</value>
		</option>
		<option name="CUSTOM_INVALID_STRING_ESCAPE_ATTRIBUTES">
			<value>
				<option name="FOREGROUND" value="ff0000" />
			</value>
		</option>
		<option name="CUSTOM_KEYWORD1_ATTRIBUTES">
			<value>
				<option name="FOREGROUND" value="dd2867" />
			</value>
		</option>
		<option name="CUSTOM_KEYWORD2_ATTRIBUTES">
			<value>
				<option name="FOREGROUND" value="dd2867" />
			</value>
		</option>
		<option name="CUSTOM_KEYWORD3_ATTRIBUTES">
			<value>
				<option name="FOREGROUND" value="dd2867" />
			</value>
		</option>
		<option name="CUSTOM_KEYWORD4_ATTRIBUTES">
			<value>
				<option name="FOREGROUND" value="dd2867" />
			</value>
		</option>
		<option name="CUSTOM_LINE_COMMENT_ATTRIBUTES">
			<value>
				<option name="FOREGROUND" value="626262" />
			</value>
		</option>
		<option name="CUSTOM_MULTI_LINE_COMMENT_ATTRIBUTES">
			<value>
				<option name="FOREGROUND" value="626262" />
			</value>
		</option>
		<option name="CUSTOM_NUMBER_ATTRIBUTES">
			<value>
				<option name="FOREGROUND" value="6897bb" />
			</value>
		</option>
		<option name="CUSTOM_STRING_ATTRIBUTES">
			<value>
				<option name="FOREGROUND" value="17c6a3" />
			</value>
		</option>
		<option name="CUSTOM_VALID_STRING_ESCAPE_ATTRIBUTES">
			<value>
				<option name="FOREGROUND" value="c48cff" />
			</value>
		</option>
		<option name="DEFAULT_ATTRIBUTE">
			<value>
				<option name="FOREGROUND" value="bfa4a4" />
			</value>
		</option>
		<option name="DEFAULT_BRACES">
			<value>
				<option name="FOREGROUND" value="ffffff" />
			</value>
		</option>
		<option name="DEFAULT_BRACKETS">
			<value>
				<option name="FOREGROUND" value="ffffff" />
			</value>
		</option>
		<option name="DEFAULT_CLASS_NAME">
			<value>
				<option name="FOREGROUND" value="2881c6" />
			</value>
		</option>
		<option name="DEFAULT_CLASS_REFERENCE">
			<value>
				<option name="FOREGROUND" value="2881c6" />
			</value>
		</option>
		<option name="DEFAULT_COMMA">
			<value>
				<option name="FOREGROUND" value="ffffff" />
			</value>
		</option>
		<option name="DEFAULT_CONSTANT">
			<value>
				<option name="FOREGROUND" value="9657f6" />
			</value>
		</option>
		<option name="DEFAULT_DOC_COMMENT">
			<value>
				<option name="FOREGROUND" value="808080" />
			</value>
		</option>
		<option name="DEFAULT_DOC_COMMENT_TAG">
			<value>
				<option name="FOREGROUND" value="808080" />
			</value>
		</option>
		<option name="DEFAULT_DOC_COMMENT_TAG_VALUE">
			<value>
				<option name="FONT_TYPE" value="3" />
				<option name="FOREGROUND" value="808080" />
			</value>
		</option>
		<option name="DEFAULT_DOC_MARKUP">
			<value>
				<option name="FOREGROUND" value="808080" />
			</value>
		</option>
		<option name="DEFAULT_DOT">
			<value>
				<option name="FOREGROUND" value="ffffff" />
			</value>
		</option>
		<option name="DEFAULT_ENTITY">
			<value>
				<option name="FOREGROUND" value="c48cff" />
			</value>
		</option>
		<option name="DEFAULT_FUNCTION_CALL">
			<value>
				<option name="FOREGROUND" value="8cd516" />
			</value>
		</option>
		<option name="DEFAULT_FUNCTION_DECLARATION">
			<value>
				<option name="FOREGROUND" value="188772" />
			</value>
		</option>
		<option name="DEFAULT_GLOBAL_VARIABLE">
			<value>
				<option name="FOREGROUND" value="ce9d0b" />
			</value>
		</option>
		<option name="DEFAULT_IDENTIFIER">
			<value>
				<option name="FOREGROUND" value="9657f6" />
			</value>
		</option>
		<option name="DEFAULT_INSTANCE_FIELD">
			<value>
				<option name="FOREGROUND" value="188772" />
			</value>
		</option>
		<option name="DEFAULT_INSTANCE_METHOD">
			<value>
				<option name="FOREGROUND" value="188772" />
			</value>
		</option>
		<option name="DEFAULT_INTERFACE_NAME">
			<value>
				<option name="FOREGROUND" value="9657f6" />
			</value>
		</option>
		<option name="DEFAULT_INVALID_STRING_ESCAPE">
			<value>
				<option name="FOREGROUND" value="ff0000" />
			</value>
		</option>
		<option name="DEFAULT_KEYWORD">
			<value>
				<option name="FOREGROUND" value="ff007f" />
			</value>
		</option>
		<option name="DEFAULT_LABEL">
			<value>
				<option name="FOREGROUND" value="7a8f94" />
			</value>
		</option>
		<option name="DEFAULT_LINE_COMMENT">
			<value>
				<option name="FOREGROUND" value="808080" />
			</value>
		</option>
		<option name="DEFAULT_LOCAL_VARIABLE">
			<value>
				<option name="FOREGROUND" value="ce9d0b" />
			</value>
		</option>
		<option name="DEFAULT_METADATA">
			<value>
				<option name="FOREGROUND" value="ffffff" />
			</value>
		</option>
		<option name="DEFAULT_NUMBER">
			<value>
				<option name="FOREGROUND" value="7a8f94" />
			</value>
		</option>
		<option name="DEFAULT_OPERATION_SIGN">
			<value>
				<option name="FOREGROUND" value="ffffff" />
			</value>
		</option>
		<option name="DEFAULT_PARAMETER">
			<value>
				<option name="FOREGROUND" value="9657f6" />
			</value>
		</option>
		<option name="DEFAULT_PARENTHS">
			<value>
				<option name="FOREGROUND" value="ffffff" />
			</value>
		</option>
		<option name="DEFAULT_PREDEFINED_SYMBOL">
			<value>
				<option name="FONT_TYPE" value="2" />
				<option name="FOREGROUND" value="ffffff" />
			</value>
		</option>
		<option name="DEFAULT_SEMICOLON">
			<value>
				<option name="FOREGROUND" value="ffffff" />
			</value>
		</option>
		<option name="DEFAULT_STATIC_FIELD">
			<value>
				<option name="FOREGROUND" value="7578aa" />
			</value>
		</option>
		<option name="DEFAULT_STATIC_METHOD">
			<value>
				<option name="FOREGROUND" value="188772" />
			</value>
		</option>
		<option name="DEFAULT_STRING">
			<value>
				<option name="FOREGROUND" value="188772" />
			</value>
		</option>
		<option name="DEFAULT_TAG">
			<value>
				<option name="FOREGROUND" value="f9faf4" />
			</value>
		</option>
		<option name="DEFAULT_TEMPLATE_LANGUAGE_COLOR">
			<value>
				<option name="FOREGROUND" value="cfbfad" />
			</value>
		</option>
		<option name="DEFAULT_VALID_STRING_ESCAPE">
			<value>
				<option name="FOREGROUND" value="c48cff" />
			</value>
		</option>
		<option name="DELETED_TEXT_ATTRIBUTES">
			<value>
				<option name="FOREGROUND" value="272822" />
				<option name="BACKGROUND" value="cfbfad" />
			</value>
		</option>
		<option name="DEPRECATED_ATTRIBUTES">
			<value>
				<option name="FOREGROUND" value="ff0000" />
			</value>
		</option>
		<option name="DIFF_CONFLICT">
			<value>
				<option name="BACKGROUND" value="45302b" />
				<option name="ERROR_STRIPE_COLOR" value="8f5247" />
			</value>
		</option>
		<option name="DIFF_DELETED">
			<value>
				<option name="BACKGROUND" value="484a4a" />
				<option name="ERROR_STRIPE_COLOR" value="656e76" />
			</value>
		</option>
		<option name="DIFF_INSERTED">
			<value>
				<option name="BACKGROUND" value="294436" />
				<option name="ERROR_STRIPE_COLOR" value="447152" />
			</value>
		</option>
		<option name="DIFF_MODIFIED">
			<value>
				<option name="BACKGROUND" value="385570" />
				<option name="ERROR_STRIPE_COLOR" value="43698d" />
			</value>
		</option>
		<option name="DOC_COMMENT_TAG_VALUE">
			<value>
				<option name="FOREGROUND" value="1e789b" />
			</value>
		</option>
		<option name="DUPLICATE_FROM_SERVER">
			<value>
				<option name="BACKGROUND" value="5e5339" />
			</value>
		</option>
		<option name="ENUM_NAME_ATTRIBUTES">
			<value>
				<option name="FONT_TYPE" value="2" />
				<option name="FOREGROUND" value="cc81ba" />
			</value>
		</option>
		<option name="ERRORS_ATTRIBUTES">
			<value>
				<option name="ERROR_STRIPE_COLOR" value="bc3f3c" />
				<option name="EFFECT_TYPE" value="2" />
			</value>
		</option>
		<option name="EXECUTIONPOINT_ATTRIBUTES">
			<value>
				<option name="BACKGROUND" value="2d6099" />
			</value>
		</option>
		<option name="FOLLOWED_HYPERLINK_ATTRIBUTES">
			<value>
				<option name="FOREGROUND" value="287bde" />
				<option name="EFFECT_TYPE" value="1" />
			</value>
		</option>
		<option name="GENERIC_SERVER_ERROR_OR_WARNING">
			<value>
				<option name="ERROR_STRIPE_COLOR" value="f49810" />
				<option name="EFFECT_TYPE" value="1" />
			</value>
		</option>
		<option name="HTML_ATTRIBUTE_NAME">
			<value>
				<option name="FOREGROUND" value="bfa4a4" />
			</value>
		</option>
		<option name="HTML_ATTRIBUTE_VALUE">
			<value>
				<option name="FOREGROUND" value="188772" />
			</value>
		</option>
		<option name="HTML_CODE">
			<value>
				<option name="FOREGROUND" value="1e789b" />
				<option name="BACKGROUND" value="272822" />
			</value>
		</option>
		<option name="HTML_COMMENT">
			<value>
				<option name="FOREGROUND" value="808080" />
			</value>
		</option>
		<option name="HTML_ENTITY_REFERENCE">
			<value>
				<option name="FOREGROUND" value="c48cff" />
			</value>
		</option>
		<option name="HTML_TAG">
			<value>
				<option name="FONT_TYPE" value="1" />
				<option name="FOREGROUND" value="9a8c7c" />
			</value>
		</option>
		<option name="HTML_TAG_NAME">
			<value>
				<option name="FOREGROUND" value="1e789b" />
			</value>
		</option>
		<option name="HYPERLINK_ATTRIBUTES">
			<value>
				<option name="FOREGROUND" value="287bde" />
				<option name="EFFECT_TYPE" value="1" />
			</value>
		</option>
		<option name="IDENTIFIER_UNDER_CARET_ATTRIBUTES">
			<value>
				<option name="BACKGROUND" value="202020" />
				<option name="ERROR_STRIPE_COLOR" value="000000" />
			</value>
		</option>
		<option name="IMPLICIT_ANONYMOUS_CLASS_PARAMETER_ATTRIBUTES">
			<value>
				<option name="FOREGROUND" value="f8d260" />
			</value>
		</option>
		<option name="INFO_ATTRIBUTES">
			<value>
				<option name="ERROR_STRIPE_COLOR" value="aeae80" />
				<option name="EFFECT_TYPE" value="2" />
			</value>
		</option>
		<option name="INHERITED_METHOD_ATTRIBUTES">
			<value>
				<option name="FOREGROUND" value="80f6a7" />
			</value>
		</option>
		<option name="INJECTED_LANGUAGE_FRAGMENT">
			<value>
				<option name="FOREGROUND" value="cfbfad" />
			</value>
		</option>
		<option name="INSTANCE_FIELD_ATTRIBUTES">
			<value>
				<option name="FOREGROUND" value="66e1f8" />
			</value>
		</option>
		<option name="INSTANCE_FINAL_FIELD_ATTRIBUTES">
			<value>
				<option name="FONT_TYPE" value="3" />
				<option name="FOREGROUND" value="8ddaf8" />
			</value>
		</option>
		<option name="INTERFACE_NAME_ATTRIBUTES">
			<value>
				<option name="FOREGROUND" value="80f2f6" />
			</value>
		</option>
		<option name="JAVA_BLOCK_COMMENT">
			<value>
				<option name="FOREGROUND" value="626262" />
			</value>
		</option>
		<option name="JAVA_BRACES">
			<value>
				<option name="FOREGROUND" value="f9faf4" />
			</value>
		</option>
		<option name="JAVA_BRACKETS">
			<value>
				<option name="FOREGROUND" value="f9faf4" />
			</value>
		</option>
		<option name="JAVA_COMMA">
			<value>
				<option name="FOREGROUND" value="f9faf4" />
			</value>
		</option>
		<option name="JAVA_DOC_COMMENT">
			<value>
				<option name="FOREGROUND" value="626262" />
			</value>
		</option>
		<option name="JAVA_DOC_MARKUP">
			<value>
				<option name="FOREGROUND" value="626262" />
			</value>
		</option>
		<option name="JAVA_DOC_TAG">
			<value>
				<option name="FOREGROUND" value="9a8c7c" />
			</value>
		</option>
		<option name="JAVA_DOT">
			<value>
				<option name="FOREGROUND" value="f9faf4" />
			</value>
		</option>
		<option name="JAVA_INVALID_STRING_ESCAPE">
			<value>
				<option name="FOREGROUND" value="ff0000" />
			</value>
		</option>
		<option name="JAVA_KEYWORD">
			<value>
				<option name="FONT_TYPE" value="1" />
				<option name="FOREGROUND" value="dd2867" />
			</value>
		</option>
		<option name="JAVA_LINE_COMMENT">
			<value>
				<option name="FOREGROUND" value="626262" />
			</value>
		</option>
		<option name="JAVA_NUMBER">
			<value>
				<option name="FOREGROUND" value="6897bb" />
			</value>
		</option>
		<option name="JAVA_OPERATION_SIGN">
			<value>
				<option name="FOREGROUND" value="f9faf4" />
			</value>
		</option>
		<option name="JAVA_PARENTH">
			<value>
				<option name="FOREGROUND" value="f9faf4" />
			</value>
		</option>
		<option name="JAVA_SEMICOLON">
			<value>
				<option name="FOREGROUND" value="f9faf4" />
			</value>
		</option>
		<option name="JAVA_STRING">
			<value>
				<option name="FOREGROUND" value="17c6a3" />
			</value>
		</option>
		<option name="JAVA_VALID_STRING_ESCAPE">
			<value>
				<option name="FOREGROUND" value="c48cff" />
			</value>
		</option>
		<option name="LAMBDA_PARAMETER_ATTRIBUTES">
			<value>
				<option name="FOREGROUND" value="79abf8" />
			</value>
		</option>
		<option name="LOCAL_VARIABLE_ATTRIBUTES">
			<value>
				<option name="FONT_TYPE" value="1" />
				<option name="FOREGROUND" value="ed7f48" />
			</value>
		</option>
		<option name="LOG_ERROR_OUTPUT">
			<value>
				<option name="FOREGROUND" value="ff007f" />
			</value>
		</option>
		<option name="LOG_EXPIRED_ENTRY">
			<value>
				<option name="FOREGROUND" value="ffffff" />
			</value>
		</option>
		<option name="LOG_WARNING_OUTPUT">
			<value>
				<option name="FOREGROUND" value="cfbfad" />
			</value>
		</option>
		<option name="MATCHED_BRACE_ATTRIBUTES">
			<value>
				<option name="EFFECT_COLOR" value="32424a" />
			</value>
		</option>
		<option name="METHOD_CALL_ATTRIBUTES">
			<value>
				<option name="FOREGROUND" value="8cd516" />
			</value>
		</option>
		<option name="METHOD_DECLARATION_ATTRIBUTES">
			<value>
				<option name="FONT_TYPE" value="1" />
				<option name="FOREGROUND" value="1eb540" />
			</value>
		</option>
		<option name="NOT_USED_ELEMENT_ATTRIBUTES">
			<value>
				<option name="FOREGROUND" value="808080" />
				<option name="EFFECT_TYPE" value="2" />
			</value>
		</option>
		<option name="PARAMETER_ATTRIBUTES">
			<value>
				<option name="FOREGROUND" value="ed7f48" />
			</value>
		</option>
		<option name="REASSIGNED_LOCAL_VARIABLE_ATTRIBUTES">
			<value>
				<option name="FOREGROUND" value="ffbf26" />
			</value>
		</option>
		<option name="REASSIGNED_PARAMETER_ATTRIBUTES">
			<value>
				<option name="FOREGROUND" value="79abf8" />
			</value>
		</option>
		<option name="SEARCH_RESULT_ATTRIBUTES">
			<value>
				<option name="BACKGROUND" value="000000" />
				<option name="ERROR_STRIPE_COLOR" value="000000" />
			</value>
		</option>
		<option name="STATIC_FIELD_ATTRIBUTES">
			<value>
				<option name="FOREGROUND" value="8ddaf8" />
			</value>
		</option>
		<option name="STATIC_FINAL_FIELD_ATTRIBUTES">
			<value>
				<option name="FONT_TYPE" value="3" />
				<option name="FOREGROUND" value="8ddaf8" />
			</value>
		</option>
		<option name="STATIC_METHOD_ATTRIBUTES">
			<value>
				<option name="FOREGROUND" value="a7ec21" />
			</value>
		</option>
		<option name="TEMPLATE_VARIABLE_ATTRIBUTES">
			<value>
				<option name="FOREGROUND" value="cfbfad" />
			</value>
		</option>
		<option name="TEXT">
			<value>
				<option name="FOREGROUND" value="cfbfad" />
				<option name="BACKGROUND" value="272822" />
			</value>
		</option>
		<option name="TEXT_SEARCH_RESULT_ATTRIBUTES">
			<value>
				<option name="BACKGROUND" value="d8d8d8" />
				<option name="ERROR_STRIPE_COLOR" value="d8d8d8" />
			</value>
		</option>
		<option name="TODO_DEFAULT_ATTRIBUTES">
			<value>
				<option name="FONT_TYPE" value="2" />
				<option name="FOREGROUND" value="a8c023" />
				<option name="ERROR_STRIPE_COLOR" value="0a74c0" />
			</value>
		</option>
		<option name="TYPE_PARAMETER_NAME_ATTRIBUTES">
			<value>
				<option name="FONT_TYPE" value="1" />
				<option name="FOREGROUND" value="bfa4a4" />
			</value>
		</option>
		<option name="TYPO">
			<value>
				<option name="EFFECT_TYPE" value="2" />
			</value>
		</option>
		<option name="UNMATCHED_BRACE_ATTRIBUTES">
			<value>
				<option name="EFFECT_COLOR" value="d1243b" />
			</value>
		</option>
		<option name="WARNING_ATTRIBUTES">
			<value>
				<option name="BACKGROUND" value="52503a" />
				<option name="ERROR_STRIPE_COLOR" value="8c8c00" />
				<option name="EFFECT_TYPE" value="2" />
			</value>
		</option>
		<option name="WRITE_IDENTIFIER_UNDER_CARET_ATTRIBUTES">
			<value>
				<option name="BACKGROUND" value="202020" />
				<option name="ERROR_STRIPE_COLOR" value="000000" />
			</value>
		</option>
		<option name="WRITE_SEARCH_RESULT_ATTRIBUTES">
			<value>
				<option name="BACKGROUND" value="000000" />
				<option name="ERROR_STRIPE_COLOR" value="000000" />
			</value>
		</option>
		<option name="WRONG_REFERENCES_ATTRIBUTES">
			<value>
				<option name="FOREGROUND" value="bc3f3c" />
			</value>
		</option>
	</attributes>
</scheme>