<?xml version="1.0" encoding="UTF-8"?>
<scheme name="Emerald" version="1" parent_scheme="Default">
	<option name="LINE_SPACING" value="1.0" />
	<option name="EDITOR_FONT_SIZE" value="12" />
	<option name="EDITOR_FONT_NAME" value="Menlo" />
	<colors>
		<option name="ADDED_LINES_COLOR" value="4c4c84" />
		<option name="ANNOTATIONS_COLOR" value="b0bec5" />
		<option name="BORDER_LINES_COLOR" value="515014" />
		<option name="CARET_COLOR" value="ffffff" />
		<option name="CARET_ROW_COLOR" value="000000" />
		<option name="CONSOLE_BACKGROUND_KEY" value="000000" />
		<option name="DELETED_LINES_COLOR" value="f77669" />
		<option name="DIFF_SEPARATORS_BACKGROUND" value="1c1c1c" />
		<option name="DIFF_SEPARATORS_TOP_BORDER" value="171717" />
		<option name="DOCUMENTATION_COLOR" value="000000" />
		<option name="FILESTATUS_ADDED" value="228a96" />
		<option name="FILESTATUS_COPIED" value="659d9a" />
		<option name="FILESTATUS_DELETED" value="f77669" />
		<option name="FILESTATUS_HIJACKED" value="6ba77f" />
		<option name="FILESTATUS_IDEA_FILESTATUS_DELETED_FROM_FILE_SYSTEM" value="f77669" />
		<option name="FILESTATUS_IDEA_FILESTATUS_IGNORED" value="546e7a" />
		<option name="FILESTATUS_IDEA_SVN_FILESTATUS_EXTERNAL" value="addbbc" />
		<option name="FILESTATUS_IGNORE$PROJECT_VIEW$IGNORED" value="546e7a" />
		<option name="FILESTATUS_MERGED" value="65738e" />
		<option name="FILESTATUS_MODIFIED" value="228a96" />
		<option name="FILESTATUS_NOT_CHANGED" value="626669" />
		<option name="FILESTATUS_NOT_CHANGED_IMMEDIATE" value="228a96" />
		<option name="FILESTATUS_NOT_CHANGED_RECURSIVE" value="228a96" />
		<option name="FILESTATUS_OBSOLETE" value="7c7c00" />
		<option name="FILESTATUS_SUPPRESSED" value="616161" />
		<option name="FILESTATUS_SWITCHED" value="08978f" />
		<option name="FILESTATUS_UNKNOWN" value="f77669" />
		<option name="FILESTATUS_modifiedOutside" value="228a96" />
		<option name="FOLDED_TEXT_BORDER_COLOR" value="000000" />
		<option name="GUTTER_BACKGROUND" value="000000" />
		<option name="INDENT_GUIDE" value="878787" />
		<option name="INFORMATION_HINT" value="408040" />
		<option name="LINE_NUMBERS_COLOR" value="ffffff" />
		<option name="LINE_NUMBER_ON_CARET_ROW_COLOR" value="00ffe3" />
		<option name="METHOD_SEPARATORS_COLOR" value="c8c8c8" />
		<option name="MODIFIED_LINES_COLOR" value="254a25" />
		<option name="MT_IGNORE$PROJECT_VIEW$IGNORED" value="ab7967" />
		<option name="MT_SUPPRESSED" value="aeb9c4" />
		<option name="NOTIFICATION_BACKGROUND" value="3333ff" />
		<option name="NOT_CHANGED" value="616161" />
		<option name="QUESTION_HINT" value="408040" />
		<option name="RIGHT_MARGIN_COLOR" value="000000" />
		<option name="SELECTED_INDENT_GUIDE" value="ffffff" />
		<option name="SELECTED_TEARLINE_COLOR" value="ffffff" />
		<option name="SELECTION_BACKGROUND" value="454545" />
		<option name="SELECTION_FOREGROUND" value="ffffff" />
		<option name="SOFT_WRAP_SIGN_COLOR" value="4f6269" />
		<option name="TEARLINE_COLOR" value="878787" />
		<option name="TOOLTIP" value="408040" />
		<option name="VCS_ANNOTATIONS_COLOR_1" value="252c33" />
		<option name="VCS_ANNOTATIONS_COLOR_2" value="303942" />
		<option name="VCS_ANNOTATIONS_COLOR_3" value="616161" />
		<option name="VCS_ANNOTATIONS_COLOR_4" value="5a4036" />
		<option name="VCS_ANNOTATIONS_COLOR_5" value="ab7967" />
		<option name="VISUAL_INDENT_GUIDE" value="878787" />
		<option name="WHITESPACES" value="2e363f" />
		<option name="WHITESPACES_MODIFIED_LINES_COLOR" value="3a444f" />
	</colors>
	<attributes>
		<option name="ANGLE_BRACKETS_RAINBOW_COLOR0">
			<value>
				<option name="FOREGROUND" value="b000ff" />
			</value>
		</option>
		<option name="ANGLE_BRACKETS_RAINBOW_COLOR1">
			<value>
				<option name="FOREGROUND" value="00ff11" />
			</value>
		</option>
		<option name="ANGLE_BRACKETS_RAINBOW_COLOR2">
			<value>
				<option name="FOREGROUND" value="00f3f2" />
			</value>
		</option>
		<option name="ANGLE_BRACKETS_RAINBOW_COLOR3">
			<value>
				<option name="FOREGROUND" value="ff00fe" />
			</value>
		</option>
		<option name="ANGLE_BRACKETS_RAINBOW_COLOR4">
			<value>
				<option name="FOREGROUND" value="ffba00" />
			</value>
		</option>
		<option name="APACHE_CONFIG$ARG_LEXEM">
			<value>
				<option name="FOREGROUND" value="addbbc" />
			</value>
		</option>
		<option name="APACHE_CONFIG$COMMENT">
			<value>
				<option name="FONT_TYPE" value="2" />
				<option name="FOREGROUND" value="44515e" />
			</value>
		</option>
		<option name="APACHE_CONFIG$IDENTIFIER">
			<value>
				<option name="FONT_TYPE" value="2" />
				<option name="FOREGROUND" value="228a96" />
			</value>
		</option>
		<option name="Anonymous class name">
			<value>
				<option name="FOREGROUND" value="6ba77f" />
			</value>
		</option>
		<option name="Anotation attribute name">
			<value>
				<option name="FOREGROUND" value="e6eaef" />
			</value>
		</option>
		<option name="BAD_CHARACTER">
			<value>
				<option name="EFFECT_TYPE" value="2" />
				<option name="EFFECT_COLOR" value="ff5370" />
			</value>
		</option>
		<option name="BASH$INTERNAL_COMMAND">
			<value>
				<option name="FOREGROUND" value="3cff2f" />
				<option name="EFFECT_TYPE" value="5" />
			</value>
		</option>
		<option name="BLADE_BAD_CHARACTER">
			<value>
				<option name="EFFECT_TYPE" value="2" />
				<option name="EFFECT_COLOR" value="ff5370" />
			</value>
		</option>
		<option name="BLADE_COMMENT">
			<value>
				<option name="FONT_TYPE" value="2" />
				<option name="FOREGROUND" value="44515e" />
			</value>
		</option>
		<option name="BLADE_DIRECTIVE">
			<value>
				<option name="FONT_TYPE" value="2" />
				<option name="FOREGROUND" value="228a96" />
			</value>
		</option>
		<option name="BLADE_TEXT_BLOCK_BOUNDARY">
			<value>
				<option name="FOREGROUND" value="909fae" />
			</value>
		</option>
		<option name="BNF_KEYWORD">
			<value>
				<option name="FOREGROUND" value="1a1f29" />
			</value>
		</option>
		<option name="BNF_NUMBER">
			<value>
				<option name="FOREGROUND" value="f36e3a" />
			</value>
		</option>
		<option name="BOOKMARKS_ATTRIBUTES">
			<value>
				<option name="FONT_TYPE" value="1" />
				<option name="ERROR_STRIPE_COLOR" value="dbdbdb" />
			</value>
		</option>
		<option name="BRACE_ATTR">
			<value>
				<option name="FONT_TYPE" value="1" />
				<option name="FOREGROUND" value="00f9ff" />
			</value>
		</option>
		<option name="BRACKET_ATTR">
			<value>
				<option name="FONT_TYPE" value="1" />
				<option name="FOREGROUND" value="00f9ff" />
			</value>
		</option>
		<option name="BREADCRUMBS_CURRENT">
			<value>
				<option name="FOREGROUND" value="ffffff" />
				<option name="BACKGROUND" value="3333ff" />
			</value>
		</option>
		<option name="BREADCRUMBS_DEFAULT">
			<value>
				<option name="FOREGROUND" value="ffffff" />
			</value>
		</option>
		<option name="BREADCRUMBS_HOVERED">
			<value>
				<option name="FOREGROUND" value="000000" />
				<option name="BACKGROUND" value="ffffff" />
			</value>
		</option>
		<option name="BREADCRUMBS_INACTIVE">
			<value>
				<option name="FOREGROUND" value="ffffff" />
				<option name="BACKGROUND" value="281a33" />
			</value>
		</option>
		<option name="BREAKPOINT_ATTRIBUTES">
			<value>
				<option name="BACKGROUND" value="4b1717" />
			</value>
		</option>
		<option name="BROWSEWORDATCARET">
			<value>
				<option name="FOREGROUND" value="228a96" />
				<option name="EFFECT_TYPE" value="1" />
				<option name="EFFECT_COLOR" value="228a96" />
			</value>
		</option>
		<option name="Bad character">
			<value>
				<option name="EFFECT_TYPE" value="2" />
				<option name="EFFECT_COLOR" value="ff5370" />
			</value>
		</option>
		<option name="Block comment">
			<value>
				<option name="FONT_TYPE" value="2" />
				<option name="FOREGROUND" value="546e7a" />
			</value>
		</option>
		<option name="Braces">
			<value>
				<option name="FOREGROUND" value="909fae" />
			</value>
		</option>
		<option name="Brackets">
			<value>
				<option name="FOREGROUND" value="909fae" />
			</value>
		</option>
		<option name="CLASS_REFERENCE">
			<value>
				<option name="FOREGROUND" value="1a1f29" />
			</value>
		</option>
		<option name="COFFEESCRIPT$BAD_CHARACTER">
			<value>
				<option name="EFFECT_TYPE" value="2" />
				<option name="EFFECT_COLOR" value="ff5370" />
			</value>
		</option>
		<option name="COFFEESCRIPT$BLOCK_COMMENT">
			<value>
				<option name="FONT_TYPE" value="2" />
				<option name="FOREGROUND" value="44515e" />
			</value>
		</option>
		<option name="COFFEESCRIPT$BOOLEAN">
			<value>
				<option name="FONT_TYPE" value="2" />
				<option name="FOREGROUND" value="228a96" />
			</value>
		</option>
		<option name="COFFEESCRIPT$BRACE">
			<value>
				<option name="FOREGROUND" value="909fae" />
			</value>
		</option>
		<option name="COFFEESCRIPT$BRACKET">
			<value>
				<option name="FOREGROUND" value="909fae" />
			</value>
		</option>
		<option name="COFFEESCRIPT$CLASS_NAME">
			<value>
				<option name="FOREGROUND" value="6ba77f" />
			</value>
		</option>
		<option name="COFFEESCRIPT$COLON">
			<value>
				<option name="FOREGROUND" value="909fae" />
			</value>
		</option>
		<option name="COFFEESCRIPT$COMMA">
			<value>
				<option name="FOREGROUND" value="909fae" />
			</value>
		</option>
		<option name="COFFEESCRIPT$DOT">
			<value>
				<option name="FOREGROUND" value="909fae" />
			</value>
		</option>
		<option name="COFFEESCRIPT$EXISTENTIAL">
			<value>
				<option name="FOREGROUND" value="909fae" />
			</value>
		</option>
		<option name="COFFEESCRIPT$EXPRESSIONS_SUBSTITUTION_MARK">
			<value>
				<option name="FOREGROUND" value="909fae" />
				<option name="EFFECT_TYPE" value="5" />
			</value>
		</option>
		<option name="COFFEESCRIPT$FUNCTION">
			<value>
				<option name="FOREGROUND" value="909fae" />
			</value>
		</option>
		<option name="COFFEESCRIPT$FUNCTION_BINDING">
			<value>
				<option name="FONT_TYPE" value="2" />
				<option name="FOREGROUND" value="228a96" />
			</value>
		</option>
		<option name="COFFEESCRIPT$FUNCTION_NAME">
			<value>
				<option name="FOREGROUND" value="6ba77f" />
			</value>
		</option>
		<option name="COFFEESCRIPT$GLOBAL_VARIABLE">
			<value>
				<option name="FOREGROUND" value="aeb9c4" />
			</value>
		</option>
		<option name="COFFEESCRIPT$HEREDOC_CONTENT">
			<value>
				<option name="FOREGROUND" value="addbbc" />
			</value>
		</option>
		<option name="COFFEESCRIPT$HEREDOC_ID">
			<value>
				<option name="FOREGROUND" value="addbbc" />
			</value>
		</option>
		<option name="COFFEESCRIPT$HEREGEX_CONTENT">
			<value>
				<option name="FOREGROUND" value="addbbc" />
			</value>
		</option>
		<option name="COFFEESCRIPT$HEREGEX_ID">
			<value>
				<option name="FOREGROUND" value="addbbc" />
			</value>
		</option>
		<option name="COFFEESCRIPT$JAVASCRIPT_ID">
			<value>
				<option name="FOREGROUND" value="addbbc" />
			</value>
		</option>
		<option name="COFFEESCRIPT$KEYWORD">
			<value>
				<option name="FONT_TYPE" value="2" />
				<option name="FOREGROUND" value="228a96" />
			</value>
		</option>
		<option name="COFFEESCRIPT$LINE_COMMENT">
			<value>
				<option name="FONT_TYPE" value="2" />
				<option name="FOREGROUND" value="44515e" />
			</value>
		</option>
		<option name="COFFEESCRIPT$LOCAL_VARIABLE">
			<value>
				<option name="FOREGROUND" value="aeb9c4" />
			</value>
		</option>
		<option name="COFFEESCRIPT$NUMBER">
			<value>
				<option name="FOREGROUND" value="e6eaef" />
			</value>
		</option>
		<option name="COFFEESCRIPT$OBJECT_KEY">
			<value>
				<option name="FOREGROUND" value="aeb9c4" />
			</value>
		</option>
		<option name="COFFEESCRIPT$OPERATIONS">
			<value>
				<option name="FOREGROUND" value="909fae" />
			</value>
		</option>
		<option name="COFFEESCRIPT$PARAMETER">
			<value>
				<option name="FOREGROUND" value="e6eaef" />
				<option name="EFFECT_TYPE" value="1" />
			</value>
		</option>
		<option name="COFFEESCRIPT$PARENTHESIS">
			<value>
				<option name="FOREGROUND" value="909fae" />
			</value>
		</option>
		<option name="COFFEESCRIPT$PROTOTYPE">
			<value>
				<option name="FOREGROUND" value="909fae" />
			</value>
		</option>
		<option name="COFFEESCRIPT$RANGE">
			<value>
				<option name="FOREGROUND" value="909fae" />
			</value>
		</option>
		<option name="COFFEESCRIPT$REGULAR_EXPRESSION_CONTENT">
			<value>
				<option name="FOREGROUND" value="addbbc" />
			</value>
		</option>
		<option name="COFFEESCRIPT$REGULAR_EXPRESSION_FLAG">
			<value>
				<option name="FONT_TYPE" value="2" />
				<option name="FOREGROUND" value="228a96" />
			</value>
		</option>
		<option name="COFFEESCRIPT$REGULAR_EXPRESSION_ID">
			<value>
				<option name="FOREGROUND" value="addbbc" />
			</value>
		</option>
		<option name="COFFEESCRIPT$SEMICOLON">
			<value>
				<option name="FOREGROUND" value="909fae" />
			</value>
		</option>
		<option name="COFFEESCRIPT$SPLAT">
			<value>
				<option name="FOREGROUND" value="909fae" />
			</value>
		</option>
		<option name="COFFEESCRIPT$STRING_LITERAL">
			<value>
				<option name="FOREGROUND" value="addbbc" />
			</value>
		</option>
		<option name="COFFEESCRIPT$THIS">
			<value>
				<option name="FONT_TYPE" value="2" />
				<option name="FOREGROUND" value="228a96" />
			</value>
		</option>
		<option name="CONDITIONALLY_NOT_COMPILED">
			<value>
				<option name="FOREGROUND" value="536c46" />
			</value>
		</option>
		<option name="CONSOLE_BLUE_BRIGHT_OUTPUT">
			<value>
				<option name="FOREGROUND" value="0063ff" />
			</value>
		</option>
		<option name="CONSOLE_BLUE_OUTPUT">
			<value>
				<option name="FOREGROUND" value="0063ff" />
			</value>
		</option>
		<option name="CONSOLE_CYAN_BRIGHT_OUTPUT">
			<value>
				<option name="FOREGROUND" value="00f4ff" />
			</value>
		</option>
		<option name="CONSOLE_CYAN_OUTPUT">
			<value>
				<option name="FOREGROUND" value="00efff" />
			</value>
		</option>
		<option name="CONSOLE_ERROR_OUTPUT">
			<value>
				<option name="FOREGROUND" value="ff0007" />
			</value>
		</option>
		<option name="CONSOLE_GREEN_BRIGHT_OUTPUT">
			<value>
				<option name="FOREGROUND" value="00ff00" />
			</value>
		</option>
		<option name="CONSOLE_GREEN_OUTPUT">
			<value>
				<option name="FOREGROUND" value="00ff00" />
			</value>
		</option>
		<option name="CONSOLE_MAGENTA_BRIGHT_OUTPUT">
			<value>
				<option name="FOREGROUND" value="ff00f8" />
			</value>
		</option>
		<option name="CONSOLE_MAGENTA_OUTPUT">
			<value>
				<option name="FOREGROUND" value="ff00f8" />
			</value>
		</option>
		<option name="CONSOLE_NORMAL_OUTPUT">
			<value>
				<option name="FOREGROUND" value="ffffff" />
			</value>
		</option>
		<option name="CONSOLE_OUTPUT">
			<value>
				<option name="BACKGROUND" value="252b39" />
			</value>
		</option>
		<option name="CONSOLE_RED_BRIGHT_OUTPUT">
			<value>
				<option name="FOREGROUND" value="ff0007" />
			</value>
		</option>
		<option name="CONSOLE_RED_OUTPUT">
			<value>
				<option name="FOREGROUND" value="ff0007" />
			</value>
		</option>
		<option name="CONSOLE_SYSTEM_OUTPUT">
			<value>
				<option name="FOREGROUND" value="ffffff" />
			</value>
		</option>
		<option name="CONSOLE_USER_INPUT">
			<value>
				<option name="FOREGROUND" value="ffffff" />
			</value>
		</option>
		<option name="CONSOLE_WHITE_OUTPUT">
			<value>
				<option name="FOREGROUND" value="ffffff" />
			</value>
		</option>
		<option name="CONSOLE_YELLOW_OUTPUT">
			<value>
				<option name="FOREGROUND" value="ffff00" />
			</value>
		</option>
		<option name="CSS$KEYWORD">
			<value>
				<option name="FONT_TYPE" value="2" />
				<option name="FOREGROUND" value="228a96" />
			</value>
		</option>
		<option name="CSS$PROPERTY_VALUE">
			<value>
				<option name="FOREGROUND" value="e6eaef" />
			</value>
		</option>
		<option name="CSS$UNICODE$RANGE">
			<value>
				<option name="FOREGROUND" value="6ba77f" />
			</value>
		</option>
		<option name="CTRL_CLICKABLE">
			<value>
				<option name="FOREGROUND" value="00ffe3" />
				<option name="EFFECT_TYPE" value="1" />
			</value>
		</option>
		<option name="CUSP_BRACKETS_ATTR">
			<value>
				<option name="FONT_TYPE" value="1" />
				<option name="FOREGROUND" value="00f9ff" />
			</value>
		</option>
		<option name="CUSTOM_KEYWORD4_ATTRIBUTES">
			<value>
				<option name="FOREGROUND" value="f77669" />
				<option name="EFFECT_TYPE" value="1" />
			</value>
		</option>
		<option name="DEBUGGER_INLINED_VALUES">
			<value>
				<option name="FONT_TYPE" value="2" />
				<option name="FOREGROUND" value="868686" />
			</value>
		</option>
		<option name="DEFAULT_ATTRIBUTE">
			<value>
				<option name="FOREGROUND" value="ffffff" />
			</value>
		</option>
		<option name="DEFAULT_BLOCK_COMMENT">
			<value>
				<option name="FONT_TYPE" value="2" />
				<option name="FOREGROUND" value="00979b" />
			</value>
		</option>
		<option name="DEFAULT_BRACES">
			<value>
				<option name="FOREGROUND" value="909fae" />
			</value>
		</option>
		<option name="DEFAULT_BRACKETS">
			<value>
				<option name="FOREGROUND" value="909fae" />
			</value>
		</option>
		<option name="DEFAULT_COMMA">
			<value>
				<option name="FOREGROUND" value="00e800" />
			</value>
		</option>
		<option name="DEFAULT_CONSTANT">
			<value>
				<option name="FONT_TYPE" value="1" />
				<option name="FOREGROUND" value="00e5eb" />
			</value>
		</option>
		<option name="DEFAULT_DOC_COMMENT">
			<value>
				<option name="FONT_TYPE" value="2" />
				<option name="FOREGROUND" value="00979b" />
			</value>
		</option>
		<option name="DEFAULT_DOC_COMMENT_TAG">
			<value>
				<option name="FOREGROUND" value="00e5eb" />
				<option name="EFFECT_TYPE" value="1" />
			</value>
		</option>
		<option name="DEFAULT_DOC_COMMENT_TAG_VALUE">
			<value>
				<option name="FONT_TYPE" value="2" />
				<option name="FOREGROUND" value="00979b" />
			</value>
		</option>
		<option name="DEFAULT_DOC_MARKUP">
			<value>
				<option name="FOREGROUND" value="00e5eb" />
			</value>
		</option>
		<option name="DEFAULT_DOT">
			<value>
				<option name="FOREGROUND" value="00e800" />
			</value>
		</option>
		<option name="DEFAULT_ENTITY">
			<value>
				<option name="FONT_TYPE" value="2" />
				<option name="FOREGROUND" value="ffffff" />
				<option name="EFFECT_TYPE" value="5" />
			</value>
		</option>
		<option name="DEFAULT_FUNCTION_DECLARATION">
			<value>
				<option name="BACKGROUND" value="000000" />
				<option name="EFFECT_TYPE" value="5" />
			</value>
		</option>
		<option name="DEFAULT_INSTANCE_FIELD">
			<value>
				<option name="FOREGROUND" value="00e5eb" />
			</value>
		</option>
		<option name="DEFAULT_INVALID_STRING_ESCAPE">
			<value>
				<option name="FOREGROUND" value="ff0d00" />
				<option name="EFFECT_TYPE" value="4" />
			</value>
		</option>
		<option name="DEFAULT_KEYWORD">
			<value>
				<option name="FONT_TYPE" value="1" />
				<option name="FOREGROUND" value="00eb00" />
			</value>
		</option>
		<option name="DEFAULT_LABEL">
			<value>
				<option name="FONT_TYPE" value="1" />
				<option name="FOREGROUND" value="00e5eb" />
			</value>
		</option>
		<option name="DEFAULT_LINE_COMMENT">
			<value>
				<option name="FONT_TYPE" value="2" />
				<option name="FOREGROUND" value="00979b" />
			</value>
		</option>
		<option name="DEFAULT_METADATA">
			<value>
				<option name="FONT_TYPE" value="2" />
				<option name="FOREGROUND" value="bdff00" />
			</value>
		</option>
		<option name="DEFAULT_NUMBER">
			<value>
				<option name="FOREGROUND" value="00e5eb" />
			</value>
		</option>
		<option name="DEFAULT_OPERATION_SIGN">
			<value>
				<option name="FOREGROUND" value="00e800" />
			</value>
		</option>
		<option name="DEFAULT_PARENTHS">
			<value>
				<option name="FOREGROUND" value="909fae" />
			</value>
		</option>
		<option name="DEFAULT_PREDEFINED_SYMBOL">
			<value>
				<option name="FOREGROUND" value="00eb00" />
			</value>
		</option>
		<option name="DEFAULT_SEMICOLON">
			<value>
				<option name="FOREGROUND" value="00e800" />
			</value>
		</option>
		<option name="DEFAULT_STATIC_FIELD">
			<value>
				<option name="FOREGROUND" value="00e5eb" />
				<option name="EFFECT_TYPE" value="1" />
			</value>
		</option>
		<option name="DEFAULT_STRING">
			<value>
				<option name="FOREGROUND" value="00e5eb" />
			</value>
		</option>
		<option name="DEFAULT_VALID_STRING_ESCAPE">
			<value>
				<option name="FOREGROUND" value="00ff80" />
			</value>
		</option>
		<option name="DELETED_TEXT_ATTRIBUTES">
			<value>
				<option name="FOREGROUND" value="ff0b00" />
				<option name="EFFECT_TYPE" value="3" />
				<option name="EFFECT_COLOR" value="ff0b00" />
			</value>
		</option>
		<option name="DEPRECATED_ATTRIBUTES">
			<value>
				<option name="EFFECT_TYPE" value="3" />
				<option name="EFFECT_COLOR" value="ffffff" />
			</value>
		</option>
		<option name="DIFF_CONFLICT">
			<value>
				<option name="BACKGROUND" value="6c4e81" />
				<option name="ERROR_STRIPE_COLOR" value="8f5247" />
			</value>
		</option>
		<option name="DIFF_DELETED">
			<value>
				<option name="BACKGROUND" value="b63b50" />
				<option name="ERROR_STRIPE_COLOR" value="656e76" />
			</value>
		</option>
		<option name="DIFF_INSERTED">
			<value>
				<option name="BACKGROUND" value="45582b" />
				<option name="ERROR_STRIPE_COLOR" value="447152" />
			</value>
		</option>
		<option name="DIFF_MODIFIED">
			<value>
				<option name="BACKGROUND" value="927243" />
				<option name="ERROR_STRIPE_COLOR" value="43698d" />
			</value>
		</option>
		<option name="DOUBLE_QUOTE_ATTR">
			<value>
				<option name="FONT_TYPE" value="1" />
				<option name="FOREGROUND" value="00ff00" />
			</value>
		</option>
		<option name="DUPLICATE_FROM_SERVER">
			<value>
				<option name="EFFECT_COLOR" value="8e8e8e" />
			</value>
		</option>
		<option name="ELIXIR_BIT">
			<value>
				<option name="FOREGROUND" value="909fae" />
			</value>
		</option>
		<option name="ENUM_CONST">
			<value>
				<option name="FOREGROUND" value="9373a5" />
			</value>
		</option>
		<option name="ERRORS_ATTRIBUTES">
			<value>
				<option name="FOREGROUND" value="ff0b00" />
				<option name="EFFECT_TYPE" value="4" />
			</value>
		</option>
		<option name="EXECUTIONPOINT_ATTRIBUTES">
			<value>
				<option name="BACKGROUND" value="597f5f" />
			</value>
		</option>
		<option name="Enum name">
			<value>
				<option name="FOREGROUND" value="e6eaef" />
			</value>
		</option>
		<option name="FOLLOWED_HYPERLINK_ATTRIBUTES">
			<value>
				<option name="FOREGROUND" value="00ffe3" />
				<option name="EFFECT_TYPE" value="1" />
				<option name="EFFECT_COLOR" value="00ffe3" />
			</value>
		</option>
		<option name="GENERIC_SERVER_ERROR_OR_WARNING">
			<value>
				<option name="EFFECT_COLOR" value="ff7d00" />
			</value>
		</option>
		<option name="GO_BAD_TOKEN">
			<value>
				<option name="EFFECT_TYPE" value="2" />
				<option name="EFFECT_COLOR" value="e889b5" />
			</value>
		</option>
		<option name="GO_BLOCK_COMMENT">
			<value>
				<option name="FONT_TYPE" value="2" />
				<option name="FOREGROUND" value="44515e" />
			</value>
		</option>
		<option name="GO_BRACES">
			<value>
				<option name="FOREGROUND" value="909fae" />
			</value>
		</option>
		<option name="GO_BRACKET">
			<value>
				<option name="FOREGROUND" value="909fae" />
			</value>
		</option>
		<option name="GO_BUILTIN_CONSTANT">
			<value>
				<option name="FOREGROUND" value="e6eaef" />
			</value>
		</option>
		<option name="GO_BUILTIN_FUNCTION">
			<value>
				<option name="FOREGROUND" value="6ba77f" />
			</value>
		</option>
		<option name="GO_COLON">
			<value>
				<option name="FOREGROUND" value="909fae" />
				<option name="EFFECT_TYPE" value="5" />
			</value>
		</option>
		<option name="GO_COMMA">
			<value>
				<option name="FOREGROUND" value="909fae" />
			</value>
		</option>
		<option name="GO_DOT">
			<value>
				<option name="FOREGROUND" value="909fae" />
			</value>
		</option>
		<option name="GO_LINE_COMMENT">
			<value>
				<option name="FONT_TYPE" value="2" />
				<option name="FOREGROUND" value="44515e" />
			</value>
		</option>
		<option name="GO_SEMICOLON">
			<value>
				<option name="FOREGROUND" value="909fae" />
			</value>
		</option>
		<option name="HAML_TAG">
			<value>
				<option name="FOREGROUND" value="aeb9c4" />
			</value>
		</option>
		<option name="HCL$PROPERTY_KEY">
			<value>
				<option name="FOREGROUND" value="ffffff" />
			</value>
		</option>
		<option name="HOCON_BAD_CHARACTER">
			<value>
				<option name="EFFECT_TYPE" value="2" />
				<option name="EFFECT_COLOR" value="ff5370" />
			</value>
		</option>
		<option name="HOCON_BOOLEAN">
			<value>
				<option name="FONT_TYPE" value="2" />
				<option name="FOREGROUND" value="228a96" />
			</value>
		</option>
		<option name="HOCON_BRACKETS">
			<value>
				<option name="FOREGROUND" value="909fae" />
			</value>
		</option>
		<option name="HOCON_COMMA">
			<value>
				<option name="FOREGROUND" value="909fae" />
			</value>
		</option>
		<option name="HOCON_DOUBLE_SLASH_COMMENT">
			<value>
				<option name="FONT_TYPE" value="2" />
				<option name="FOREGROUND" value="546e7a" />
			</value>
		</option>
		<option name="HOCON_HASH_COMMENT">
			<value>
				<option name="FONT_TYPE" value="2" />
				<option name="FOREGROUND" value="546e7a" />
			</value>
		</option>
		<option name="HOCON_INCLUDE">
			<value>
				<option name="FONT_TYPE" value="2" />
				<option name="FOREGROUND" value="228a96" />
			</value>
		</option>
		<option name="HOCON_INCLUDE_MODIFIER_PARENS">
			<value>
				<option name="FOREGROUND" value="909fae" />
			</value>
		</option>
		<option name="HOCON_INVALID_STRING_ESCAPE">
			<value>
				<option name="EFFECT_TYPE" value="2" />
				<option name="EFFECT_COLOR" value="ff5370" />
			</value>
		</option>
		<option name="HOCON_KEY_VALUE_SEPARATOR">
			<value>
				<option name="FOREGROUND" value="909fae" />
			</value>
		</option>
		<option name="HOCON_MULTILINE_STRING">
			<value>
				<option name="FOREGROUND" value="addbbc" />
			</value>
		</option>
		<option name="HOCON_NULL">
			<value>
				<option name="FONT_TYPE" value="2" />
				<option name="FOREGROUND" value="228a96" />
			</value>
		</option>
		<option name="HOCON_NUMBER">
			<value>
				<option name="FOREGROUND" value="e6eaef" />
			</value>
		</option>
		<option name="HOCON_OBJECT_BRACES">
			<value>
				<option name="FOREGROUND" value="909fae" />
			</value>
		</option>
		<option name="HOCON_OPTIONAL_SUBSTITUTION_SIGN">
			<value>
				<option name="FOREGROUND" value="909fae" />
			</value>
		</option>
		<option name="HOCON_QUOTED_STRING">
			<value>
				<option name="FOREGROUND" value="addbbc" />
			</value>
		</option>
		<option name="HOCON_SUBSTITUTION_BRACES">
			<value>
				<option name="FOREGROUND" value="909fae" />
			</value>
		</option>
		<option name="HOCON_SUBSTITUTION_SIGN">
			<value>
				<option name="FOREGROUND" value="909fae" />
			</value>
		</option>
		<option name="HOCON_UNQUOTED_STRING">
			<value>
				<option name="FOREGROUND" value="c3d3de" />
			</value>
		</option>
		<option name="HOCON_VALID_STRING_ESCAPE">
			<value>
				<option name="FOREGROUND" value="909fae" />
			</value>
		</option>
		<option name="HYPERLINK_ATTRIBUTES">
			<value>
				<option name="FOREGROUND" value="00ffe3" />
				<option name="EFFECT_TYPE" value="1" />
				<option name="EFFECT_COLOR" value="00ffe3" />
			</value>
		</option>
		<option name="IDENTIFIER_UNDER_CARET_ATTRIBUTES">
			<value>
				<option name="FOREGROUND" value="ffffff" />
				<option name="BACKGROUND" value="3333ff" />
				<option name="EFFECT_TYPE" value="1" />
			</value>
		</option>
		<option name="INFO_ATTRIBUTES">
			<value>
				<option name="FOREGROUND" value="fff400" />
				<option name="EFFECT_TYPE" value="4" />
			</value>
		</option>
		<option name="INLINE_PARAMETER_HINT">
			<value>
				<option name="FOREGROUND" value="ffffff" />
				<option name="BACKGROUND" value="01ffb3" />
			</value>
		</option>
		<option name="INLINE_PARAMETER_HINT_CURRENT">
			<value>
				<option name="FOREGROUND" value="ffffff" />
				<option name="BACKGROUND" value="01ffb3" />
			</value>
		</option>
		<option name="INLINE_PARAMETER_HINT_HIGHLIGHTED">
			<value>
				<option name="FOREGROUND" value="ffffff" />
				<option name="BACKGROUND" value="01ffb3" />
			</value>
		</option>
		<option name="IVAR">
			<value>
				<option name="FOREGROUND" value="9373a5" />
			</value>
		</option>
		<option name="Instance field">
			<value>
				<option name="FOREGROUND" value="aeb9c4" />
			</value>
		</option>
		<option name="Instance property reference ID">
			<value>
				<option name="FOREGROUND" value="aeb9c4" />
			</value>
		</option>
		<option name="Interpolated String Injection">
			<value>
				<option name="FOREGROUND" value="aeb9c4" />
			</value>
		</option>
		<option name="Invalid string escape">
			<value>
				<option name="EFFECT_TYPE" value="2" />
				<option name="EFFECT_COLOR" value="ff5370" />
			</value>
		</option>
		<option name="JFLEX_MACROS_REF">
			<value>
				<option name="FOREGROUND" value="1a1f29" />
			</value>
		</option>
		<option name="JSP_DIRECTIVE_NAME">
			<value>
				<option name="FONT_TYPE" value="1" />
				<option name="FOREGROUND" value="a7dbd8" />
			</value>
		</option>
		<option name="JSP_SCRIPTING_BACKGROUND">
			<value>
				<option name="FOREGROUND" value="a7dbd8" />
			</value>
		</option>
		<option name="KOTLIN_NAMED_ARGUMENT">
			<value>
				<option name="FOREGROUND" value="e6eaef" />
			</value>
		</option>
		<option name="LABEL">
			<value>
				<option name="FONT_TYPE" value="2" />
			</value>
		</option>
		<option name="LINE_FULL_COVERAGE">
			<value>
				<option name="BACKGROUND" value="264b33" />
			</value>
		</option>
		<option name="LINE_NONE_COVERAGE">
			<value>
				<option name="BACKGROUND" value="4b1515" />
				<option name="EFFECT_TYPE" value="3" />
			</value>
		</option>
		<option name="LINE_PARTIAL_COVERAGE">
			<value>
				<option name="BACKGROUND" value="12404b" />
			</value>
		</option>
		<option name="LOG_DEBUG_OUTPUT">
			<value>
				<option name="FOREGROUND" value="00e2ff" />
			</value>
		</option>
		<option name="LOG_ERROR_OUTPUT">
			<value>
				<option name="FOREGROUND" value="ff0007" />
			</value>
		</option>
		<option name="LOG_INFO_OUTPUT">
			<value>
				<option name="FOREGROUND" value="d8ff03" />
			</value>
		</option>
		<option name="LOG_VERBOSE_OUTPUT">
			<value>
				<option name="FOREGROUND" value="0063ff" />
			</value>
		</option>
		<option name="Label">
			<value>
				<option name="FOREGROUND" value="aeb9c4" />
			</value>
		</option>
		<option name="Line comment">
			<value>
				<option name="FONT_TYPE" value="2" />
				<option name="FOREGROUND" value="44515e" />
			</value>
		</option>
		<option name="MACRONAME">
			<value>
				<option name="FOREGROUND" value="908b25" />
			</value>
		</option>
		<option name="MARKED_FOR_REMOVAL_ATTRIBUTES">
			<value>
				<option name="EFFECT_TYPE" value="3" />
				<option name="EFFECT_COLOR" value="ff0b00" />
			</value>
		</option>
		<option name="MATCHED_BRACE_ATTRIBUTES">
			<value>
				<option name="FONT_TYPE" value="1" />
				<option name="FOREGROUND" value="00ff00" />
				<option name="EFFECT_TYPE" value="4" />
			</value>
		</option>
		<option name="MESSAGE_ARGUMENT">
			<value>
				<option name="FOREGROUND" value="c4b3a3" />
			</value>
		</option>
		<option name="NOT_TOP_FRAME_ATTRIBUTES">
			<value>
				<option name="BACKGROUND" value="474747" />
			</value>
		</option>
		<option name="NOT_USED_ELEMENT_ATTRIBUTES">
			<value>
				<option name="FOREGROUND" value="ababab" />
				<option name="EFFECT_TYPE" value="3" />
			</value>
		</option>
		<option name="Number">
			<value>
				<option name="FOREGROUND" value="e6eaef" />
			</value>
		</option>
		<option name="OC$BADCHARACTER">
			<value>
				<option name="EFFECT_TYPE" value="2" />
				<option name="EFFECT_COLOR" value="ff5370" />
			</value>
		</option>
		<option name="OC$BLOCK_COMMENT">
			<value>
				<option name="FONT_TYPE" value="2" />
				<option name="FOREGROUND" value="44515e" />
			</value>
		</option>
		<option name="OC$BRACES">
			<value>
				<option name="FOREGROUND" value="909fae" />
			</value>
		</option>
		<option name="OC$BRACKETS">
			<value>
				<option name="FOREGROUND" value="909fae" />
			</value>
		</option>
		<option name="OC$CLASS_REFERENCE">
			<value>
				<option name="FOREGROUND" value="6ba77f" />
			</value>
		</option>
		<option name="OC$COMMA">
			<value>
				<option name="FOREGROUND" value="909fae" />
			</value>
		</option>
		<option name="OC$CPP_KEYWORD">
			<value>
				<option name="FOREGROUND" value="a7dbd8" />
			</value>
		</option>
		<option name="OC$DIRECTIVE">
			<value>
				<option name="FOREGROUND" value="228a96" />
			</value>
		</option>
		<option name="OC$DOT">
			<value>
				<option name="FOREGROUND" value="909fae" />
			</value>
		</option>
		<option name="OC$ENUM_CONST">
			<value>
				<option name="FOREGROUND" value="e6eaef" />
			</value>
		</option>
		<option name="OC$EXTERN_VARIABLE">
			<value>
				<option name="FOREGROUND" value="eeffe3" />
			</value>
		</option>
		<option name="OC$FORMAT_TOKEN">
			<value>
				<option name="FOREGROUND" value="909fae" />
			</value>
		</option>
		<option name="OC$FUNCTION">
			<value>
				<option name="FOREGROUND" value="6ba77f" />
			</value>
		</option>
		<option name="OC$GENERIC_PARAMETER">
			<value>
				<option name="FOREGROUND" value="addbbc" />
			</value>
		</option>
		<option name="OC$GLOBAL_VARIABLE">
			<value>
				<option name="FOREGROUND" value="eeffe3" />
			</value>
		</option>
		<option name="OC$HEADER_PATH">
			<value>
				<option name="FOREGROUND" value="e6ffd6" />
			</value>
		</option>
		<option name="OC$INVALID_STRING_ESCAPE">
			<value>
				<option name="EFFECT_TYPE" value="2" />
				<option name="EFFECT_COLOR" value="ff5370" />
			</value>
		</option>
		<option name="OC$IVAR">
			<value>
				<option name="FOREGROUND" value="aeb9c4" />
			</value>
		</option>
		<option name="OC$KEYWORD">
			<value>
				<option name="FOREGROUND" value="228a96" />
			</value>
		</option>
		<option name="OC$LABEL">
			<value>
				<option name="FOREGROUND" value="eeffe3" />
				<option name="EFFECT_TYPE" value="5" />
			</value>
		</option>
		<option name="OC$LINE_COMMENT">
			<value>
				<option name="FONT_TYPE" value="2" />
				<option name="FOREGROUND" value="44515e" />
			</value>
		</option>
		<option name="OC$LOCAL_VARIABLE">
			<value>
				<option name="FOREGROUND" value="eeffe3" />
			</value>
		</option>
		<option name="OC$MACRONAME">
			<value>
				<option name="FONT_TYPE" value="1" />
				<option name="FOREGROUND" value="6ba77f" />
			</value>
		</option>
		<option name="OC$MACRO_PARAMETER">
			<value>
				<option name="FOREGROUND" value="e6eaef" />
			</value>
		</option>
		<option name="OC$MESSAGE_ARGUMENT">
			<value>
				<option name="FOREGROUND" value="6ba77f" />
			</value>
		</option>
		<option name="OC$NAMESPACE_LIKE">
			<value>
				<option name="FOREGROUND" value="6ba77f" />
			</value>
		</option>
		<option name="OC$NUMBER">
			<value>
				<option name="FOREGROUND" value="e6eaef" />
			</value>
		</option>
		<option name="OC$OPERATION_SIGN">
			<value>
				<option name="FOREGROUND" value="909fae" />
			</value>
		</option>
		<option name="OC$OVERLOADED_OPERATOR">
			<value>
				<option name="FOREGROUND" value="909fae" />
			</value>
		</option>
		<option name="OC$PARAMETER">
			<value>
				<option name="FOREGROUND" value="e6eaef" />
			</value>
		</option>
		<option name="OC$PARENTHS">
			<value>
				<option name="FOREGROUND" value="909fae" />
			</value>
		</option>
		<option name="OC$PROPERTY">
			<value>
				<option name="FOREGROUND" value="aeb9c4" />
			</value>
		</option>
		<option name="OC$PROPERTY_ATTRIBUTE">
			<value>
				<option name="FOREGROUND" value="eeffe3" />
				<option name="EFFECT_TYPE" value="5" />
			</value>
		</option>
		<option name="OC$PROTOCOL_REFERENCE">
			<value>
				<option name="FONT_TYPE" value="2" />
				<option name="FOREGROUND" value="addbbc" />
			</value>
		</option>
		<option name="OC$SELFSUPERTHIS">
			<value>
				<option name="FOREGROUND" value="228a96" />
			</value>
		</option>
		<option name="OC$SEMICOLON">
			<value>
				<option name="FOREGROUND" value="909fae" />
			</value>
		</option>
		<option name="OC$STRING">
			<value>
				<option name="FOREGROUND" value="addbbc" />
			</value>
		</option>
		<option name="OC$STRUCT_FIELD">
			<value>
				<option name="FOREGROUND" value="aeb9c4" />
			</value>
		</option>
		<option name="OC$STRUCT_LIKE">
			<value>
				<option name="FOREGROUND" value="6ba77f" />
			</value>
		</option>
		<option name="OC$TEMPLATE_TYPE">
			<value>
				<option name="FOREGROUND" value="6ba77f" />
			</value>
		</option>
		<option name="OC$TEMPLATE_VALUE">
			<value>
				<option name="FOREGROUND" value="e6eaef" />
			</value>
		</option>
		<option name="OC$TYPEDEF">
			<value>
				<option name="FOREGROUND" value="228a96" />
			</value>
		</option>
		<option name="Operation sign">
			<value>
				<option name="FOREGROUND" value="909fae" />
			</value>
		</option>
		<option name="PARENTHESIS_ATTR">
			<value>
				<option name="FONT_TYPE" value="1" />
				<option name="FOREGROUND" value="00f9ff" />
			</value>
		</option>
		<option name="PERL_EMBED_MARKER">
			<value>
				<option name="FOREGROUND" value="909fae" />
			</value>
		</option>
		<option name="PHP_BAD_CHARACTER">
			<value>
				<option name="EFFECT_TYPE" value="2" />
				<option name="EFFECT_COLOR" value="ff5370" />
			</value>
		</option>
		<option name="PHP_BRACES">
			<value>
				<option name="FOREGROUND" value="909fae" />
			</value>
		</option>
		<option name="PHP_BRACKETS">
			<value>
				<option name="FOREGROUND" value="909fae" />
			</value>
		</option>
		<option name="PHP_CLASS">
			<value>
				<option name="FOREGROUND" value="6ba77f" />
			</value>
		</option>
		<option name="PHP_COMMA">
			<value>
				<option name="FOREGROUND" value="909fae" />
			</value>
		</option>
		<option name="PHP_COMMENT">
			<value>
				<option name="FONT_TYPE" value="2" />
				<option name="FOREGROUND" value="44515e" />
			</value>
		</option>
		<option name="PHP_CONSTANT">
			<value>
				<option name="FOREGROUND" value="e6eaef" />
			</value>
		</option>
		<option name="PHP_DOC_COMMENT_ID">
			<value>
				<option name="FONT_TYPE" value="2" />
				<option name="FOREGROUND" value="44515e" />
			</value>
		</option>
		<option name="PHP_DOC_TAG">
			<value>
				<option name="FOREGROUND" value="64778a" />
				<option name="EFFECT_TYPE" value="1" />
			</value>
		</option>
		<option name="PHP_EXEC_COMMAND_ID">
			<value>
				<option name="FOREGROUND" value="addbbc" />
			</value>
		</option>
		<option name="PHP_FUNCTION">
			<value>
				<option name="FOREGROUND" value="6ba77f" />
			</value>
		</option>
		<option name="PHP_FUNCTION_CALL">
			<value>
				<option name="FOREGROUND" value="6ba77f" />
			</value>
		</option>
		<option name="PHP_HEREDOC_CONTENT">
			<value>
				<option name="FOREGROUND" value="addbbc" />
			</value>
		</option>
		<option name="PHP_HEREDOC_ID">
			<value>
				<option name="FOREGROUND" value="aeb9c4" />
			</value>
		</option>
		<option name="PHP_IDENTIFIER">
			<value>
				<option name="FOREGROUND" value="aeb9c4" />
			</value>
		</option>
		<option name="PHP_INSTANCE_FIELD">
			<value>
				<option name="FOREGROUND" value="aeb9c4" />
			</value>
		</option>
		<option name="PHP_INSTANCE_METHOD">
			<value>
				<option name="FOREGROUND" value="6ba77f" />
			</value>
		</option>
		<option name="PHP_INTERFACE">
			<value>
				<option name="FOREGROUND" value="addbbc" />
			</value>
		</option>
		<option name="PHP_KEYWORD">
			<value>
				<option name="FONT_TYPE" value="2" />
				<option name="FOREGROUND" value="228a96" />
			</value>
		</option>
		<option name="PHP_MARKUP_ID">
			<value>
				<option name="FOREGROUND" value="44515e" />
			</value>
		</option>
		<option name="PHP_NUMBER">
			<value>
				<option name="FOREGROUND" value="e6eaef" />
			</value>
		</option>
		<option name="PHP_OPERATION_SIGN">
			<value>
				<option name="FOREGROUND" value="909fae" />
			</value>
		</option>
		<option name="PHP_PARAMETER">
			<value>
				<option name="FOREGROUND" value="e6eaef" />
			</value>
		</option>
		<option name="PHP_PARENTHESES">
			<value>
				<option name="FOREGROUND" value="909fae" />
			</value>
		</option>
		<option name="PHP_PREDEFINED SYMBOL">
			<value>
				<option name="FOREGROUND" value="6ba77f" />
			</value>
		</option>
		<option name="PHP_SCRIPTING_BACKGROUND">
			<value>
				<option name="BACKGROUND" value="252c33" />
			</value>
		</option>
		<option name="PHP_SEMICOLON">
			<value>
				<option name="FOREGROUND" value="909fae" />
			</value>
		</option>
		<option name="PHP_STATIC_FIELD">
			<value>
				<option name="FONT_TYPE" value="2" />
				<option name="FOREGROUND" value="aeb9c4" />
			</value>
		</option>
		<option name="PHP_STATIC_METHOD">
			<value>
				<option name="FOREGROUND" value="6ba77f" />
			</value>
		</option>
		<option name="PHP_STRING">
			<value>
				<option name="FOREGROUND" value="addbbc" />
			</value>
		</option>
		<option name="PHP_TAG">
			<value>
				<option name="FONT_TYPE" value="2" />
				<option name="FOREGROUND" value="228a96" />
			</value>
		</option>
		<option name="PHP_VAR">
			<value>
				<option name="FOREGROUND" value="aeb9c4" />
			</value>
		</option>
		<option name="PROPERTIES$INVALID_STRING_ESCAPE">
			<value>
				<option name="EFFECT_TYPE" value="2" />
				<option name="EFFECT_COLOR" value="722c40" />
			</value>
		</option>
		<option name="PROPERTIES$KEY">
			<value>
				<option name="FONT_TYPE" value="2" />
				<option name="FOREGROUND" value="228a96" />
			</value>
		</option>
		<option name="PROPERTIES$KEY_VALUE_SEPARATOR">
			<value>
				<option name="FOREGROUND" value="909fae" />
			</value>
		</option>
		<option name="PROPERTIES$VALUE">
			<value>
				<option name="FOREGROUND" value="addbbc" />
			</value>
		</option>
		<option name="PROTOCOL_REFERENCE">
			<value>
				<option name="FOREGROUND" value="219598" />
			</value>
		</option>
		<option name="PY$DECORATOR">
			<value>
				<option name="FOREGROUND" value="bdff00" />
				<option name="BACKGROUND" value="000000" />
				<option name="EFFECT_TYPE" value="5" />
			</value>
		</option>
		<option name="PY$STRING">
			<value>
				<option name="FOREGROUND" value="addbbc" />
			</value>
		</option>
		<option name="Parentheses">
			<value>
				<option name="FOREGROUND" value="909fae" />
			</value>
		</option>
		<option name="QL_ATTRIBUTE">
			<value>
				<option name="FOREGROUND" value="aeb9c4" />
			</value>
		</option>
		<option name="QL_BAD_CHARACTER">
			<value>
				<option name="EFFECT_TYPE" value="2" />
				<option name="EFFECT_COLOR" value="ff5370" />
			</value>
		</option>
		<option name="QL_COMMA">
			<value>
				<option name="FOREGROUND" value="909fae" />
			</value>
		</option>
		<option name="QL_DATETIME">
			<value>
				<option name="FOREGROUND" value="e6eaef" />
			</value>
		</option>
		<option name="QL_DOT">
			<value>
				<option name="FOREGROUND" value="909fae" />
			</value>
		</option>
		<option name="QL_ENTITY">
			<value>
				<option name="FOREGROUND" value="6ba77f" />
			</value>
		</option>
		<option name="QL_FUNCTION">
			<value>
				<option name="FOREGROUND" value="6ba77f" />
			</value>
		</option>
		<option name="QL_ID_VARIABLE">
			<value>
				<option name="FOREGROUND" value="aeb9c4" />
			</value>
		</option>
		<option name="QL_KEYWORD">
			<value>
				<option name="FONT_TYPE" value="2" />
				<option name="FOREGROUND" value="228a96" />
			</value>
		</option>
		<option name="QL_NUMBER">
			<value>
				<option name="FOREGROUND" value="e6eaef" />
			</value>
		</option>
		<option name="QL_OPERATION_SIGN">
			<value>
				<option name="FOREGROUND" value="909fae" />
			</value>
		</option>
		<option name="QL_PARAMETER">
			<value>
				<option name="FOREGROUND" value="e6eaef" />
			</value>
		</option>
		<option name="QL_PARENTHS">
			<value>
				<option name="FOREGROUND" value="909fae" />
			</value>
		</option>
		<option name="QL_STRING">
			<value>
				<option name="FOREGROUND" value="addbbc" />
			</value>
		</option>
		<option name="REGEXP$BRACES">
			<value>
				<option name="FOREGROUND" value="909fae" />
			</value>
		</option>
		<option name="REGEXP$BRACKETS">
			<value>
				<option name="FOREGROUND" value="909fae" />
			</value>
		</option>
		<option name="REGEXP$CHAR_CLASS">
			<value>
				<option name="FOREGROUND" value="addbbc" />
			</value>
		</option>
		<option name="REGEXP$META">
			<value>
				<option name="FOREGROUND" value="909fae" />
			</value>
		</option>
		<option name="REGEXP$PARENTHS">
			<value>
				<option name="FOREGROUND" value="909fae" />
			</value>
		</option>
		<option name="REST$FIXED">
			<value>
				<option name="BACKGROUND" value="252b39" />
			</value>
		</option>
		<option name="REST$INLINE">
			<value>
				<option name="BACKGROUND" value="252b39" />
			</value>
		</option>
		<option name="REST$INTERPRETED">
			<value>
				<option name="BACKGROUND" value="252b39" />
			</value>
		</option>
		<option name="RHTML_COMMENT_ID">
			<value>
				<option name="FONT_TYPE" value="2" />
				<option name="FOREGROUND" value="546e7a" />
			</value>
		</option>
		<option name="RHTML_EXPRESSION_END_ID">
			<value>
				<option name="FOREGROUND" value="909fae" />
			</value>
		</option>
		<option name="RHTML_EXPRESSION_START_ID">
			<value>
				<option name="FOREGROUND" value="909fae" />
			</value>
		</option>
		<option name="RHTML_OMIT_NEW_LINE_ID">
			<value>
				<option name="FONT_TYPE" value="2" />
				<option name="FOREGROUND" value="6ba77f" />
			</value>
		</option>
		<option name="RHTML_SCRIPTING_BACKGROUND_ID">
			<value>
				<option name="FOREGROUND" value="909fae" />
			</value>
		</option>
		<option name="RHTML_SCRIPTLET_END_ID">
			<value>
				<option name="FOREGROUND" value="909fae" />
			</value>
		</option>
		<option name="RHTML_SCRIPTLET_START_ID">
			<value>
				<option name="FOREGROUND" value="909fae" />
			</value>
		</option>
		<option name="ROUND_BRACKETS_RAINBOW_COLOR0">
			<value>
				<option name="FOREGROUND" value="ffcb00" />
			</value>
		</option>
		<option name="ROUND_BRACKETS_RAINBOW_COLOR1">
			<value>
				<option name="FOREGROUND" value="00ff2d" />
			</value>
		</option>
		<option name="ROUND_BRACKETS_RAINBOW_COLOR2">
			<value>
				<option name="FOREGROUND" value="b000ff" />
			</value>
		</option>
		<option name="ROUND_BRACKETS_RAINBOW_COLOR3">
			<value>
				<option name="FOREGROUND" value="ff00d3" />
			</value>
		</option>
		<option name="ROUND_BRACKETS_RAINBOW_COLOR4">
			<value>
				<option name="FOREGROUND" value="00ffe5" />
			</value>
		</option>
		<option name="RUBY_BRACKETS">
			<value>
				<option name="FOREGROUND" value="909fae" />
			</value>
		</option>
		<option name="RUBY_COLON">
			<value>
				<option name="FOREGROUND" value="909fae" />
			</value>
		</option>
		<option name="RUBY_CONSTANT_DECLARATION">
			<value>
				<option name="FOREGROUND" value="e6eaef" />
			</value>
		</option>
		<option name="RUBY_CVAR">
			<value>
				<option name="FOREGROUND" value="aeb9c4" />
			</value>
		</option>
		<option name="RUBY_DOT">
			<value>
				<option name="FOREGROUND" value="909fae" />
			</value>
		</option>
		<option name="RUBY_EXPR_IN_STRING">
			<value>
				<option name="FOREGROUND" value="909fae" />
			</value>
		</option>
		<option name="RUBY_INVALID_ESCAPE_SEQUENCE">
			<value>
				<option name="EFFECT_TYPE" value="2" />
				<option name="EFFECT_COLOR" value="722c40" />
			</value>
		</option>
		<option name="RUNTIME_ERROR">
			<value>
				<option name="EFFECT_COLOR" value="ff7d00" />
			</value>
		</option>
		<option name="ReSharper$ASP_NET_BLOCK_TAG">
			<value>
				<option name="FOREGROUND" value="909fae" />
			</value>
		</option>
		<option name="ReSharper$ASP_NET_COMMENT">
			<value>
				<option name="FONT_TYPE" value="2" />
				<option name="FOREGROUND" value="44515e" />
			</value>
		</option>
		<option name="ReSharper$ASP_NET_ENTITY_REFERENCE">
			<value>
				<option name="FOREGROUND" value="eeffe3" />
			</value>
		</option>
		<option name="ReSharper$ASP_NET_MVC_ACTION">
			<value>
				<option name="FOREGROUND" value="6ba77f" />
				<option name="EFFECT_TYPE" value="1" />
			</value>
		</option>
		<option name="ReSharper$ASP_NET_MVC_AREA">
			<value>
				<option name="EFFECT_TYPE" value="1" />
			</value>
		</option>
		<option name="ReSharper$ASP_NET_MVC_CONTROLLER">
			<value>
				<option name="FOREGROUND" value="6ba77f" />
				<option name="EFFECT_TYPE" value="1" />
			</value>
		</option>
		<option name="ReSharper$ASP_NET_MVC_VIEW">
			<value>
				<option name="FOREGROUND" value="addbbc" />
				<option name="EFFECT_TYPE" value="1" />
			</value>
		</option>
		<option name="ReSharper$ASP_NET_MVC_VIEW_COMPONENT">
			<value>
				<option name="FOREGROUND" value="6ba77f" />
				<option name="EFFECT_TYPE" value="1" />
			</value>
		</option>
		<option name="ReSharper$ASP_NET_RAZOR_CODE_BLOCK_TAG">
			<value>
				<option name="FOREGROUND" value="909fae" />
			</value>
		</option>
		<option name="ReSharper$ASP_NET_RUN_AT_ATTRIBUTE">
			<value>
				<option name="FOREGROUND" value="228a96" />
			</value>
		</option>
		<option name="ReSharper$DELEGATE_IDENTIFIER">
			<value>
				<option name="FONT_TYPE" value="1" />
				<option name="FOREGROUND" value="228a96" />
			</value>
		</option>
		<option name="ReSharper$ENUM_IDENTIFIER">
			<value>
				<option name="FOREGROUND" value="e6eaef" />
			</value>
		</option>
		<option name="ReSharper$EXTENSION_METHOD_IDENTIFIER">
			<value>
				<option name="FOREGROUND" value="6ba77f" />
			</value>
		</option>
		<option name="ReSharper$HINT">
			<value>
				<option name="EFFECT_TYPE" value="5" />
				<option name="EFFECT_COLOR" value="909fae" />
			</value>
		</option>
		<option name="ReSharper$LATE_BOUND_IDENTIFIER">
			<value>
				<option name="FOREGROUND" value="aeb9c4" />
			</value>
		</option>
		<option name="ReSharper$MUTABLE_LOCAL_VARIABLE_IDENTIFIER">
			<value>
				<option name="FOREGROUND" value="aeb9c4" />
			</value>
		</option>
		<option name="ReSharper$OUTLINED_ENTITY">
			<value>
				<option name="FOREGROUND" value="474747" />
			</value>
		</option>
		<option name="ReSharper$STATIC_CLASS_IDENTIFIER">
			<value>
				<option name="FOREGROUND" value="6ba77f" />
			</value>
		</option>
		<option name="ReSharper$STRUCT_IDENTIFIER">
			<value>
				<option name="FOREGROUND" value="e6eaef" />
			</value>
		</option>
		<option name="ReSharper$TYPE_PARAMETER_IDENTIFIER">
			<value>
				<option name="FOREGROUND" value="addbbc" />
			</value>
		</option>
		<option name="SASS_MIXIN">
			<value>
				<option name="FONT_TYPE" value="2" />
				<option name="FOREGROUND" value="6ba77f" />
			</value>
		</option>
		<option name="SASS_VARIABLE">
			<value>
				<option name="FOREGROUND" value="e6eaef" />
			</value>
		</option>
		<option name="SEARCH_RESULT_ATTRIBUTES">
			<value>
				<option name="EFFECT_COLOR" value="d600a1" />
			</value>
		</option>
		<option name="SPY-JS$FUNCTION_SCOPE">
			<value>
				<option name="EFFECT_TYPE" value="2" />
			</value>
		</option>
		<option name="SPY-JS$PATH_LEVEL_ONE">
			<value>
				<option name="EFFECT_TYPE" value="2" />
			</value>
		</option>
		<option name="SQUARE_BRACKETS_RAINBOW_COLOR0">
			<value>
				<option name="FOREGROUND" value="ff00fe" />
			</value>
		</option>
		<option name="SQUARE_BRACKETS_RAINBOW_COLOR1">
			<value>
				<option name="FOREGROUND" value="eeff00" />
			</value>
		</option>
		<option name="SQUARE_BRACKETS_RAINBOW_COLOR2">
			<value>
				<option name="FOREGROUND" value="00fffe" />
			</value>
		</option>
		<option name="SQUIGGLY_BRACKETS_RAINBOW_COLOR0">
			<value>
				<option name="FOREGROUND" value="00fffe" />
			</value>
		</option>
		<option name="SQUIGGLY_BRACKETS_RAINBOW_COLOR1">
			<value>
				<option name="FOREGROUND" value="82ff00" />
			</value>
		</option>
		<option name="SQUIGGLY_BRACKETS_RAINBOW_COLOR2">
			<value>
				<option name="FOREGROUND" value="ff00fe" />
			</value>
		</option>
		<option name="SUGGESTION">
			<value>
				<option name="EFFECT_TYPE" value="2" />
				<option name="EFFECT_COLOR" value="607d8b" />
			</value>
		</option>
		<option name="Scala Anonymous Parameter">
			<value>
				<option name="FOREGROUND" value="e6eaef" />
			</value>
		</option>
		<option name="Scala Bad character">
			<value>
				<option name="EFFECT_TYPE" value="2" />
				<option name="EFFECT_COLOR" value="ff5370" />
			</value>
		</option>
		<option name="Scala Braces">
			<value>
				<option name="FOREGROUND" value="909fae" />
			</value>
		</option>
		<option name="Scala Brackets">
			<value>
				<option name="FOREGROUND" value="909fae" />
			</value>
		</option>
		<option name="Scala Colon">
			<value>
				<option name="FOREGROUND" value="909fae" />
			</value>
		</option>
		<option name="Scala Comma">
			<value>
				<option name="FOREGROUND" value="909fae" />
			</value>
		</option>
		<option name="Scala Dot">
			<value>
				<option name="FOREGROUND" value="909fae" />
			</value>
		</option>
		<option name="Scala Invalid escape in string">
			<value>
				<option name="EFFECT_TYPE" value="2" />
				<option name="EFFECT_COLOR" value="ff5370" />
			</value>
		</option>
		<option name="Scala Line comment">
			<value>
				<option name="FONT_TYPE" value="2" />
				<option name="FOREGROUND" value="44515e" />
			</value>
		</option>
		<option name="Scala Local lazy val/var">
			<value>
				<option name="FOREGROUND" value="aeb9c4" />
			</value>
		</option>
		<option name="Scala Local variable">
			<value>
				<option name="FOREGROUND" value="aeb9c4" />
			</value>
		</option>
		<option name="Scala Mutable Collection">
			<value>
				<option name="FOREGROUND" value="aeb9c4" />
				<option name="EFFECT_TYPE" value="5" />
				<option name="EFFECT_COLOR" value="228a96" />
			</value>
		</option>
		<option name="Scala Parameter">
			<value>
				<option name="FOREGROUND" value="e6eaef" />
			</value>
		</option>
		<option name="Scala Pattern value">
			<value>
				<option name="FOREGROUND" value="aeb9c4" />
			</value>
		</option>
		<option name="Scala Semicolon">
			<value>
				<option name="FOREGROUND" value="909fae" />
			</value>
		</option>
		<option name="Scala Template lazy val/var">
			<value>
				<option name="FOREGROUND" value="aeb9c4" />
			</value>
		</option>
		<option name="Scala Template val">
			<value>
				<option name="FOREGROUND" value="aeb9c4" />
			</value>
		</option>
		<option name="Scala Template var">
			<value>
				<option name="FOREGROUND" value="aeb9c4" />
			</value>
		</option>
		<option name="Scala Trait">
			<value>
				<option name="FOREGROUND" value="addbbc" />
			</value>
		</option>
		<option name="Scala Type Alias">
			<value>
				<option name="FOREGROUND" value="e6eaef" />
			</value>
		</option>
		<option name="Scala XML comment">
			<value>
				<option name="FONT_TYPE" value="2" />
				<option name="FOREGROUND" value="44515e" />
			</value>
		</option>
		<option name="ScalaDoc wiki syntax elements">
			<value>
				<option name="FOREGROUND" value="44515e" />
			</value>
		</option>
		<option name="Scalatest keyword">
			<value>
				<option name="FONT_TYPE" value="2" />
				<option name="FOREGROUND" value="228a96" />
			</value>
		</option>
		<option name="Static field">
			<value>
				<option name="FOREGROUND" value="e6eaef" />
				<option name="EFFECT_TYPE" value="1" />
			</value>
		</option>
		<option name="Static property reference ID">
			<value>
				<option name="FOREGROUND" value="e6eaef" />
				<option name="EFFECT_TYPE" value="1" />
			</value>
		</option>
		<option name="TAPESTRY_COMPONENT_TAG">
			<value>
				<option name="FONT_TYPE" value="1" />
				<option name="FOREGROUND" value="a7dbd8" />
			</value>
		</option>
		<option name="TEMPLATE_VARIABLE_ATTRIBUTES">
			<value>
				<option name="FONT_TYPE" value="1" />
				<option name="EFFECT_TYPE" value="1" />
				<option name="EFFECT_COLOR" value="ffffff" />
			</value>
		</option>
		<option name="TEXT">
			<value>
				<option name="FOREGROUND" value="ffffff" />
				<option name="BACKGROUND" value="000000" />
				<option name="EFFECT_TYPE" value="5" />
			</value>
		</option>
		<option name="TEXT_SEARCH_RESULT_ATTRIBUTES">
			<value>
				<option name="EFFECT_COLOR" value="00ff9e" />
			</value>
		</option>
		<option name="TODO_DEFAULT_ATTRIBUTES">
			<value>
				<option name="FONT_TYPE" value="2" />
				<option name="FOREGROUND" value="bdff00" />
			</value>
		</option>
		<option name="TYPEDEF">
			<value>
				<option name="FOREGROUND" value="c7c8f5" />
			</value>
		</option>
		<option name="TYPO">
			<value>
				<option name="FOREGROUND" value="e300ff" />
				<option name="EFFECT_TYPE" value="4" />
			</value>
		</option>
		<option name="Trait name">
			<value>
				<option name="FOREGROUND" value="addbbc" />
			</value>
		</option>
		<option name="Type parameter">
			<value>
				<option name="FOREGROUND" value="e6eaef" />
			</value>
		</option>
		<option name="UNMATCHED_BRACE_ATTRIBUTES">
			<value>
				<option name="FOREGROUND" value="ff0007" />
				<option name="EFFECT_TYPE" value="4" />
				<option name="EFFECT_COLOR" value="ff0007" />
			</value>
		</option>
		<option name="VELOCITY_KEYWORD">
			<value>
				<option name="FONT_TYPE" value="1" />
				<option name="FOREGROUND" value="a7dbd8" />
			</value>
		</option>
		<option name="VELOCITY_NUMBER">
			<value>
				<option name="FOREGROUND" value="f36e3a" />
			</value>
		</option>
		<option name="VELOCITY_SCRIPTING_BACKGROUND">
			<value>
				<option name="BACKGROUND" value="252b39" />
			</value>
		</option>
		<option name="Valid string escape">
			<value>
				<option name="FOREGROUND" value="909fae" />
			</value>
		</option>
		<option name="WARNING_ATTRIBUTES">
			<value>
				<option name="FOREGROUND" value="ffb200" />
				<option name="EFFECT_TYPE" value="4" />
			</value>
		</option>
		<option name="WRITE_IDENTIFIER_UNDER_CARET_ATTRIBUTES">
			<value>
				<option name="FOREGROUND" value="ffffff" />
				<option name="BACKGROUND" value="3333ff" />
			</value>
		</option>
		<option name="WRITE_SEARCH_RESULT_ATTRIBUTES">
			<value>
				<option name="EFFECT_COLOR" value="d600a1" />
			</value>
		</option>
		<option name="WRONG_REFERENCES_ATTRIBUTES">
			<value>
				<option name="EFFECT_COLOR" value="ff0b00" />
			</value>
		</option>
		<option name="XML_TAG">
			<value>
				<option name="FOREGROUND" value="909fae" />
			</value>
		</option>
		<option name="osmorc$headerName">
			<value>
				<option name="FONT_TYPE" value="1" />
				<option name="FOREGROUND" value="a7dbd8" />
			</value>
		</option>
	</attributes>
</scheme>