<?xml version="1.0" encoding="UTF-8"?>
<scheme name="Energetic Badger" version="1" parent_scheme="Default">
	<option name="LINE_SPACING" value="1.0" />
	<option name="EDITOR_FONT_SIZE" value="12" />
	<option name="EDITOR_FONT_NAME" value="Menlo" />
	<colors>
		<option name="CARET_ROW_COLOR" value="f7f9ef" />
		<option name="CONSOLE_BACKGROUND_KEY" value="181818" />
		<option name="GUTTER_BACKGROUND" value="f7f7f7" />
		<option name="READONLY_BACKGROUND" value="fff6e0" />
		<option name="WHITESPACES" value="000000" />
	</colors>
	<attributes>
		<option name="CONSOLE_BLUE_OUTPUT">
			<value>
				<option name="FOREGROUND" value="4a67ee" />
			</value>
		</option>
		<option name="CONSOLE_NORMAL_OUTPUT">
			<value>
				<option name="FOREGROUND" value="fdfff5" />
			</value>
		</option>
		<option name="CSS$COLOR">
			<value>
				<option name="FOREGROUND" value="7c219b" />
			</value>
		</option>
		<option name="CSS$IMPORTANT">
			<value>
				<option name="FONT_TYPE" value="1" />
				<option name="FOREGROUND" value="b01e1e" />
			</value>
		</option>
		<option name="CTRL_CLICKABLE">
			<value>
				<option name="FOREGROUND" value="3465a4" />
				<option name="EFFECT_TYPE" value="1" />
				<option name="EFFECT_COLOR" value="3465a4" />
			</value>
		</option>
		<option name="DEFAULT_ATTRIBUTE">
			<value>
				<option name="FOREGROUND" value="187a13" />
			</value>
		</option>
		<option name="DEFAULT_BLOCK_COMMENT">
			<value>
				<option name="FOREGROUND" value="808080" />
			</value>
		</option>
		<option name="DEFAULT_CONSTANT">
			<value>
				<option name="FOREGROUND" value="7c219b" />
			</value>
		</option>
		<option name="DEFAULT_DOC_COMMENT">
			<value>
				<option name="FOREGROUND" value="808080" />
			</value>
		</option>
		<option name="DEFAULT_DOC_COMMENT_TAG">
			<value>
				<option name="FONT_TYPE" value="1" />
				<option name="EFFECT_TYPE" value="1" />
			</value>
		</option>
		<option name="DEFAULT_DOC_COMMENT_TAG_VALUE">
			<value>
				<option name="FOREGROUND" value="3d3d3d" />
			</value>
		</option>
		<option name="DEFAULT_ENTITY">
			<value>
				<option name="FONT_TYPE" value="1" />
				<option name="FOREGROUND" value="7c219b" />
			</value>
		</option>
		<option name="DEFAULT_GLOBAL_VARIABLE">
			<value>
				<option name="FONT_TYPE" value="2" />
				<option name="FOREGROUND" value="7c219b" />
			</value>
		</option>
		<option name="DEFAULT_INSTANCE_FIELD">
			<value>
				<option name="FOREGROUND" value="187a13" />
			</value>
		</option>
		<option name="DEFAULT_INVALID_STRING_ESCAPE">
			<value>
				<option name="FOREGROUND" value="7c219b" />
				<option name="BACKGROUND" value="ffcccc" />
			</value>
		</option>
		<option name="DEFAULT_KEYWORD">
			<value>
				<option name="FOREGROUND" value="2e6ac1" />
			</value>
		</option>
		<option name="DEFAULT_LABEL">
			<value>
				<option name="FOREGROUND" value="b01e1e" />
				<option name="EFFECT_TYPE" value="1" />
				<option name="EFFECT_COLOR" value="c9c9c9" />
			</value>
		</option>
		<option name="DEFAULT_LINE_COMMENT">
			<value>
				<option name="FOREGROUND" value="808080" />
			</value>
		</option>
		<option name="DEFAULT_LOCAL_VARIABLE">
			<value>
				<option name="FOREGROUND" value="187a13" />
			</value>
		</option>
		<option name="DEFAULT_METADATA">
			<value>
				<option name="FOREGROUND" value="7fb0b0" />
			</value>
		</option>
		<option name="DEFAULT_NUMBER">
			<value>
				<option name="FOREGROUND" value="327e85" />
			</value>
		</option>
		<option name="DEFAULT_PARAMETER">
			<value>
				<option name="FOREGROUND" value="187a13" />
			</value>
		</option>
		<option name="DEFAULT_PREDEFINED_SYMBOL">
			<value>
				<option name="FOREGROUND" value="3465a4" />
			</value>
		</option>
		<option name="DEFAULT_STATIC_FIELD">
			<value>
				<option name="FOREGROUND" value="660e7a" />
			</value>
		</option>
		<option name="DEFAULT_STRING">
			<value>
				<option name="FOREGROUND" value="b01e1e" />
			</value>
		</option>
		<option name="DEFAULT_VALID_STRING_ESCAPE">
			<value>
				<option name="FONT_TYPE" value="1" />
				<option name="FOREGROUND" value="7c219b" />
			</value>
		</option>
		<option name="FOLDED_TEXT_ATTRIBUTES">
			<value>
				<option name="FOREGROUND" value="666666" />
				<option name="BACKGROUND" value="cdf8fa" />
				<option name="EFFECT_TYPE" value="1" />
			</value>
		</option>
		<option name="FOLLOWED_HYPERLINK_ATTRIBUTES">
			<value>
				<option name="FOREGROUND" value="3465a4" />
				<option name="EFFECT_TYPE" value="1" />
				<option name="EFFECT_COLOR" value="3465a4" />
			</value>
		</option>
		<option name="HYPERLINK_ATTRIBUTES">
			<value>
				<option name="FOREGROUND" value="3465a4" />
				<option name="EFFECT_TYPE" value="1" />
				<option name="EFFECT_COLOR" value="3465a4" />
			</value>
		</option>
		<option name="JS$GLOBAL_VARIABLE">
			<value>
				<option name="FONT_TYPE" value="2" />
				<option name="FOREGROUND" value="660e7a" />
			</value>
		</option>
		<option name="LOG_VERBOSE_OUTPUT">
			<value>
				<option name="FOREGROUND" value="3a64ee" />
			</value>
		</option>
		<option name="MAGIC_MEMBER_ACCESS">
			<value>
				<option name="FONT_TYPE" value="2" />
				<option name="FOREGROUND" value="7c219b" />
			</value>
		</option>
		<option name="PHP_EXEC_COMMAND_ID">
			<value>
				<option name="BACKGROUND" value="fff2e7" />
				<option name="EFFECT_TYPE" value="1" />
				<option name="EFFECT_COLOR" value="ffaff8" />
			</value>
		</option>
		<option name="PHP_TAG">
			<value>
				<option name="FONT_TYPE" value="1" />
			</value>
		</option>
		<option name="PHP_VAR_VAR">
			<value>
				<option name="FOREGROUND" value="7c219b" />
			</value>
		</option>
		<option name="REGEXP$BRACKETS">
			<value>
				<option name="FOREGROUND" value="e8a264" />
			</value>
		</option>
		<option name="TEMPLATE_VARIABLE_ATTRIBUTES">
			<value>
				<option name="FOREGROUND" value="b01e1e" />
			</value>
		</option>
		<option name="TEXT">
			<value>
				<option name="FOREGROUND" value="181818" />
				<option name="BACKGROUND" value="fdfff5" />
			</value>
		</option>
		<option name="TODO_DEFAULT_ATTRIBUTES">
			<value>
				<option name="FOREGROUND" value="2d8d2d" />
			</value>
		</option>
		<option name="WARNING_ATTRIBUTES">
			<value>
				<option name="ERROR_STRIPE_COLOR" value="ebc700" />
				<option name="EFFECT_TYPE" value="2" />
				<option name="EFFECT_COLOR" value="ffbc52" />
			</value>
		</option>
		<option name="YAML_ANCHOR">
			<value>
				<option name="FOREGROUND" value="2d8d2d" />
			</value>
		</option>
	</attributes>
</scheme>