<?xml version="1.0" encoding="UTF-8"?>
<scheme name="Espresso Tutti" version="1" parent_scheme="Default">
	<option name="LINE_SPACING" value="1.0" />
	<option name="EDITOR_FONT_SIZE" value="12" />
	<option name="EDITOR_FONT_NAME" value="Menlo" />
	<colors>
		<option name="CARET_COLOR" value="000000" />
		<option name="CARET_ROW_COLOR" value="000000" />
		<option name="GUTTER_BACKGROUND" value="f2f5f7" />
		<option name="INFORMATION_HINT" value="fdfee2" />
		<option name="LINE_NUMBERS_COLOR" value="b3bdc4" />
		<option name="QUESTION_HINT" value="bbd3fe" />
		<option name="SELECTED_TEARLINE_COLOR" value="bac5cb" />
		<option name="SELECTION_BACKGROUND" value="deebff" />
		<option name="SELECTION_FOREGROUND" value="000000" />
		<option name="TEARLINE_COLOR" value="dae6ec" />
	</colors>
	<attributes>
		<option name="ABSTRACT_CLASS_NAME_ATTRIBUTES">
			<value>
				<option name="FONT_TYPE" value="1" />
				<option name="FOREGROUND" value="3a1d72" />
			</value>
		</option>
		<option name="ANNOTATION_ATTRIBUTE_NAME_ATTRIBUTES">
			<value>
				<option name="FONT_TYPE" value="1" />
			</value>
		</option>
		<option name="ANONYMOUS_CLASS_NAME_ATTRIBUTES">
			<value>
				<option name="FONT_TYPE" value="1" />
				<option name="FOREGROUND" value="3a1d72" />
			</value>
		</option>
		<option name="CONSOLE_ERROR_OUTPUT">
			<value>
				<option name="FOREGROUND" value="e76613" />
			</value>
		</option>
		<option name="CONSTRUCTOR_DECLARATION_ATTRIBUTES">
			<value>
				<option name="FONT_TYPE" value="1" />
				<option name="FOREGROUND" value="3a1d72" />
				<option name="EFFECT_TYPE" value="4" />
			</value>
		</option>
		<option name="CTRL_CLICKABLE">
			<value>
				<option name="FOREGROUND" value="0000ff" />
				<option name="EFFECT_TYPE" value="1" />
				<option name="EFFECT_COLOR" value="9cd2ff" />
			</value>
		</option>
		<option name="DEFAULT_CLASS_NAME">
			<value>
				<option name="FONT_TYPE" value="1" />
				<option name="FOREGROUND" value="3a1d72" />
			</value>
		</option>
		<option name="DEFAULT_DOC_COMMENT">
			<value>
				<option name="FOREGROUND" value="808080" />
			</value>
		</option>
		<option name="DEFAULT_GLOBAL_VARIABLE">
			<value>
				<option name="FOREGROUND" value="000000" />
			</value>
		</option>
		<option name="DEFAULT_INSTANCE_FIELD">
			<value>
				<option name="FONT_TYPE" value="1" />
				<option name="FOREGROUND" value="000000" />
			</value>
		</option>
		<option name="DEFAULT_INTERFACE_NAME">
			<value>
				<option name="FONT_TYPE" value="1" />
				<option name="FOREGROUND" value="31ab95" />
			</value>
		</option>
		<option name="DEFAULT_INVALID_STRING_ESCAPE">
			<value>
				<option name="FONT_TYPE" value="1" />
				<option name="FOREGROUND" value="fffbfb" />
				<option name="BACKGROUND" value="ff400b" />
			</value>
		</option>
		<option name="DEFAULT_KEYWORD">
			<value>
				<option name="FONT_TYPE" value="1" />
				<option name="FOREGROUND" value="61862f" />
			</value>
		</option>
		<option name="DEFAULT_LINE_COMMENT">
			<value>
				<option name="FOREGROUND" value="aeaeae" />
			</value>
		</option>
		<option name="DEFAULT_NUMBER">
			<value>
				<option name="FOREGROUND" value="6a6bbb" />
				<option name="BACKGROUND" value="f5f8ff" />
			</value>
		</option>
		<option name="DEFAULT_OPERATION_SIGN">
			<value>
				<option name="FOREGROUND" value="626fc9" />
			</value>
		</option>
		<option name="DEFAULT_STRING">
			<value>
				<option name="FONT_TYPE" value="1" />
				<option name="FOREGROUND" value="bc6100" />
				<option name="BACKGROUND" value="fffdf7" />
			</value>
		</option>
		<option name="DEFAULT_VALID_STRING_ESCAPE">
			<value>
				<option name="FONT_TYPE" value="1" />
				<option name="FOREGROUND" value="e89031" />
				<option name="BACKGROUND" value="fffaf3" />
			</value>
		</option>
		<option name="ENUM_NAME_ATTRIBUTES">
			<value>
				<option name="FOREGROUND" value="3a1d72" />
			</value>
		</option>
		<option name="ERRORS_ATTRIBUTES">
			<value>
				<option name="ERROR_STRIPE_COLOR" value="cf5b56" />
				<option name="EFFECT_TYPE" value="4" />
				<option name="EFFECT_COLOR" value="ff0000" />
			</value>
		</option>
		<option name="FOLDED_TEXT_ATTRIBUTES">
			<value>
				<option name="FONT_TYPE" value="1" />
				<option name="FOREGROUND" value="a47220" />
				<option name="BACKGROUND" value="faf9dd" />
				<option name="EFFECT_TYPE" value="1" />
			</value>
		</option>
		<option name="FOLLOWED_HYPERLINK_ATTRIBUTES">
			<value>
				<option name="FOREGROUND" value="0000ff" />
				<option name="EFFECT_TYPE" value="4" />
				<option name="EFFECT_COLOR" value="9cd2ff" />
			</value>
		</option>
		<option name="HTML_ATTRIBUTE_NAME">
			<value>
				<option name="FOREGROUND" value="2d8dcf" />
				<option name="BACKGROUND" value="ffffff" />
			</value>
		</option>
		<option name="HTML_ATTRIBUTE_VALUE">
			<value>
				<option name="FOREGROUND" value="d44950" />
				<option name="BACKGROUND" value="fffdfa" />
			</value>
		</option>
		<option name="HTML_CODE">
			<value>
				<option name="FOREGROUND" value="6998bf" />
			</value>
		</option>
		<option name="HTML_COMMENT">
			<value>
				<option name="FONT_TYPE" value="2" />
				<option name="FOREGROUND" value="808080" />
			</value>
		</option>
		<option name="HTML_ENTITY_REFERENCE">
			<value>
				<option name="FONT_TYPE" value="1" />
				<option name="FOREGROUND" value="d97e13" />
				<option name="BACKGROUND" value="fff9f2" />
			</value>
		</option>
		<option name="HTML_TAG_NAME">
			<value>
				<option name="FOREGROUND" value="2f6f9f" />
				<option name="BACKGROUND" value="f8fdfd" />
			</value>
		</option>
		<option name="HYPERLINK_ATTRIBUTES">
			<value>
				<option name="FOREGROUND" value="0000ff" />
				<option name="EFFECT_TYPE" value="4" />
				<option name="EFFECT_COLOR" value="9cd2ff" />
			</value>
		</option>
		<option name="IDENTIFIER_UNDER_CARET_ATTRIBUTES">
			<value>
				<option name="EFFECT_TYPE" value="4" />
				<option name="EFFECT_COLOR" value="00ccff" />
			</value>
		</option>
		<option name="INFO_ATTRIBUTES">
			<value>
				<option name="ERROR_STRIPE_COLOR" value="d9cfad" />
				<option name="EFFECT_TYPE" value="4" />
				<option name="EFFECT_COLOR" value="ffacb3" />
			</value>
		</option>
		<option name="INJECTED_LANGUAGE_FRAGMENT">
			<value>
				<option name="BACKGROUND" value="f2f5fc" />
			</value>
		</option>
		<option name="JAVA_BLOCK_COMMENT">
			<value>
				<option name="FOREGROUND" value="adadad" />
			</value>
		</option>
		<option name="JAVA_DOC_COMMENT">
			<value>
				<option name="FOREGROUND" value="adadad" />
			</value>
		</option>
		<option name="JAVA_DOC_TAG">
			<value>
				<option name="FONT_TYPE" value="1" />
				<option name="FOREGROUND" value="89acd7" />
				<option name="EFFECT_TYPE" value="1" />
			</value>
		</option>
		<option name="JAVA_INVALID_STRING_ESCAPE">
			<value>
				<option name="FONT_TYPE" value="1" />
				<option name="FOREGROUND" value="fffbfb" />
				<option name="BACKGROUND" value="ff400b" />
			</value>
		</option>
		<option name="JAVA_LINE_COMMENT">
			<value>
				<option name="FOREGROUND" value="808080" />
			</value>
		</option>
		<option name="JS$BADCHARACTER">
			<value>
				<option name="BACKGROUND" value="ffcccc" />
			</value>
		</option>
		<option name="JS$BLOCK_COMMENT">
			<value>
				<option name="FOREGROUND" value="808080" />
			</value>
		</option>
		<option name="JS$CLASS">
			<value>
				<option name="FOREGROUND" value="000000" />
			</value>
		</option>
		<option name="JS$DOC_COMMENT">
			<value>
				<option name="FOREGROUND" value="aaaaaa" />
			</value>
		</option>
		<option name="JS$DOC_TAG">
			<value>
				<option name="FONT_TYPE" value="1" />
				<option name="EFFECT_TYPE" value="1" />
				<option name="EFFECT_COLOR" value="cccccc" />
			</value>
		</option>
		<option name="JS$GLOBAL_FUNCTION">
			<value>
				<option name="FOREGROUND" value="6ea125" />
			</value>
		</option>
		<option name="JS$GLOBAL_VARIABLE">
			<value>
				<option name="FONT_TYPE" value="1" />
				<option name="FOREGROUND" value="6700b9" />
			</value>
		</option>
		<option name="JS$INSTANCE_MEMBER_FUNCTION">
			<value>
				<option name="FOREGROUND" value="4c8fc7" />
			</value>
		</option>
		<option name="JS$INVALID_STRING_ESCAPE">
			<value>
				<option name="FOREGROUND" value="008000" />
				<option name="BACKGROUND" value="ffcccc" />
			</value>
		</option>
		<option name="JS$KEYWORD">
			<value>
				<option name="FONT_TYPE" value="1" />
				<option name="FOREGROUND" value="6700b9" />
			</value>
		</option>
		<option name="JS$LINE_COMMENT">
			<value>
				<option name="FOREGROUND" value="808080" />
			</value>
		</option>
		<option name="JS$NUMBER">
			<value>
				<option name="FOREGROUND" value="7653c1" />
				<option name="BACKGROUND" value="f3f2ff" />
			</value>
		</option>
		<option name="JS$OPERATION_SIGN">
			<value>
				<option name="FOREGROUND" value="626fc9" />
			</value>
		</option>
		<option name="JS$PARAMETER">
			<value>
				<option name="FOREGROUND" value="4c8fc7" />
				<option name="EFFECT_TYPE" value="1" />
			</value>
		</option>
		<option name="JS$REGEXP">
			<value>
				<option name="FONT_TYPE" value="1" />
				<option name="FOREGROUND" value="6ea125" />
				<option name="BACKGROUND" value="f6fdfb" />
			</value>
		</option>
		<option name="JS$STATIC_MEMBER_FUNCTION">
			<value>
				<option name="FONT_TYPE" value="2" />
			</value>
		</option>
		<option name="JS$STATIC_MEMBER_VARIABLE">
			<value>
				<option name="FONT_TYPE" value="2" />
				<option name="FOREGROUND" value="660e7a" />
			</value>
		</option>
		<option name="JS$STRING">
			<value>
				<option name="FOREGROUND" value="bc6100" />
				<option name="BACKGROUND" value="fffdf7" />
			</value>
		</option>
		<option name="JS$VALID_STRING_ESCAPE">
			<value>
				<option name="FONT_TYPE" value="1" />
				<option name="FOREGROUND" value="000080" />
			</value>
		</option>
		<option name="KOTLIN_ABSTRACT_CLASS">
			<value>
				<option name="FONT_TYPE" value="1" />
				<option name="FOREGROUND" value="3a1d72" />
			</value>
		</option>
		<option name="KOTLIN_ANNOTATION">
			<value>
				<option name="FONT_TYPE" value="1" />
				<option name="FOREGROUND" value="6a6bbb" />
				<option name="BACKGROUND" value="f5f8ff" />
			</value>
		</option>
		<option name="KOTLIN_BUILTIN_ANNOTATION">
			<value>
				<option name="FONT_TYPE" value="1" />
				<option name="FOREGROUND" value="61862f" />
			</value>
		</option>
		<option name="KOTLIN_CLASS">
			<value>
				<option name="FONT_TYPE" value="1" />
				<option name="FOREGROUND" value="3a1d72" />
			</value>
		</option>
		<option name="KOTLIN_CONSTRUCTOR">
			<value>
				<option name="FOREGROUND" value="000000" />
			</value>
		</option>
		<option name="KOTLIN_ENUM_ENTRY">
			<value>
				<option name="FONT_TYPE" value="1" />
				<option name="FOREGROUND" value="7653c1" />
				<option name="BACKGROUND" value="f3f2ff" />
			</value>
		</option>
		<option name="KOTLIN_EXTENSION_PROPERTY">
			<value>
				<option name="FOREGROUND" value="3b80bf" />
			</value>
		</option>
		<option name="KOTLIN_FUNCTION_CALL">
			<value>
				<option name="FOREGROUND" value="000000" />
			</value>
		</option>
		<option name="KOTLIN_FUNCTION_DECLARATION">
			<value>
				<option name="FOREGROUND" value="000000" />
			</value>
		</option>
		<option name="KOTLIN_FUNCTION_LITERAL_BRACES_AND_ARROW">
			<value>
				<option name="FOREGROUND" value="000000" />
			</value>
		</option>
		<option name="KOTLIN_INVALID_STRING_ESCAPE">
			<value>
				<option name="FONT_TYPE" value="1" />
				<option name="FOREGROUND" value="fffbfb" />
				<option name="BACKGROUND" value="ff400b" />
			</value>
		</option>
		<option name="KOTLIN_KEYWORD">
			<value>
				<option name="FONT_TYPE" value="1" />
				<option name="FOREGROUND" value="61862f" />
			</value>
		</option>
		<option name="KOTLIN_LOCAL_VARIABLE">
			<value>
				<option name="FOREGROUND" value="000000" />
			</value>
		</option>
		<option name="KOTLIN_MUTABLE_VARIABLE">
			<value>
				<option name="EFFECT_TYPE" value="1" />
			</value>
		</option>
		<option name="KOTLIN_NUMBER">
			<value>
				<option name="FOREGROUND" value="6a6bbb" />
				<option name="BACKGROUND" value="f5f8ff" />
			</value>
		</option>
		<option name="KOTLIN_OBJECT">
			<value>
				<option name="FOREGROUND" value="000000" />
			</value>
		</option>
		<option name="KOTLIN_PACKAGE_PROPERTY">
			<value>
				<option name="FOREGROUND" value="3b80bf" />
			</value>
		</option>
		<option name="KOTLIN_SAFE_ACCESS">
			<value>
				<option name="FONT_TYPE" value="1" />
				<option name="FOREGROUND" value="8f67b4" />
			</value>
		</option>
		<option name="KOTLIN_STRING">
			<value>
				<option name="FOREGROUND" value="bc6100" />
				<option name="BACKGROUND" value="fffdf7" />
			</value>
		</option>
		<option name="KOTLIN_STRING_ESCAPE">
			<value>
				<option name="FONT_TYPE" value="1" />
				<option name="FOREGROUND" value="e89031" />
				<option name="BACKGROUND" value="fffaf3" />
			</value>
		</option>
		<option name="KOTLIN_TRAIT">
			<value>
				<option name="FONT_TYPE" value="1" />
				<option name="FOREGROUND" value="31ab95" />
			</value>
		</option>
		<option name="KOTLIN_TYPE_PARAMETER">
			<value>
				<option name="FONT_TYPE" value="1" />
				<option name="FOREGROUND" value="1399a0" />
			</value>
		</option>
		<option name="KOTLIN_WRAPPED_INTO_REF">
			<value>
				<option name="FOREGROUND" value="000000" />
			</value>
		</option>
		<option name="LOGCAT_ASSERT_OUTPUT">
			<value>
				<option name="FOREGROUND" value="6b91d1" />
				<option name="BACKGROUND" value="fafbff" />
			</value>
		</option>
		<option name="LOGCAT_DEBUG_OUTPUT">
			<value>
				<option name="FONT_TYPE" value="1" />
				<option name="FOREGROUND" value="000000" />
			</value>
		</option>
		<option name="LOGCAT_ERROR_OUTPUT">
			<value>
				<option name="FONT_TYPE" value="1" />
				<option name="FOREGROUND" value="e21301" />
			</value>
		</option>
		<option name="LOGCAT_INFO_OUTPUT">
			<value>
				<option name="FOREGROUND" value="8082ba" />
			</value>
		</option>
		<option name="LOGCAT_VERBOSE_OUTPUT">
			<value>
				<option name="FOREGROUND" value="7b7c84" />
			</value>
		</option>
		<option name="LOGCAT_WARNING_OUTPUT">
			<value>
				<option name="FOREGROUND" value="cd8523" />
				<option name="BACKGROUND" value="fffdf5" />
			</value>
		</option>
		<option name="LOG_ERROR_OUTPUT">
			<value>
				<option name="FONT_TYPE" value="1" />
				<option name="FOREGROUND" value="e71600" />
			</value>
		</option>
		<option name="LOG_WARNING_OUTPUT">
			<value>
				<option name="FOREGROUND" value="ed930d" />
			</value>
		</option>
		<option name="MATCHED_BRACE_ATTRIBUTES">
			<value>
				<option name="BACKGROUND" value="c4d9ff" />
			</value>
		</option>
		<option name="METHOD_DECLARATION_ATTRIBUTES">
			<value>
				<option name="FONT_TYPE" value="1" />
			</value>
		</option>
		<option name="PARAMETER_ATTRIBUTES">
			<value>
				<option name="FOREGROUND" value="3b80bf" />
			</value>
		</option>
		<option name="REASSIGNED_LOCAL_VARIABLE_ATTRIBUTES">
			<value>
				<option name="BACKGROUND" value="f9fbff" />
			</value>
		</option>
		<option name="REASSIGNED_PARAMETER_ATTRIBUTES">
			<value>
				<option name="FOREGROUND" value="3b80bf" />
			</value>
		</option>
		<option name="SEARCH_RESULT_ATTRIBUTES">
			<value>
				<option name="BACKGROUND" value="d5e8ff" />
				<option name="EFFECT_TYPE" value="4" />
			</value>
		</option>
		<option name="STATIC_FINAL_FIELD_ATTRIBUTES">
			<value>
				<option name="FONT_TYPE" value="1" />
				<option name="FOREGROUND" value="7653c1" />
				<option name="BACKGROUND" value="f3f2ff" />
			</value>
		</option>
		<option name="TEXT">
			<value>
				<option name="FOREGROUND" value="000000" />
				<option name="BACKGROUND" value="ffffff" />
				<option name="EFFECT_TYPE" value="1" />
			</value>
		</option>
		<option name="TEXT_SEARCH_RESULT_ATTRIBUTES">
			<value>
				<option name="FOREGROUND" value="000000" />
				<option name="BACKGROUND" value="daff48" />
				<option name="ERROR_STRIPE_COLOR" value="71b362" />
			</value>
		</option>
		<option name="TODO_DEFAULT_ATTRIBUTES">
			<value>
				<option name="FONT_TYPE" value="1" />
				<option name="FOREGROUND" value="289f5f" />
				<option name="BACKGROUND" value="f4fdf8" />
			</value>
		</option>
		<option name="TYPO">
			<value>
				<option name="EFFECT_TYPE" value="2" />
				<option name="EFFECT_COLOR" value="bce7c7" />
			</value>
		</option>
		<option name="WARNING_ATTRIBUTES">
			<value>
				<option name="EFFECT_TYPE" value="4" />
				<option name="EFFECT_COLOR" value="ffec70" />
			</value>
		</option>
		<option name="WRITE_IDENTIFIER_UNDER_CARET_ATTRIBUTES">
			<value>
				<option name="EFFECT_TYPE" value="4" />
				<option name="EFFECT_COLOR" value="00ccff" />
			</value>
		</option>
		<option name="WRITE_SEARCH_RESULT_ATTRIBUTES">
			<value>
				<option name="BACKGROUND" value="ffdbfa" />
				<option name="EFFECT_TYPE" value="4" />
			</value>
		</option>
		<option name="WRONG_REFERENCES_ATTRIBUTES">
			<value>
				<option name="FONT_TYPE" value="1" />
				<option name="FOREGROUND" value="ff4b59" />
			</value>
		</option>
		<option name="XML_ATTRIBUTE_NAME">
			<value>
				<option name="FOREGROUND" value="2d8dcf" />
				<option name="BACKGROUND" value="fafcff" />
			</value>
		</option>
		<option name="XML_ATTRIBUTE_VALUE">
			<value>
				<option name="FOREGROUND" value="d44950" />
				<option name="BACKGROUND" value="fffdfa" />
			</value>
		</option>
		<option name="XML_COMMENT">
			<value>
				<option name="FOREGROUND" value="808080" />
			</value>
		</option>
		<option name="XML_ENTITY_REFERENCE">
			<value>
				<option name="FONT_TYPE" value="1" />
				<option name="FOREGROUND" value="d97e13" />
				<option name="BACKGROUND" value="fff9f2" />
			</value>
		</option>
		<option name="XML_NS_PREFIX">
			<value>
				<option name="FOREGROUND" value="84b5d7" />
				<option name="BACKGROUND" value="faffff" />
			</value>
		</option>
		<option name="XML_PROLOGUE">
			<value>
				<option name="FOREGROUND" value="2f6f9f" />
			</value>
		</option>
		<option name="XML_TAG">
			<value>
				<option name="FOREGROUND" value="6998bf" />
			</value>
		</option>
		<option name="XML_TAG_DATA">
			<value>
				<option name="FOREGROUND" value="000000" />
				<option name="BACKGROUND" value="ffffff" />
			</value>
		</option>
		<option name="XML_TAG_NAME">
			<value>
				<option name="FONT_TYPE" value="1" />
				<option name="FOREGROUND" value="2f6f9f" />
				<option name="BACKGROUND" value="f8fdfd" />
			</value>
		</option>
	</attributes>
</scheme>