<?xml version="1.0" encoding="UTF-8"?>
<scheme name="GIGAMOLE's One Light" version="1" parent_scheme="Default">
	<option name="LINE_SPACING" value="1.0" />
	<option name="EDITOR_FONT_SIZE" value="12" />
	<option name="EDITOR_FONT_NAME" value="Menlo" />
	<colors>
		<option name="ADDED_LINES_COLOR" value="2db448" />
		<option name="CARET_COLOR" value="526fff" />
		<option name="CARET_ROW_COLOR" value="ebebeb" />
		<option name="DELETED_LINES_COLOR" value="e03690" />
		<option name="GUTTER_BACKGROUND" value="fafafa" />
		<option name="INDENT_GUIDE" value="d3d4d5" />
		<option name="LINE_NUMBERS_COLOR" value="9d9d9f" />
		<option name="MODIFIED_LINES_COLOR" value="4ca9f2" />
		<option name="SELECTION_BACKGROUND" value="e6e2fa" />
		<option name="SELECTION_FOREGROUND" value="000000" />
		<option name="SOFT_WRAP_SIGN_COLOR" value="383a42" />
		<option name="WHITESPACES_MODIFIED_LINES_COLOR" value="4ca9f2" />
	</colors>
	<attributes>
		<option name="ANNOTATION_NAME_ATTRIBUTES">
			<value>
				<option name="FOREGROUND" value="919000" />
				<option name="EFFECT_TYPE" value="1" />
			</value>
		</option>
		<option name="BAD_CHARACTER">
			<value>
				<option name="FOREGROUND" value="ffffff" />
				<option name="BACKGROUND" value="ff1414" />
			</value>
		</option>
		<option name="CONSOLE_ERROR_OUTPUT">
			<value>
				<option name="FOREGROUND" value="9f0006" />
			</value>
		</option>
		<option name="CSS$COLOR">
			<value>
				<option name="FOREGROUND" value="0184bc" />
			</value>
		</option>
		<option name="CSS$COMMA">
			<value>
				<option name="FOREGROUND" value="e45649" />
			</value>
		</option>
		<option name="CSS$FUNCTION">
			<value>
				<option name="FOREGROUND" value="526fff" />
			</value>
		</option>
		<option name="CSS$IDENT">
			<value>
				<option name="FOREGROUND" value="c18401" />
			</value>
		</option>
		<option name="CSS$NUMBER">
			<value>
				<option name="FOREGROUND" value="c18401" />
			</value>
		</option>
		<option name="CSS$OPERATORS">
			<value>
				<option name="FOREGROUND" value="0184bc" />
			</value>
		</option>
		<option name="CSS$PROPERTY_VALUE">
			<value>
				<option name="FOREGROUND" value="c18401" />
			</value>
		</option>
		<option name="CTRL_CLICKABLE">
			<value>
				<option name="FOREGROUND" value="4078f2" />
				<option name="EFFECT_TYPE" value="1" />
				<option name="EFFECT_COLOR" value="4078f2" />
			</value>
		</option>
		<option name="DEFAULT_BLOCK_COMMENT">
			<value>
				<option name="FONT_TYPE" value="2" />
				<option name="FOREGROUND" value="a0a1a7" />
			</value>
		</option>
		<option name="DEFAULT_COMMA">
			<value>
				<option name="FONT_TYPE" value="1" />
			</value>
		</option>
		<option name="DEFAULT_CONSTANT">
			<value>
				<option name="FOREGROUND" value="af005e" />
			</value>
		</option>
		<option name="DEFAULT_DOC_COMMENT">
			<value>
				<option name="FONT_TYPE" value="2" />
				<option name="FOREGROUND" value="a0a1a7" />
			</value>
		</option>
		<option name="DEFAULT_DOC_COMMENT_TAG">
			<value>
				<option name="EFFECT_TYPE" value="1" />
			</value>
		</option>
		<option name="DEFAULT_DOT">
			<value>
				<option name="FONT_TYPE" value="1" />
			</value>
		</option>
		<option name="DEFAULT_FUNCTION_CALL">
			<value>
				<option name="FOREGROUND" value="5f51af" />
			</value>
		</option>
		<option name="DEFAULT_FUNCTION_DECLARATION">
			<value>
				<option name="FOREGROUND" value="4c62af" />
			</value>
		</option>
		<option name="DEFAULT_GLOBAL_VARIABLE">
			<value>
				<option name="FONT_TYPE" value="1" />
				<option name="FOREGROUND" value="660e7a" />
			</value>
		</option>
		<option name="DEFAULT_IDENTIFIER">
			<value>
				<option name="FOREGROUND" value="1995a0" />
			</value>
		</option>
		<option name="DEFAULT_INSTANCE_FIELD">
			<value>
				<option name="FOREGROUND" value="660e7a" />
			</value>
		</option>
		<option name="DEFAULT_INVALID_STRING_ESCAPE">
			<value>
				<option name="FOREGROUND" value="50a14f" />
			</value>
		</option>
		<option name="DEFAULT_KEYWORD">
			<value>
				<option name="FONT_TYPE" value="1" />
				<option name="FOREGROUND" value="af27ad" />
			</value>
		</option>
		<option name="DEFAULT_LABEL">
			<value>
				<option name="EFFECT_TYPE" value="1" />
			</value>
		</option>
		<option name="DEFAULT_LINE_COMMENT">
			<value>
				<option name="FONT_TYPE" value="2" />
				<option name="FOREGROUND" value="a0a1a7" />
			</value>
		</option>
		<option name="DEFAULT_LOCAL_VARIABLE">
			<value>
				<option name="FOREGROUND" value="660e7a" />
			</value>
		</option>
		<option name="DEFAULT_METADATA">
			<value>
				<option name="FONT_TYPE" value="1" />
				<option name="FOREGROUND" value="919000" />
			</value>
		</option>
		<option name="DEFAULT_NUMBER">
			<value>
				<option name="FONT_TYPE" value="1" />
				<option name="FOREGROUND" value="0024a5" />
			</value>
		</option>
		<option name="DEFAULT_OPERATION_SIGN">
			<value>
				<option name="FOREGROUND" value="4c62af" />
			</value>
		</option>
		<option name="DEFAULT_PARAMETER">
			<value>
				<option name="FOREGROUND" value="824943" />
			</value>
		</option>
		<option name="DEFAULT_SEMICOLON">
			<value>
				<option name="FONT_TYPE" value="1" />
			</value>
		</option>
		<option name="DEFAULT_STATIC_METHOD">
			<value>
				<option name="FONT_TYPE" value="2" />
				<option name="FOREGROUND" value="8056af" />
			</value>
		</option>
		<option name="DEFAULT_STRING">
			<value>
				<option name="FOREGROUND" value="448744" />
			</value>
		</option>
		<option name="DEFAULT_TEMPLATE_LANGUAGE_COLOR">
			<value>
				<option name="BACKGROUND" value="e4fff1" />
			</value>
		</option>
		<option name="DEFAULT_VALID_STRING_ESCAPE">
			<value>
				<option name="FOREGROUND" value="185320" />
			</value>
		</option>
		<option name="DJANGO_FILTER">
			<value>
				<option name="FOREGROUND" value="50a14f" />
			</value>
		</option>
		<option name="DJANGO_ID">
			<value>
				<option name="FOREGROUND" value="50a14f" />
			</value>
		</option>
		<option name="DJANGO_TAG_NAME">
			<value>
				<option name="FOREGROUND" value="a626a4" />
			</value>
		</option>
		<option name="FOLLOWED_HYPERLINK_ATTRIBUTES">
			<value>
				<option name="FOREGROUND" value="a626a4" />
				<option name="EFFECT_TYPE" value="1" />
			</value>
		</option>
		<option name="HTML_TAG_NAME">
			<value>
				<option name="FOREGROUND" value="e45649" />
			</value>
		</option>
		<option name="HYPERLINK_ATTRIBUTES">
			<value>
				<option name="FOREGROUND" value="a626a4" />
				<option name="EFFECT_TYPE" value="1" />
			</value>
		</option>
		<option name="INLINE_PARAMETER_HINT">
			<value>
				<option name="FOREGROUND" value="7a7a7a" />
				<option name="BACKGROUND" value="e1e1e1" />
			</value>
		</option>
		<option name="LOGCAT_ASSERT_OUTPUT">
			<value>
				<option name="FOREGROUND" value="387f34" />
			</value>
		</option>
		<option name="LOGCAT_DEBUG_OUTPUT">
			<value>
				<option name="FOREGROUND" value="0c8e9b" />
			</value>
		</option>
		<option name="LOGCAT_ERROR_OUTPUT">
			<value>
				<option name="FOREGROUND" value="eb2c1e" />
			</value>
		</option>
		<option name="LOGCAT_INFO_OUTPUT">
			<value>
				<option name="FOREGROUND" value="96004b" />
			</value>
		</option>
		<option name="LOGCAT_WARNING_OUTPUT">
			<value>
				<option name="FOREGROUND" value="a69336" />
			</value>
		</option>
		<option name="LOG_ERROR_OUTPUT">
			<value>
				<option name="FOREGROUND" value="f50000" />
			</value>
		</option>
		<option name="LOG_WARNING_OUTPUT">
			<value>
				<option name="FOREGROUND" value="b1af33" />
			</value>
		</option>
		<option name="MATCHED_BRACE_ATTRIBUTES">
			<value>
				<option name="EFFECT_TYPE" value="1" />
				<option name="EFFECT_COLOR" value="526fff" />
			</value>
		</option>
		<option name="PY$BUILTIN_NAME">
			<value>
				<option name="FOREGROUND" value="0184bc" />
			</value>
		</option>
		<option name="PY$DECORATOR">
			<value>
				<option name="FOREGROUND" value="526fff" />
			</value>
		</option>
		<option name="PY$KEYWORD_ARGUMENT">
			<value>
				<option name="FOREGROUND" value="986801" />
			</value>
		</option>
		<option name="PY$PREDEFINED_DEFINITION">
			<value>
				<option name="FOREGROUND" value="0184bc" />
			</value>
		</option>
		<option name="PY$PREDEFINED_USAGE">
			<value>
				<option name="FOREGROUND" value="e45649" />
			</value>
		</option>
		<option name="PY$SELF_PARAMETER">
			<value>
				<option name="FOREGROUND" value="e45649" />
			</value>
		</option>
		<option name="PY$VALID_STRING_ESCAPE">
			<value>
				<option name="FOREGROUND" value="0184bc" />
			</value>
		</option>
		<option name="SASS_FUNCTION">
			<value>
				<option name="FOREGROUND" value="0184bc" />
			</value>
		</option>
		<option name="SASS_MIXIN">
			<value>
				<option name="FOREGROUND" value="a626a4" />
			</value>
		</option>
		<option name="SEARCH_RESULT_ATTRIBUTES">
			<value>
				<option name="BACKGROUND" value="ffedaf" />
				<option name="EFFECT_COLOR" value="383a42" />
			</value>
		</option>
		<option name="STATIC_FINAL_FIELD_ATTRIBUTES">
			<value>
				<option name="FONT_TYPE" value="2" />
				<option name="FOREGROUND" value="af005b" />
			</value>
		</option>
		<option name="TEXT">
			<value>
				<option name="FOREGROUND" value="383a42" />
				<option name="BACKGROUND" value="fafafa" />
			</value>
		</option>
		<option name="TEXT_SEARCH_RESULT_ATTRIBUTES">
			<value>
				<option name="BACKGROUND" value="ffedaf" />
				<option name="EFFECT_COLOR" value="36b48b" />
			</value>
		</option>
		<option name="TODO_DEFAULT_ATTRIBUTES">
			<value>
				<option name="FOREGROUND" value="a626a4" />
			</value>
		</option>
		<option name="WRITE_SEARCH_RESULT_ATTRIBUTES">
			<value>
				<option name="BACKGROUND" value="ffedaf" />
				<option name="EFFECT_COLOR" value="526fff" />
			</value>
		</option>
		<option name="XML_TAG">
			<value>
				<option name="FOREGROUND" value="af27ad" />
			</value>
		</option>
		<option name="XML_TAG_NAME">
			<value>
				<option name="FOREGROUND" value="af27ad" />
			</value>
		</option>
	</attributes>
</scheme>