<?xml version="1.0" encoding="UTF-8"?>
<scheme name="HIBRAZIL" version="1" parent_scheme="Default">
	<option name="LINE_SPACING" value="1.0" />
	<option name="EDITOR_FONT_SIZE" value="12" />
	<option name="EDITOR_FONT_NAME" value="Menlo" />
	<colors>
		<option name="CARET_ROW_COLOR" value="236423" />
		<option name="CONSOLE_BACKGROUND_KEY" value="1a1a1c" />
		<option name="GUTTER_BACKGROUND" value="150f15" />
		<option name="READONLY_BACKGROUND" value="000000" />
	</colors>
	<attributes>
		<option name="ABSTRACT_METHOD_ATTRIBUTES">
			<value>
				<option name="FOREGROUND" value="dfdbf0" />
			</value>
		</option>
		<option name="ANNOTATION_ATTRIBUTE_NAME_ATTRIBUTES">
			<value>
				<option name="FOREGROUND" value="236423" />
			</value>
		</option>
		<option name="ANNOTATION_NAME_ATTRIBUTES">
			<value>
				<option name="FOREGROUND" value="cdcdcd" />
				<option name="EFFECT_TYPE" value="1" />
			</value>
		</option>
		<option name="CONSOLE_NORMAL_OUTPUT">
			<value>
				<option name="FOREGROUND" value="dfdbf0" />
			</value>
		</option>
		<option name="CONSOLE_SYSTEM_OUTPUT">
			<value>
				<option name="FOREGROUND" value="395372" />
			</value>
		</option>
		<option name="CONSTRUCTOR_CALL_ATTRIBUTES">
			<value>
				<option name="FOREGROUND" value="fff5fd" />
			</value>
		</option>
		<option name="CTRL_CLICKABLE">
			<value>
				<option name="FOREGROUND" value="2d4585" />
				<option name="EFFECT_TYPE" value="1" />
			</value>
		</option>
		<option name="DEFAULT_BLOCK_COMMENT">
			<value>
				<option name="FONT_TYPE" value="2" />
				<option name="FOREGROUND" value="636363" />
			</value>
		</option>
		<option name="DEFAULT_BRACES">
			<value>
				<option name="FOREGROUND" value="fff5fd" />
			</value>
		</option>
		<option name="DEFAULT_BRACKETS">
			<value>
				<option name="FOREGROUND" value="fff5fd" />
			</value>
		</option>
		<option name="DEFAULT_CLASS_NAME">
			<value>
				<option name="FOREGROUND" value="dfdbf0" />
			</value>
		</option>
		<option name="DEFAULT_COMMA">
			<value>
				<option name="FOREGROUND" value="fff5fd" />
			</value>
		</option>
		<option name="DEFAULT_CONSTANT">
			<value>
				<option name="FONT_TYPE" value="3" />
				<option name="FOREGROUND" value="fff5fd" />
			</value>
		</option>
		<option name="DEFAULT_DOC_MARKUP">
			<value>
				<option name="FOREGROUND" value="214e7a" />
			</value>
		</option>
		<option name="DEFAULT_DOT">
			<value>
				<option name="FOREGROUND" value="2e5a9b" />
			</value>
		</option>
		<option name="DEFAULT_ENTITY">
			<value>
				<option name="FOREGROUND" value="2e5a9b" />
			</value>
		</option>
		<option name="DEFAULT_FUNCTION_DECLARATION">
			<value>
				<option name="FOREGROUND" value="0077bd" />
			</value>
		</option>
		<option name="DEFAULT_IDENTIFIER">
			<value>
				<option name="FOREGROUND" value="dfdbf0" />
			</value>
		</option>
		<option name="DEFAULT_INSTANCE_FIELD">
			<value>
				<option name="FOREGROUND" value="1f501f" />
			</value>
		</option>
		<option name="DEFAULT_INSTANCE_METHOD">
			<value>
				<option name="FOREGROUND" value="145418" />
			</value>
		</option>
		<option name="DEFAULT_INTERFACE_NAME">
			<value>
				<option name="FOREGROUND" value="0077bd" />
			</value>
		</option>
		<option name="DEFAULT_KEYWORD">
			<value>
				<option name="FONT_TYPE" value="1" />
				<option name="FOREGROUND" value="dde325" />
			</value>
		</option>
		<option name="DEFAULT_LABEL">
			<value>
				<option name="FONT_TYPE" value="1" />
				<option name="FOREGROUND" value="fff5fd" />
				<option name="EFFECT_TYPE" value="1" />
			</value>
		</option>
		<option name="DEFAULT_LINE_COMMENT">
			<value>
				<option name="FONT_TYPE" value="2" />
				<option name="FOREGROUND" value="424242" />
			</value>
		</option>
		<option name="DEFAULT_LOCAL_VARIABLE">
			<value>
				<option name="FOREGROUND" value="33af33" />
			</value>
		</option>
		<option name="DEFAULT_METADATA">
			<value>
				<option name="FOREGROUND" value="e1d910" />
			</value>
		</option>
		<option name="DEFAULT_NUMBER">
			<value>
				<option name="FOREGROUND" value="e1d950" />
			</value>
		</option>
		<option name="DEFAULT_OPERATION_SIGN">
			<value>
				<option name="FOREGROUND" value="fff5fd" />
			</value>
		</option>
		<option name="DEFAULT_PARAMETER">
			<value>
				<option name="FOREGROUND" value="33af33" />
			</value>
		</option>
		<option name="DEFAULT_PARENTHS">
			<value>
				<option name="FOREGROUND" value="0077bd" />
			</value>
		</option>
		<option name="DEFAULT_SEMICOLON">
			<value>
				<option name="FOREGROUND" value="dfdbf0" />
			</value>
		</option>
		<option name="DEFAULT_STATIC_FIELD">
			<value>
				<option name="FONT_TYPE" value="2" />
				<option name="FOREGROUND" value="1f501f" />
			</value>
		</option>
		<option name="DEFAULT_STATIC_METHOD">
			<value>
				<option name="FOREGROUND" value="2e5a9b" />
			</value>
		</option>
		<option name="DEFAULT_STRING">
			<value>
				<option name="FOREGROUND" value="33af33" />
			</value>
		</option>
		<option name="DEFAULT_VALID_STRING_ESCAPE">
			<value>
				<option name="FONT_TYPE" value="1" />
				<option name="FOREGROUND" value="dfdbf0" />
			</value>
		</option>
		<option name="FOLLOWED_HYPERLINK_ATTRIBUTES">
			<value>
				<option name="FOREGROUND" value="2d4585" />
				<option name="EFFECT_TYPE" value="1" />
			</value>
		</option>
		<option name="HYPERLINK_ATTRIBUTES">
			<value>
				<option name="FOREGROUND" value="214e7a" />
				<option name="EFFECT_TYPE" value="1" />
			</value>
		</option>
		<option name="IDENTIFIER_UNDER_CARET_ATTRIBUTES">
			<value>
				<option name="ERROR_STRIPE_COLOR" value="baa8ff" />
			</value>
		</option>
		<option name="IMPLICIT_ANONYMOUS_CLASS_PARAMETER_ATTRIBUTES">
			<value>
				<option name="FOREGROUND" value="145418" />
			</value>
		</option>
		<option name="INSTANCE_FIELD_ATTRIBUTES">
			<value>
				<option name="FOREGROUND" value="236f23" />
			</value>
		</option>
		<option name="JAVA_KEYWORD">
			<value>
				<option name="FONT_TYPE" value="1" />
				<option name="FOREGROUND" value="e1d910" />
			</value>
		</option>
		<option name="LINE_FULL_COVERAGE">
			<value>
				<option name="FONT_TYPE" value="1" />
				<option name="FOREGROUND" value="fff5fd" />
			</value>
		</option>
		<option name="METHOD_CALL_ATTRIBUTES">
			<value>
				<option name="FOREGROUND" value="dfdbf0" />
			</value>
		</option>
		<option name="REASSIGNED_PARAMETER_ATTRIBUTES">
			<value>
				<option name="FOREGROUND" value="1f501f" />
			</value>
		</option>
		<option name="STATIC_FIELD_ATTRIBUTES">
			<value>
				<option name="FONT_TYPE" value="2" />
				<option name="FOREGROUND" value="fff5fd" />
			</value>
		</option>
		<option name="STATIC_FINAL_FIELD_ATTRIBUTES">
			<value>
				<option name="FONT_TYPE" value="3" />
				<option name="FOREGROUND" value="dfdbf0" />
			</value>
		</option>
		<option name="TEXT">
			<value>
				<option name="FOREGROUND" value="e2e2e2" />
				<option name="BACKGROUND" value="1f1f23" />
			</value>
		</option>
		<option name="TEXT_SEARCH_RESULT_ATTRIBUTES">
			<value>
				<option name="FOREGROUND" value="226722" />
			</value>
		</option>
		<option name="TODO_DEFAULT_ATTRIBUTES">
			<value>
				<option name="FONT_TYPE" value="3" />
				<option name="FOREGROUND" value="004477" />
				<option name="ERROR_STRIPE_COLOR" value="54aae3" />
			</value>
		</option>
		<option name="WRITE_IDENTIFIER_UNDER_CARET_ATTRIBUTES">
			<value>
				<option name="FOREGROUND" value="226722" />
			</value>
		</option>
	</attributes>
</scheme>