<?xml version="1.0" encoding="UTF-8"?>
<scheme name="John Doe Wired" version="1" parent_scheme="Default">
	<option name="LINE_SPACING" value="1.0" />
	<option name="EDITOR_FONT_SIZE" value="12" />
	<option name="EDITOR_FONT_NAME" value="Menlo" />
	<colors>
		<option name="CARET_ROW_COLOR" value="3e4451" />
		<option name="GUTTER_BACKGROUND" value="282c34" />
		<option name="INDENT_GUIDE" value="3e4451" />
		<option name="LINE_NUMBERS_COLOR" value="5a5a5a" />
		<option name="METHOD_SEPARATORS_COLOR" value="000000" />
		<option name="NOTIFICATION_BACKGROUND" value="adb5bb" />
		<option name="RIGHT_MARGIN_COLOR" value="3e4451" />
		<option name="SELECTED_INDENT_GUIDE" value="42ff9c" />
		<option name="SELECTED_TEARLINE_COLOR" value="d8d8d8" />
		<option name="SELECTION_BACKGROUND" value="111018" />
		<option name="SELECTION_FOREGROUND" value="000000" />
		<option name="TEARLINE_COLOR" value="646e7d" />
	</colors>
	<attributes>
		<option name="ABSTRACT_CLASS_NAME_ATTRIBUTES">
			<value>
				<option name="FOREGROUND" value="e5c076" />
			</value>
		</option>
		<option name="ABSTRACT_METHOD_ATTRIBUTES">
			<value>
				<option name="FOREGROUND" value="01ecff" />
			</value>
		</option>
		<option name="ANNOTATION_NAME_ATTRIBUTES">
			<value>
				<option name="FONT_TYPE" value="3" />
				<option name="FOREGROUND" value="d643c7" />
			</value>
		</option>
		<option name="ANONYMOUS_CLASS_NAME_ATTRIBUTES">
			<value>
				<option name="FOREGROUND" value="e5c076" />
			</value>
		</option>
		<option name="BAD_CHARACTER">
			<value>
				<option name="FOREGROUND" value="d8d8d8" />
				<option name="EFFECT_TYPE" value="1" />
				<option name="EFFECT_COLOR" value="d8d8d8" />
			</value>
		</option>
		<option name="BREAKPOINT_ATTRIBUTES">
			<value>
				<option name="FOREGROUND" value="ffffff" />
				<option name="BACKGROUND" value="3c0800" />
			</value>
		</option>
		<option name="Block comment">
			<value>
				<option name="FONT_TYPE" value="1" />
				<option name="FOREGROUND" value="557f5f" />
			</value>
		</option>
		<option name="CLASS_NAME_ATTRIBUTES">
			<value>
				<option name="FOREGROUND" value="e5c076" />
			</value>
		</option>
		<option name="CONSOLE_ERROR_OUTPUT">
			<value>
				<option name="FONT_TYPE" value="1" />
				<option name="FOREGROUND" value="0000c0" />
			</value>
		</option>
		<option name="CONSOLE_NORMAL_OUTPUT">
			<value>
				<option name="FOREGROUND" value="333333" />
				<option name="BACKGROUND" value="ffffff" />
			</value>
		</option>
		<option name="CONSOLE_SYSTEM_OUTPUT">
			<value>
				<option name="FONT_TYPE" value="1" />
				<option name="FOREGROUND" value="ff0000" />
			</value>
		</option>
		<option name="CONSOLE_USER_INPUT">
			<value>
				<option name="FONT_TYPE" value="1" />
				<option name="FOREGROUND" value="557f5f" />
			</value>
		</option>
		<option name="CONSTRUCTOR_CALL_ATTRIBUTES">
			<value>
				<option name="FOREGROUND" value="e5c076" />
			</value>
		</option>
		<option name="CONSTRUCTOR_DECLARATION_ATTRIBUTES">
			<value>
				<option name="FONT_TYPE" value="2" />
				<option name="FOREGROUND" value="43ff9c" />
			</value>
		</option>
		<option name="CTRL_CLICKABLE">
			<value>
				<option name="FOREGROUND" value="1483ff" />
				<option name="EFFECT_TYPE" value="1" />
				<option name="EFFECT_COLOR" value="1483ff" />
			</value>
		</option>
		<option name="CUSTOM_INVALID_STRING_ESCAPE_ATTRIBUTES">
			<value>
				<option name="FOREGROUND" value="d8d8d8" />
				<option name="EFFECT_TYPE" value="1" />
				<option name="EFFECT_COLOR" value="d8d8d8" />
			</value>
		</option>
		<option name="CUSTOM_KEYWORD1_ATTRIBUTES">
			<value>
				<option name="FONT_TYPE" value="1" />
				<option name="FOREGROUND" value="7f0055" />
			</value>
		</option>
		<option name="CUSTOM_KEYWORD2_ATTRIBUTES">
			<value>
				<option name="FONT_TYPE" value="1" />
				<option name="FOREGROUND" value="7f0055" />
			</value>
		</option>
		<option name="CUSTOM_KEYWORD3_ATTRIBUTES">
			<value>
				<option name="FONT_TYPE" value="1" />
				<option name="FOREGROUND" value="7f0055" />
			</value>
		</option>
		<option name="CUSTOM_KEYWORD4_ATTRIBUTES">
			<value>
				<option name="FONT_TYPE" value="1" />
				<option name="FOREGROUND" value="7f0055" />
			</value>
		</option>
		<option name="CUSTOM_LINE_COMMENT_ATTRIBUTES">
			<value>
				<option name="FONT_TYPE" value="1" />
				<option name="FOREGROUND" value="557f5f" />
			</value>
		</option>
		<option name="CUSTOM_MULTI_LINE_COMMENT_ATTRIBUTES">
			<value>
				<option name="FONT_TYPE" value="1" />
				<option name="FOREGROUND" value="557f5f" />
			</value>
		</option>
		<option name="CUSTOM_NUMBER_ATTRIBUTES">
			<value>
				<option name="FONT_TYPE" value="1" />
				<option name="FOREGROUND" value="ff0000" />
			</value>
		</option>
		<option name="CUSTOM_STRING_ATTRIBUTES">
			<value>
				<option name="FONT_TYPE" value="1" />
				<option name="FOREGROUND" value="0000c0" />
			</value>
		</option>
		<option name="CUSTOM_VALID_STRING_ESCAPE_ATTRIBUTES">
			<value>
				<option name="FONT_TYPE" value="1" />
				<option name="FOREGROUND" value="ff0000" />
			</value>
		</option>
		<option name="DEFAULT_ATTRIBUTE">
			<value>
				<option name="FOREGROUND" value="006600" />
			</value>
		</option>
		<option name="DEFAULT_BRACES">
			<value>
				<option name="FONT_TYPE" value="3" />
				<option name="FOREGROUND" value="000099" />
				<option name="EFFECT_TYPE" value="1" />
				<option name="EFFECT_COLOR" value="000099" />
			</value>
		</option>
		<option name="DEFAULT_BRACKETS">
			<value>
				<option name="FONT_TYPE" value="3" />
				<option name="FOREGROUND" value="000099" />
				<option name="EFFECT_TYPE" value="1" />
				<option name="EFFECT_COLOR" value="000099" />
			</value>
		</option>
		<option name="DEFAULT_CLASS_NAME">
			<value>
				<option name="FONT_TYPE" value="1" />
				<option name="FOREGROUND" value="006600" />
			</value>
		</option>
		<option name="DEFAULT_CLASS_REFERENCE">
			<value>
				<option name="FONT_TYPE" value="1" />
				<option name="FOREGROUND" value="006600" />
			</value>
		</option>
		<option name="DEFAULT_COMMA">
			<value>
				<option name="FONT_TYPE" value="1" />
				<option name="FOREGROUND" value="0000ff" />
			</value>
		</option>
		<option name="DEFAULT_CONSTANT">
			<value>
				<option name="FONT_TYPE" value="1" />
				<option name="FOREGROUND" value="552200" />
			</value>
		</option>
		<option name="DEFAULT_DOC_COMMENT">
			<value>
				<option name="FONT_TYPE" value="1" />
				<option name="FOREGROUND" value="3f55bf" />
			</value>
		</option>
		<option name="DEFAULT_DOC_COMMENT_TAG">
			<value>
				<option name="FONT_TYPE" value="1" />
				<option name="FOREGROUND" value="7f9fbf" />
			</value>
		</option>
		<option name="DEFAULT_DOC_MARKUP">
			<value>
				<option name="FONT_TYPE" value="3" />
				<option name="FOREGROUND" value="990099" />
			</value>
		</option>
		<option name="DEFAULT_DOT">
			<value>
				<option name="FONT_TYPE" value="1" />
				<option name="FOREGROUND" value="0000ff" />
			</value>
		</option>
		<option name="DEFAULT_ENTITY">
			<value>
				<option name="FONT_TYPE" value="1" />
				<option name="FOREGROUND" value="ff0000" />
			</value>
		</option>
		<option name="DEFAULT_FUNCTION_CALL">
			<value>
				<option name="FONT_TYPE" value="1" />
				<option name="FOREGROUND" value="000099" />
			</value>
		</option>
		<option name="DEFAULT_FUNCTION_DECLARATION">
			<value>
				<option name="FONT_TYPE" value="3" />
				<option name="FOREGROUND" value="000099" />
			</value>
		</option>
		<option name="DEFAULT_GLOBAL_VARIABLE">
			<value>
				<option name="FONT_TYPE" value="3" />
				<option name="FOREGROUND" value="ff5809" />
				<option name="EFFECT_TYPE" value="1" />
				<option name="EFFECT_COLOR" value="ff5809" />
			</value>
		</option>
		<option name="DEFAULT_IDENTIFIER">
			<value>
				<option name="FOREGROUND" value="333333" />
			</value>
		</option>
		<option name="DEFAULT_INSTANCE_FIELD">
			<value>
				<option name="FONT_TYPE" value="1" />
				<option name="FOREGROUND" value="0000c0" />
				<option name="EFFECT_TYPE" value="1" />
				<option name="EFFECT_COLOR" value="0000c0" />
			</value>
		</option>
		<option name="DEFAULT_INSTANCE_METHOD">
			<value>
				<option name="FONT_TYPE" value="1" />
				<option name="FOREGROUND" value="000099" />
			</value>
		</option>
		<option name="DEFAULT_INTERFACE_NAME">
			<value>
				<option name="FONT_TYPE" value="1" />
				<option name="FOREGROUND" value="666666" />
			</value>
		</option>
		<option name="DEFAULT_INVALID_STRING_ESCAPE">
			<value>
				<option name="FOREGROUND" value="d8d8d8" />
				<option name="EFFECT_TYPE" value="1" />
				<option name="EFFECT_COLOR" value="d8d8d8" />
			</value>
		</option>
		<option name="DEFAULT_KEYWORD">
			<value>
				<option name="FONT_TYPE" value="1" />
				<option name="FOREGROUND" value="7f0055" />
			</value>
		</option>
		<option name="DEFAULT_LABEL">
			<value>
				<option name="FOREGROUND" value="006600" />
			</value>
		</option>
		<option name="DEFAULT_LINE_COMMENT">
			<value>
				<option name="FONT_TYPE" value="1" />
				<option name="FOREGROUND" value="557f5f" />
			</value>
		</option>
		<option name="DEFAULT_LOCAL_VARIABLE">
			<value>
				<option name="FONT_TYPE" value="3" />
				<option name="FOREGROUND" value="ff5809" />
				<option name="EFFECT_TYPE" value="1" />
				<option name="EFFECT_COLOR" value="ff5809" />
			</value>
		</option>
		<option name="DEFAULT_METADATA">
			<value>
				<option name="FONT_TYPE" value="1" />
				<option name="FOREGROUND" value="990000" />
			</value>
		</option>
		<option name="DEFAULT_NUMBER">
			<value>
				<option name="FONT_TYPE" value="1" />
				<option name="FOREGROUND" value="ff0000" />
			</value>
		</option>
		<option name="DEFAULT_OPERATION_SIGN">
			<value>
				<option name="FONT_TYPE" value="1" />
				<option name="FOREGROUND" value="0000ff" />
			</value>
		</option>
		<option name="DEFAULT_PARAMETER">
			<value>
				<option name="FOREGROUND" value="006600" />
			</value>
		</option>
		<option name="DEFAULT_PARENTHS">
			<value>
				<option name="FONT_TYPE" value="3" />
				<option name="FOREGROUND" value="000099" />
				<option name="EFFECT_TYPE" value="1" />
				<option name="EFFECT_COLOR" value="000099" />
			</value>
		</option>
		<option name="DEFAULT_PREDEFINED_SYMBOL">
			<value>
				<option name="FOREGROUND" value="552200" />
			</value>
		</option>
		<option name="DEFAULT_SEMICOLON">
			<value>
				<option name="FONT_TYPE" value="1" />
				<option name="FOREGROUND" value="0000ff" />
			</value>
		</option>
		<option name="DEFAULT_STATIC_FIELD">
			<value>
				<option name="FONT_TYPE" value="3" />
				<option name="FOREGROUND" value="0000c0" />
			</value>
		</option>
		<option name="DEFAULT_STATIC_METHOD">
			<value>
				<option name="FONT_TYPE" value="2" />
				<option name="FOREGROUND" value="000000" />
			</value>
		</option>
		<option name="DEFAULT_STRING">
			<value>
				<option name="FONT_TYPE" value="1" />
				<option name="FOREGROUND" value="0000c0" />
			</value>
		</option>
		<option name="DEFAULT_TAG">
			<value>
				<option name="FONT_TYPE" value="3" />
				<option name="FOREGROUND" value="000099" />
				<option name="EFFECT_TYPE" value="1" />
				<option name="EFFECT_COLOR" value="000099" />
			</value>
		</option>
		<option name="DEFAULT_TEMPLATE_LANGUAGE_COLOR">
			<value>
				<option name="FOREGROUND" value="333333" />
			</value>
		</option>
		<option name="DEFAULT_VALID_STRING_ESCAPE">
			<value>
				<option name="FONT_TYPE" value="1" />
				<option name="FOREGROUND" value="ff0000" />
			</value>
		</option>
		<option name="DELETED_TEXT_ATTRIBUTES">
			<value>
				<option name="FOREGROUND" value="ffffff" />
				<option name="BACKGROUND" value="333333" />
			</value>
		</option>
		<option name="DEPRECATED_ATTRIBUTES">
			<value>
				<option name="FOREGROUND" value="d8d8d8" />
				<option name="EFFECT_TYPE" value="1" />
				<option name="EFFECT_COLOR" value="d8d8d8" />
			</value>
		</option>
		<option name="DOC_COMMENT_TAG_VALUE">
			<value>
				<option name="FONT_TYPE" value="3" />
				<option name="FOREGROUND" value="990099" />
			</value>
		</option>
		<option name="ENUM_NAME_ATTRIBUTES">
			<value>
				<option name="FOREGROUND" value="e5c076" />
			</value>
		</option>
		<option name="ERRORS_ATTRIBUTES">
			<value>
				<option name="ERROR_STRIPE_COLOR" value="cf5b56" />
				<option name="EFFECT_COLOR" value="ff0000" />
			</value>
		</option>
		<option name="FOLDED_TEXT_ATTRIBUTES">
			<value>
				<option name="FOREGROUND" value="a21008" />
				<option name="BACKGROUND" value="d8d8d8" />
			</value>
		</option>
		<option name="FOLLOWED_HYPERLINK_ATTRIBUTES">
			<value>
				<option name="FOREGROUND" value="1483ff" />
				<option name="BACKGROUND" value="090934" />
				<option name="EFFECT_TYPE" value="1" />
				<option name="EFFECT_COLOR" value="1483ff" />
			</value>
		</option>
		<option name="HYPERLINK_ATTRIBUTES">
			<value>
				<option name="FOREGROUND" value="1483ff" />
				<option name="EFFECT_TYPE" value="1" />
				<option name="EFFECT_COLOR" value="1483ff" />
			</value>
		</option>
		<option name="IDENTIFIER_UNDER_CARET_ATTRIBUTES">
			<value>
				<option name="FOREGROUND" value="ffffff" />
				<option name="BACKGROUND" value="c37d25" />
				<option name="EFFECT_TYPE" value="1" />
			</value>
		</option>
		<option name="IMPLICIT_ANONYMOUS_CLASS_PARAMETER_ATTRIBUTES">
			<value>
				<option name="FONT_TYPE" value="1" />
				<option name="FOREGROUND" value="07ff57" />
			</value>
		</option>
		<option name="INHERITED_METHOD_ATTRIBUTES">
			<value>
				<option name="FOREGROUND" value="01ecff" />
			</value>
		</option>
		<option name="INJECTED_LANGUAGE_FRAGMENT">
			<value>
				<option name="FOREGROUND" value="6b6b6b" />
			</value>
		</option>
		<option name="INSTANCE_FIELD_ATTRIBUTES">
			<value>
				<option name="FONT_TYPE" value="1" />
				<option name="FOREGROUND" value="07ff57" />
				<option name="EFFECT_TYPE" value="1" />
			</value>
		</option>
		<option name="INSTANCE_FINAL_FIELD_ATTRIBUTES">
			<value>
				<option name="FONT_TYPE" value="1" />
				<option name="FOREGROUND" value="07ff57" />
				<option name="EFFECT_TYPE" value="1" />
			</value>
		</option>
		<option name="INTERFACE_NAME_ATTRIBUTES">
			<value>
				<option name="FOREGROUND" value="e5c076" />
			</value>
		</option>
		<option name="JAVA_BLOCK_COMMENT">
			<value>
				<option name="FONT_TYPE" value="2" />
				<option name="FOREGROUND" value="5c615f" />
			</value>
		</option>
		<option name="JAVA_BRACES">
			<value>
				<option name="FONT_TYPE" value="2" />
				<option name="FOREGROUND" value="abb2bf" />
				<option name="EFFECT_TYPE" value="1" />
			</value>
		</option>
		<option name="JAVA_BRACKETS">
			<value>
				<option name="FOREGROUND" value="abb2bf" />
				<option name="EFFECT_TYPE" value="1" />
			</value>
		</option>
		<option name="JAVA_COMMA">
			<value>
				<option name="FOREGROUND" value="abb2bf" />
			</value>
		</option>
		<option name="JAVA_DOT">
			<value>
				<option name="FOREGROUND" value="abb2bf" />
			</value>
		</option>
		<option name="JAVA_KEYWORD">
			<value>
				<option name="FOREGROUND" value="ffffff" />
			</value>
		</option>
		<option name="JAVA_LINE_COMMENT">
			<value>
				<option name="FOREGROUND" value="5c615f" />
			</value>
		</option>
		<option name="JAVA_NUMBER">
			<value>
				<option name="FOREGROUND" value="ff5200" />
			</value>
		</option>
		<option name="JAVA_OPERATION_SIGN">
			<value>
				<option name="FOREGROUND" value="abb2bf" />
			</value>
		</option>
		<option name="JAVA_PARENTH">
			<value>
				<option name="FOREGROUND" value="abb2bf" />
				<option name="EFFECT_TYPE" value="1" />
			</value>
		</option>
		<option name="JAVA_SEMICOLON">
			<value>
				<option name="FOREGROUND" value="abb2bf" />
			</value>
		</option>
		<option name="JAVA_STRING">
			<value>
				<option name="FOREGROUND" value="ff5200" />
			</value>
		</option>
		<option name="LOCAL_VARIABLE_ATTRIBUTES">
			<value>
				<option name="FONT_TYPE" value="1" />
				<option name="FOREGROUND" value="07ff57" />
				<option name="EFFECT_TYPE" value="5" />
			</value>
		</option>
		<option name="LOG_ERROR_OUTPUT">
			<value>
				<option name="FONT_TYPE" value="1" />
				<option name="FOREGROUND" value="7f0055" />
			</value>
		</option>
		<option name="LOG_EXPIRED_ENTRY">
			<value>
				<option name="FONT_TYPE" value="1" />
				<option name="FOREGROUND" value="557f5f" />
			</value>
		</option>
		<option name="LOG_WARNING_OUTPUT">
			<value>
				<option name="FONT_TYPE" value="3" />
				<option name="FOREGROUND" value="ff5809" />
				<option name="EFFECT_TYPE" value="1" />
				<option name="EFFECT_COLOR" value="ff5809" />
			</value>
		</option>
		<option name="MATCHED_BRACE_ATTRIBUTES">
			<value>
				<option name="FOREGROUND" value="e9f5ff" />
				<option name="BACKGROUND" value="ff5b00" />
			</value>
		</option>
		<option name="METHOD_CALL_ATTRIBUTES">
			<value>
				<option name="FOREGROUND" value="01ecff" />
			</value>
		</option>
		<option name="METHOD_DECLARATION_ATTRIBUTES">
			<value>
				<option name="FOREGROUND" value="01ecff" />
			</value>
		</option>
		<option name="PARAMETER_ATTRIBUTES">
			<value>
				<option name="FONT_TYPE" value="1" />
				<option name="FOREGROUND" value="07ff57" />
			</value>
		</option>
		<option name="REASSIGNED_LOCAL_VARIABLE_ATTRIBUTES">
			<value>
				<option name="FONT_TYPE" value="1" />
				<option name="FOREGROUND" value="07ff57" />
				<option name="EFFECT_TYPE" value="1" />
			</value>
		</option>
		<option name="REASSIGNED_PARAMETER_ATTRIBUTES">
			<value>
				<option name="FONT_TYPE" value="1" />
				<option name="FOREGROUND" value="07ff57" />
			</value>
		</option>
		<option name="SEARCH_RESULT_ATTRIBUTES">
			<value>
				<option name="BACKGROUND" value="000000" />
				<option name="ERROR_STRIPE_COLOR" value="000000" />
			</value>
		</option>
		<option name="STATIC_FIELD_ATTRIBUTES">
			<value>
				<option name="FONT_TYPE" value="3" />
				<option name="FOREGROUND" value="07ff57" />
			</value>
		</option>
		<option name="STATIC_FINAL_FIELD_ATTRIBUTES">
			<value>
				<option name="FONT_TYPE" value="1" />
				<option name="FOREGROUND" value="07ff57" />
				<option name="EFFECT_TYPE" value="1" />
			</value>
		</option>
		<option name="STATIC_METHOD_ATTRIBUTES">
			<value>
				<option name="FOREGROUND" value="01ecff" />
			</value>
		</option>
		<option name="TEMPLATE_VARIABLE_ATTRIBUTES">
			<value>
				<option name="FOREGROUND" value="333333" />
			</value>
		</option>
		<option name="TEXT">
			<value>
				<option name="FOREGROUND" value="b8b8b8" />
				<option name="BACKGROUND" value="282c34" />
			</value>
		</option>
		<option name="TEXT_SEARCH_RESULT_ATTRIBUTES">
			<value>
				<option name="BACKGROUND" value="d8d8d8" />
				<option name="ERROR_STRIPE_COLOR" value="d8d8d8" />
			</value>
		</option>
		<option name="TYPE_PARAMETER_NAME_ATTRIBUTES">
			<value>
				<option name="FOREGROUND" value="4fc8ff" />
			</value>
		</option>
		<option name="UNMATCHED_BRACE_ATTRIBUTES">
			<value>
				<option name="BACKGROUND" value="a21008" />
			</value>
		</option>
		<option name="WRITE_IDENTIFIER_UNDER_CARET_ATTRIBUTES">
			<value>
				<option name="BACKGROUND" value="000000" />
				<option name="ERROR_STRIPE_COLOR" value="000000" />
			</value>
		</option>
		<option name="WRITE_SEARCH_RESULT_ATTRIBUTES">
			<value>
				<option name="BACKGROUND" value="000000" />
				<option name="ERROR_STRIPE_COLOR" value="000000" />
			</value>
		</option>
	</attributes>
</scheme>