<?xml version="1.0" encoding="UTF-8"?>
<scheme name="JumpOut II" version="1" parent_scheme="Default">
	<option name="LINE_SPACING" value="1.0" />
	<option name="EDITOR_FONT_SIZE" value="12" />
	<option name="EDITOR_FONT_NAME" value="Menlo" />
	<colors>
		<option name="ADDED_LINES_COLOR" value="295622" />
		<option name="CARET_COLOR" value="bbbbbb" />
		<option name="CARET_ROW_COLOR" value="171c1f" />
		<option name="CONSOLE_BACKGROUND_KEY" value="1e2429" />
		<option name="FILESTATUS_ADDED" value="629755" />
		<option name="FILESTATUS_DELETED" value="6c6c6c" />
		<option name="FILESTATUS_IDEA_FILESTATUS_DELETED_FROM_FILE_SYSTEM" value="6c6c6c" />
		<option name="FILESTATUS_IDEA_FILESTATUS_IGNORED" value="848504" />
		<option name="FILESTATUS_IDEA_FILESTATUS_MERGED_WITH_BOTH_CONFLICTS" value="d5756c" />
		<option name="FILESTATUS_IDEA_FILESTATUS_MERGED_WITH_CONFLICTS" value="d5756c" />
		<option name="FILESTATUS_IDEA_FILESTATUS_MERGED_WITH_PROPERTY_CONFLICTS" value="d5756c" />
		<option name="FILESTATUS_MERGED" value="9876aa" />
		<option name="FILESTATUS_MODIFIED" value="6897bb" />
		<option name="FILESTATUS_NOT_CHANGED_IMMEDIATE" value="6897bb" />
		<option name="FILESTATUS_NOT_CHANGED_RECURSIVE" value="6897bb" />
		<option name="FILESTATUS_UNKNOWN" value="d1675a" />
		<option name="FILESTATUS_addedOutside" value="629755" />
		<option name="FILESTATUS_changelistConflict" value="d5756c" />
		<option name="FILESTATUS_modifiedOutside" value="6897bb" />
		<option name="GUTTER_BACKGROUND" value="1e2429" />
		<option name="HTML_TAG_TREE_LEVEL0" value="3e41" />
		<option name="HTML_TAG_TREE_LEVEL1" value="3141" />
		<option name="HTML_TAG_TREE_LEVEL2" value="3141" />
		<option name="HTML_TAG_TREE_LEVEL3" value="3141" />
		<option name="HTML_TAG_TREE_LEVEL4" value="3141" />
		<option name="HTML_TAG_TREE_LEVEL5" value="3141" />
		<option name="INDENT_GUIDE" value="282e33" />
		<option name="LINE_NUMBERS_COLOR" value="5b6469" />
		<option name="METHOD_SEPARATORS_COLOR" value="282a2e" />
		<option name="MODIFIED_LINES_COLOR" value="415f69" />
		<option name="RECURSIVE_CALL_ATTRIBUTES" value="574300" />
		<option name="RIGHT_MARGIN_COLOR" value="323232" />
		<option name="SELECTED_INDENT_GUIDE" value="424652" />
		<option name="SELECTED_TEARLINE_COLOR" value="4a5660" />
		<option name="SELECTION_BACKGROUND" value="183252" />
		<option name="SELECTION_FOREGROUND" value="c5c8c6" />
		<option name="TEARLINE_COLOR" value="282e33" />
		<option name="WHITESPACES" value="505050" />
	</colors>
	<attributes>
		<option name="ABSTRACT_CLASS_NAME_ATTRIBUTES">
			<value>
				<option name="FOREGROUND" value="f0c674" />
			</value>
		</option>
		<option name="ANNOTATION_NAME_ATTRIBUTES">
			<value>
				<option name="FOREGROUND" value="ced1cf" />
			</value>
		</option>
		<option name="ANONYMOUS_CLASS_NAME_ATTRIBUTES">
			<value>
				<option name="FOREGROUND" value="f0c674" />
			</value>
		</option>
		<option name="BAD_CHARACTER">
			<value>
				<option name="FOREGROUND" value="4b4e55" />
				<option name="EFFECT_TYPE" value="1" />
				<option name="EFFECT_COLOR" value="4b4e55" />
			</value>
		</option>
		<option name="BREAKPOINT_ATTRIBUTES">
			<value>
				<option name="BACKGROUND" value="3a2323" />
			</value>
		</option>
		<option name="Block comment">
			<value>
				<option name="FONT_TYPE" value="2" />
				<option name="FOREGROUND" value="969896" />
			</value>
		</option>
		<option name="CLASS_NAME_ATTRIBUTES">
			<value>
				<option name="FOREGROUND" value="f0c674" />
			</value>
		</option>
		<option name="CONSOLE_BLUE_OUTPUT">
			<value>
				<option name="FOREGROUND" value="6694ff" />
			</value>
		</option>
		<option name="CONSOLE_CYAN_OUTPUT">
			<value>
				<option name="FOREGROUND" value="66ffff" />
			</value>
		</option>
		<option name="CONSOLE_DARKGRAY_OUTPUT">
			<value>
				<option name="FOREGROUND" value="4e4f4e" />
			</value>
		</option>
		<option name="CONSOLE_ERROR_OUTPUT">
			<value>
				<option name="FOREGROUND" value="ff464e" />
			</value>
		</option>
		<option name="CONSOLE_GRAY_OUTPUT">
			<value>
				<option name="FOREGROUND" value="7e7f7e" />
			</value>
		</option>
		<option name="CONSOLE_GREEN_OUTPUT">
			<value>
				<option name="FOREGROUND" value="66ff66" />
			</value>
		</option>
		<option name="CONSOLE_MAGENTA_OUTPUT">
			<value>
				<option name="FOREGROUND" value="ff66ff" />
			</value>
		</option>
		<option name="CONSOLE_NORMAL_OUTPUT">
			<value>
				<option name="FOREGROUND" value="d4d7d5" />
				<option name="BACKGROUND" value="1e2429" />
			</value>
		</option>
		<option name="CONSOLE_RED_OUTPUT">
			<value>
				<option name="FOREGROUND" value="ff464e" />
			</value>
		</option>
		<option name="CONSOLE_SYSTEM_OUTPUT">
			<value>
				<option name="FOREGROUND" value="de935f" />
			</value>
		</option>
		<option name="CONSOLE_USER_INPUT">
			<value>
				<option name="FONT_TYPE" value="2" />
				<option name="FOREGROUND" value="969896" />
			</value>
		</option>
		<option name="CONSOLE_YELLOW_OUTPUT">
			<value>
				<option name="FOREGROUND" value="ffff66" />
			</value>
		</option>
		<option name="CSS$COLOR">
			<value>
				<option name="FOREGROUND" value="54e0ff" />
			</value>
		</option>
		<option name="CSS$FUNCTION">
			<value>
				<option name="FOREGROUND" value="54e0ff" />
			</value>
		</option>
		<option name="CSS$IDENT">
			<value>
				<option name="FOREGROUND" value="87ffc9" />
			</value>
		</option>
		<option name="CSS$PROPERTY_NAME">
			<value>
				<option name="FOREGROUND" value="ff474e" />
			</value>
		</option>
		<option name="CSS$UNICODE$RANGE">
			<value>
				<option name="FOREGROUND" value="54e0ff" />
			</value>
		</option>
		<option name="CUSTOM_INVALID_STRING_ESCAPE_ATTRIBUTES">
			<value>
				<option name="FOREGROUND" value="4b4e55" />
				<option name="EFFECT_TYPE" value="1" />
				<option name="EFFECT_COLOR" value="4b4e55" />
			</value>
		</option>
		<option name="CUSTOM_KEYWORD1_ATTRIBUTES">
			<value>
				<option name="FOREGROUND" value="b294bb" />
			</value>
		</option>
		<option name="CUSTOM_KEYWORD2_ATTRIBUTES">
			<value>
				<option name="FOREGROUND" value="b294bb" />
			</value>
		</option>
		<option name="CUSTOM_KEYWORD3_ATTRIBUTES">
			<value>
				<option name="FOREGROUND" value="b294bb" />
			</value>
		</option>
		<option name="CUSTOM_KEYWORD4_ATTRIBUTES">
			<value>
				<option name="FOREGROUND" value="b294bb" />
			</value>
		</option>
		<option name="CUSTOM_LINE_COMMENT_ATTRIBUTES">
			<value>
				<option name="FONT_TYPE" value="2" />
				<option name="FOREGROUND" value="969896" />
			</value>
		</option>
		<option name="CUSTOM_MULTI_LINE_COMMENT_ATTRIBUTES">
			<value>
				<option name="FONT_TYPE" value="2" />
				<option name="FOREGROUND" value="969896" />
			</value>
		</option>
		<option name="CUSTOM_NUMBER_ATTRIBUTES">
			<value>
				<option name="FOREGROUND" value="de935f" />
			</value>
		</option>
		<option name="CUSTOM_STRING_ATTRIBUTES">
			<value>
				<option name="FOREGROUND" value="b5bd68" />
			</value>
		</option>
		<option name="CUSTOM_VALID_STRING_ESCAPE_ATTRIBUTES">
			<value>
				<option name="FOREGROUND" value="de935f" />
			</value>
		</option>
		<option name="DEFAULT_ATTRIBUTE">
			<value>
				<option name="FOREGROUND" value="ff9f1a" />
			</value>
		</option>
		<option name="DEFAULT_BLOCK_COMMENT">
			<value>
				<option name="FONT_TYPE" value="2" />
				<option name="FOREGROUND" value="4a5660" />
			</value>
		</option>
		<option name="DEFAULT_BRACES">
			<value>
				<option name="FOREGROUND" value="c5c8c6" />
			</value>
		</option>
		<option name="DEFAULT_BRACKETS">
			<value>
				<option name="FOREGROUND" value="c5c8c6" />
			</value>
		</option>
		<option name="DEFAULT_CLASS_NAME">
			<value>
				<option name="FOREGROUND" value="fffa82" />
			</value>
		</option>
		<option name="DEFAULT_CLASS_REFERENCE">
			<value>
				<option name="FOREGROUND" value="f0c674" />
			</value>
		</option>
		<option name="DEFAULT_COMMA">
			<value>
				<option name="FOREGROUND" value="ced1cf" />
			</value>
		</option>
		<option name="DEFAULT_CONSTANT">
			<value>
				<option name="FOREGROUND" value="ff9f1a" />
			</value>
		</option>
		<option name="DEFAULT_DOC_COMMENT">
			<value>
				<option name="FONT_TYPE" value="2" />
				<option name="FOREGROUND" value="555c55" />
			</value>
		</option>
		<option name="DEFAULT_DOC_COMMENT_TAG">
			<value>
				<option name="FOREGROUND" value="66c666" />
			</value>
		</option>
		<option name="DEFAULT_DOC_COMMENT_TAG_VALUE">
			<value>
				<option name="FONT_TYPE" value="3" />
				<option name="FOREGROUND" value="66c666" />
			</value>
		</option>
		<option name="DEFAULT_DOC_MARKUP">
			<value>
				<option name="FOREGROUND" value="66c666" />
			</value>
		</option>
		<option name="DEFAULT_DOT">
			<value>
				<option name="FOREGROUND" value="ced1cf" />
			</value>
		</option>
		<option name="DEFAULT_ENTITY">
			<value>
				<option name="FOREGROUND" value="ff9f1a" />
			</value>
		</option>
		<option name="DEFAULT_FUNCTION_CALL">
			<value>
				<option name="FOREGROUND" value="54e0ff" />
			</value>
		</option>
		<option name="DEFAULT_FUNCTION_DECLARATION">
			<value>
				<option name="FOREGROUND" value="ffaa" />
			</value>
		</option>
		<option name="DEFAULT_GLOBAL_VARIABLE">
			<value>
				<option name="FOREGROUND" value="ccff00" />
			</value>
		</option>
		<option name="DEFAULT_IDENTIFIER">
			<value>
				<option name="FOREGROUND" value="c5c8c6" />
			</value>
		</option>
		<option name="DEFAULT_INSTANCE_FIELD">
			<value>
				<option name="FOREGROUND" value="ff9f1a" />
			</value>
		</option>
		<option name="DEFAULT_INSTANCE_METHOD">
			<value>
				<option name="FOREGROUND" value="54e0ff" />
			</value>
		</option>
		<option name="DEFAULT_INTERFACE_NAME">
			<value>
				<option name="FOREGROUND" value="207080" />
			</value>
		</option>
		<option name="DEFAULT_INVALID_STRING_ESCAPE">
			<value>
				<option name="FOREGROUND" value="4b4e55" />
				<option name="EFFECT_TYPE" value="1" />
				<option name="EFFECT_COLOR" value="4b4e55" />
			</value>
		</option>
		<option name="DEFAULT_KEYWORD">
			<value>
				<option name="FOREGROUND" value="ffaecf" />
			</value>
		</option>
		<option name="DEFAULT_LABEL">
			<value>
				<option name="FOREGROUND" value="ff9f1a" />
			</value>
		</option>
		<option name="DEFAULT_LINE_COMMENT">
			<value>
				<option name="FONT_TYPE" value="2" />
				<option name="FOREGROUND" value="4a5660" />
			</value>
		</option>
		<option name="DEFAULT_LOCAL_VARIABLE">
			<value>
				<option name="FOREGROUND" value="ff4c93" />
			</value>
		</option>
		<option name="DEFAULT_METADATA">
			<value>
				<option name="FOREGROUND" value="4b4e55" />
			</value>
		</option>
		<option name="DEFAULT_NUMBER">
			<value>
				<option name="FOREGROUND" value="ffc800" />
			</value>
		</option>
		<option name="DEFAULT_OPERATION_SIGN">
			<value>
				<option name="FOREGROUND" value="ced1cf" />
			</value>
		</option>
		<option name="DEFAULT_PARAMETER">
			<value>
				<option name="FOREGROUND" value="ff9980" />
			</value>
		</option>
		<option name="DEFAULT_PARENTHS">
			<value>
				<option name="FOREGROUND" value="c5c8c6" />
			</value>
		</option>
		<option name="DEFAULT_PREDEFINED_SYMBOL">
			<value>
				<option name="FONT_TYPE" value="1" />
				<option name="FOREGROUND" value="ff9f1a" />
				<option name="EFFECT_TYPE" value="1" />
				<option name="EFFECT_COLOR" value="de935f" />
			</value>
		</option>
		<option name="DEFAULT_SEMICOLON">
			<value>
				<option name="FOREGROUND" value="ced1cf" />
			</value>
		</option>
		<option name="DEFAULT_STATIC_FIELD">
			<value>
				<option name="FOREGROUND" value="ff9f1a" />
			</value>
		</option>
		<option name="DEFAULT_STATIC_METHOD">
			<value>
				<option name="FOREGROUND" value="54e0ff" />
			</value>
		</option>
		<option name="DEFAULT_STRING">
			<value>
				<option name="FOREGROUND" value="e6c345" />
			</value>
		</option>
		<option name="DEFAULT_TAG">
			<value>
				<option name="FOREGROUND" value="c5c8c6" />
			</value>
		</option>
		<option name="DEFAULT_TEMPLATE_LANGUAGE_COLOR">
			<value>
				<option name="FOREGROUND" value="c5c8c6" />
			</value>
		</option>
		<option name="DEFAULT_VALID_STRING_ESCAPE">
			<value>
				<option name="FOREGROUND" value="ff9a00" />
			</value>
		</option>
		<option name="DELETED_TEXT_ATTRIBUTES">
			<value>
				<option name="FOREGROUND" value="1d1f21" />
				<option name="BACKGROUND" value="c5c8c6" />
			</value>
		</option>
		<option name="DEPRECATED_ATTRIBUTES">
			<value>
				<option name="FOREGROUND" value="4b4e55" />
				<option name="EFFECT_TYPE" value="1" />
				<option name="EFFECT_COLOR" value="4b4e55" />
			</value>
		</option>
		<option name="DIFF_CONFLICT">
			<value>
				<option name="BACKGROUND" value="45302b" />
				<option name="ERROR_STRIPE_COLOR" value="8f5247" />
			</value>
		</option>
		<option name="DIFF_DELETED">
			<value>
				<option name="BACKGROUND" value="484a4a" />
				<option name="ERROR_STRIPE_COLOR" value="656e76" />
			</value>
		</option>
		<option name="DIFF_INSERTED">
			<value>
				<option name="BACKGROUND" value="294436" />
				<option name="ERROR_STRIPE_COLOR" value="447152" />
			</value>
		</option>
		<option name="DIFF_MODIFIED">
			<value>
				<option name="BACKGROUND" value="385570" />
				<option name="ERROR_STRIPE_COLOR" value="43698d" />
			</value>
		</option>
		<option name="DOC_COMMENT_TAG_VALUE">
			<value>
				<option name="FOREGROUND" value="ced1cf" />
			</value>
		</option>
		<option name="DUPLICATE_FROM_SERVER">
			<value>
				<option name="BACKGROUND" value="423428" />
			</value>
		</option>
		<option name="ENUM_NAME_ATTRIBUTES">
			<value>
				<option name="FOREGROUND" value="b294bb" />
			</value>
		</option>
		<option name="ERRORS_ATTRIBUTES">
			<value>
				<option name="ERROR_STRIPE_COLOR" value="bc3f3c" />
				<option name="EFFECT_TYPE" value="2" />
				<option name="EFFECT_COLOR" value="bc3f3c" />
			</value>
		</option>
		<option name="EXECUTIONPOINT_ATTRIBUTES">
			<value>
				<option name="BACKGROUND" value="2d6099" />
			</value>
		</option>
		<option name="FOLDED_TEXT_ATTRIBUTES">
			<value>
				<option name="FOREGROUND" value="c5c8c6" />
				<option name="BACKGROUND" value="373b41" />
			</value>
		</option>
		<option name="FOLLOWED_HYPERLINK_ATTRIBUTES">
			<value>
				<option name="FOREGROUND" value="188cff" />
				<option name="EFFECT_TYPE" value="1" />
				<option name="EFFECT_COLOR" value="287bde" />
			</value>
		</option>
		<option name="GENERIC_SERVER_ERROR_OR_WARNING">
			<value>
				<option name="ERROR_STRIPE_COLOR" value="f49810" />
				<option name="EFFECT_TYPE" value="1" />
				<option name="EFFECT_COLOR" value="f49810" />
			</value>
		</option>
		<option name="HTML_ATTRIBUTE_NAME">
			<value>
				<option name="FOREGROUND" value="ff474e" />
			</value>
		</option>
		<option name="HTML_ATTRIBUTE_VALUE">
			<value>
				<option name="FOREGROUND" value="fffa82" />
			</value>
		</option>
		<option name="HYPERLINK_ATTRIBUTES">
			<value>
				<option name="FOREGROUND" value="287bde" />
				<option name="EFFECT_TYPE" value="1" />
				<option name="EFFECT_COLOR" value="287bde" />
			</value>
		</option>
		<option name="IDENTIFIER_UNDER_CARET_ATTRIBUTES">
			<value>
				<option name="BACKGROUND" value="232e" />
				<option name="ERROR_STRIPE_COLOR" value="4b4e55" />
				<option name="EFFECT_COLOR" value="6180" />
			</value>
		</option>
		<option name="IMPLICIT_ANONYMOUS_CLASS_PARAMETER_ATTRIBUTES">
			<value>
				<option name="FOREGROUND" value="b294bb" />
			</value>
		</option>
		<option name="INFO_ATTRIBUTES">
			<value>
				<option name="ERROR_STRIPE_COLOR" value="aeae80" />
				<option name="EFFECT_TYPE" value="2" />
				<option name="EFFECT_COLOR" value="aeae80" />
			</value>
		</option>
		<option name="INJECTED_LANGUAGE_FRAGMENT">
			<value>
				<option name="FOREGROUND" value="c5c8c6" />
			</value>
		</option>
		<option name="INSTANCE_FIELD_ATTRIBUTES">
			<value>
				<option name="FOREGROUND" value="de935f" />
			</value>
		</option>
		<option name="INTERFACE_NAME_ATTRIBUTES">
			<value>
				<option name="FOREGROUND" value="b294bb" />
			</value>
		</option>
		<option name="LOG_ERROR_OUTPUT">
			<value>
				<option name="FOREGROUND" value="ff464e" />
			</value>
		</option>
		<option name="LOG_EXPIRED_ENTRY">
			<value>
				<option name="FONT_TYPE" value="2" />
				<option name="FOREGROUND" value="969896" />
			</value>
		</option>
		<option name="LOG_WARNING_OUTPUT">
			<value>
				<option name="FOREGROUND" value="ffbd66" />
			</value>
		</option>
		<option name="MATCHED_BRACE_ATTRIBUTES">
			<value>
				<option name="FOREGROUND" value="ff8647" />
			</value>
		</option>
		<option name="METHOD_DECLARATION_ATTRIBUTES">
			<value>
				<option name="FOREGROUND" value="81a2be" />
			</value>
		</option>
		<option name="MULTIMARKDOWN$ABBREVIATION">
			<value>
				<option name="BACKGROUND" value="2d402f" />
			</value>
		</option>
		<option name="MULTIMARKDOWN$ANCHOR_LINK">
			<value>
				<option name="BACKGROUND" value="373d40" />
				<option name="EFFECT_TYPE" value="1" />
			</value>
		</option>
		<option name="MULTIMARKDOWN$BULLET_LIST">
			<value>
				<option name="FONT_TYPE" value="1" />
				<option name="FOREGROUND" value="ff80aa" />
			</value>
		</option>
		<option name="MULTIMARKDOWN$CODE">
			<value>
				<option name="FONT_TYPE" value="3" />
				<option name="FOREGROUND" value="ff4d7c" />
			</value>
		</option>
		<option name="MULTIMARKDOWN$DEFINITION_TERM">
			<value>
				<option name="BACKGROUND" value="3c3a40" />
			</value>
		</option>
		<option name="MULTIMARKDOWN$EXPLICIT_LINK">
			<value>
				<option name="BACKGROUND" value="3b4039" />
				<option name="EFFECT_TYPE" value="1" />
				<option name="EFFECT_COLOR" value="0" />
			</value>
		</option>
		<option name="MULTIMARKDOWN$HEADER_LEVEL_1">
			<value>
				<option name="FONT_TYPE" value="1" />
				<option name="FOREGROUND" value="8ac1e6" />
				<option name="BACKGROUND" value="333333" />
			</value>
		</option>
		<option name="MULTIMARKDOWN$HEADER_LEVEL_2">
			<value>
				<option name="FONT_TYPE" value="1" />
				<option name="FOREGROUND" value="8ac1e6" />
				<option name="BACKGROUND" value="333333" />
			</value>
		</option>
		<option name="MULTIMARKDOWN$HEADER_LEVEL_3">
			<value>
				<option name="FONT_TYPE" value="1" />
				<option name="FOREGROUND" value="8ac1e6" />
				<option name="BACKGROUND" value="333333" />
			</value>
		</option>
		<option name="MULTIMARKDOWN$HEADER_LEVEL_4">
			<value>
				<option name="FONT_TYPE" value="1" />
				<option name="FOREGROUND" value="8ac1e6" />
				<option name="BACKGROUND" value="333333" />
			</value>
		</option>
		<option name="MULTIMARKDOWN$HEADER_LEVEL_5">
			<value>
				<option name="FONT_TYPE" value="1" />
				<option name="FOREGROUND" value="8ac1e6" />
				<option name="BACKGROUND" value="333333" />
			</value>
		</option>
		<option name="MULTIMARKDOWN$HEADER_LEVEL_6">
			<value>
				<option name="FONT_TYPE" value="1" />
				<option name="FOREGROUND" value="8ac1e6" />
				<option name="BACKGROUND" value="333333" />
			</value>
		</option>
		<option name="MULTIMARKDOWN$HRULE">
			<value>
				<option name="FONT_TYPE" value="1" />
				<option name="FOREGROUND" value="ff70" />
				<option name="BACKGROUND" value="333333" />
			</value>
		</option>
		<option name="MULTIMARKDOWN$HTML_BLOCK">
			<value>
				<option name="BACKGROUND" value="373b40" />
			</value>
		</option>
		<option name="MULTIMARKDOWN$IMAGE">
			<value>
				<option name="BACKGROUND" value="37403d" />
			</value>
		</option>
		<option name="MULTIMARKDOWN$INLINE_HTML">
			<value>
				<option name="BACKGROUND" value="333b40" />
			</value>
		</option>
		<option name="MULTIMARKDOWN$ORDERED_LIST">
			<value>
				<option name="FONT_TYPE" value="1" />
				<option name="FOREGROUND" value="ff337a" />
			</value>
		</option>
		<option name="MULTIMARKDOWN$QUOTE">
			<value>
				<option name="BACKGROUND" value="29332b" />
			</value>
		</option>
		<option name="MULTIMARKDOWN$REFERENCE">
			<value>
				<option name="BACKGROUND" value="403326" />
			</value>
		</option>
		<option name="MULTIMARKDOWN$REFERENCE_IMAGE">
			<value>
				<option name="BACKGROUND" value="403132" />
			</value>
		</option>
		<option name="MULTIMARKDOWN$REFERENCE_LINK">
			<value>
				<option name="BACKGROUND" value="403831" />
				<option name="EFFECT_TYPE" value="1" />
				<option name="EFFECT_COLOR" value="0" />
			</value>
		</option>
		<option name="MULTIMARKDOWN$SMARTS">
			<value>
				<option name="BACKGROUND" value="362440" />
			</value>
		</option>
		<option name="MULTIMARKDOWN$SPECIAL_TEXT">
			<value>
				<option name="FONT_TYPE" value="2" />
				<option name="BACKGROUND" value="3e3640" />
			</value>
		</option>
		<option name="MULTIMARKDOWN$TABLE">
			<value>
				<option name="FONT_TYPE" value="1" />
				<option name="FOREGROUND" value="4f0885" />
				<option name="BACKGROUND" value="333333" />
			</value>
		</option>
		<option name="MULTIMARKDOWN$TABLE_CAPTION">
			<value>
				<option name="BACKGROUND" value="31332c" />
			</value>
		</option>
		<option name="MULTIMARKDOWN$TABLE_CELL_REVEN_CEVEN">
			<value>
				<option name="BACKGROUND" value="2d332d" />
			</value>
		</option>
		<option name="MULTIMARKDOWN$TABLE_CELL_REVEN_CODD">
			<value>
				<option name="BACKGROUND" value="2d3332" />
			</value>
		</option>
		<option name="MULTIMARKDOWN$TABLE_CELL_RODD_CEVEN">
			<value>
				<option name="BACKGROUND" value="403e3a" />
			</value>
		</option>
		<option name="MULTIMARKDOWN$TABLE_ROW_EVEN">
			<value>
				<option name="FONT_TYPE" value="1" />
				<option name="FOREGROUND" value="4f0885" />
				<option name="BACKGROUND" value="38403e" />
			</value>
		</option>
		<option name="MULTIMARKDOWN$TASK_ITEM_MARKER">
			<value>
				<option name="FONT_TYPE" value="1" />
				<option name="FOREGROUND" value="fd80ff" />
			</value>
		</option>
		<option name="MULTIMARKDOWN$VERBATIM">
			<value>
				<option name="BACKGROUND" value="333333" />
			</value>
		</option>
		<option name="MULTIMARKDOWN$WIKI_LINK_REF">
			<value>
				<option name="FONT_TYPE" value="1" />
				<option name="FOREGROUND" value="8ac1e6" />
				<option name="BACKGROUND" value="364039" />
				<option name="EFFECT_TYPE" value="1" />
				<option name="EFFECT_COLOR" value="ba" />
			</value>
		</option>
		<option name="MULTIMARKDOWN$WIKI_LINK_TEXT">
			<value>
				<option name="FONT_TYPE" value="1" />
				<option name="FOREGROUND" value="8ac1e6" />
				<option name="BACKGROUND" value="364039" />
				<option name="EFFECT_TYPE" value="1" />
				<option name="EFFECT_COLOR" value="8ac1e6" />
			</value>
		</option>
		<option name="NOT_USED_ELEMENT_ATTRIBUTES">
			<value>
				<option name="FOREGROUND" value="808080" />
				<option name="EFFECT_TYPE" value="2" />
				<option name="EFFECT_COLOR" value="808080" />
			</value>
		</option>
		<option name="PARAMETER_ATTRIBUTES">
			<value>
				<option name="FOREGROUND" value="de935f" />
			</value>
		</option>
		<option name="SASS_MIXIN">
			<value>
				<option name="FONT_TYPE" value="1" />
				<option name="FOREGROUND" value="54e0ff" />
			</value>
		</option>
		<option name="SEARCH_RESULT_ATTRIBUTES">
			<value>
				<option name="BACKGROUND" value="2953" />
				<option name="ERROR_STRIPE_COLOR" value="4b4e55" />
				<option name="EFFECT_COLOR" value="91ff6d" />
			</value>
		</option>
		<option name="STATIC_FIELD_ATTRIBUTES">
			<value>
				<option name="FOREGROUND" value="de935f" />
			</value>
		</option>
		<option name="STATIC_METHOD_ATTRIBUTES">
			<value>
				<option name="FOREGROUND" value="ced1cf" />
			</value>
		</option>
		<option name="TEMPLATE_VARIABLE_ATTRIBUTES">
			<value>
				<option name="FOREGROUND" value="c5c8c6" />
			</value>
		</option>
		<option name="TEXT">
			<value>
				<option name="FOREGROUND" value="c5c8c6" />
				<option name="BACKGROUND" value="1e2429" />
			</value>
		</option>
		<option name="TEXT_SEARCH_RESULT_ATTRIBUTES">
			<value>
				<option name="BACKGROUND" value="2953" />
				<option name="ERROR_STRIPE_COLOR" value="f0c674" />
				<option name="EFFECT_COLOR" value="8f8f8f" />
			</value>
		</option>
		<option name="TODO_DEFAULT_ATTRIBUTES">
			<value>
				<option name="FONT_TYPE" value="3" />
				<option name="FOREGROUND" value="ff05" />
				<option name="ERROR_STRIPE_COLOR" value="a74c0" />
			</value>
		</option>
		<option name="TS$TYPE_PARAMETER">
			<value>
				<option name="FOREGROUND" value="7fbf" />
			</value>
		</option>
		<option name="TYPE_PARAMETER_NAME_ATTRIBUTES">
			<value>
				<option name="FOREGROUND" value="de935f" />
			</value>
		</option>
		<option name="TYPO">
			<value>
				<option name="EFFECT_TYPE" value="2" />
				<option name="EFFECT_COLOR" value="867f27" />
			</value>
		</option>
		<option name="UNMATCHED_BRACE_ATTRIBUTES">
			<value>
				<option name="FOREGROUND" value="d1243b" />
			</value>
		</option>
		<option name="WARNING_ATTRIBUTES">
			<value>
				<option name="BACKGROUND" value="423428" />
				<option name="ERROR_STRIPE_COLOR" value="8c8c00" />
				<option name="EFFECT_TYPE" value="1" />
			</value>
		</option>
		<option name="WRITE_IDENTIFIER_UNDER_CARET_ATTRIBUTES">
			<value>
				<option name="BACKGROUND" value="232e" />
				<option name="ERROR_STRIPE_COLOR" value="4b4e55" />
				<option name="EFFECT_COLOR" value="b5e9" />
			</value>
		</option>
		<option name="WRITE_SEARCH_RESULT_ATTRIBUTES">
			<value>
				<option name="BACKGROUND" value="4b4e55" />
				<option name="ERROR_STRIPE_COLOR" value="4b4e55" />
			</value>
		</option>
		<option name="WRONG_REFERENCES_ATTRIBUTES">
			<value>
				<option name="FOREGROUND" value="bc3f3c" />
			</value>
		</option>
	</attributes>
</scheme>