<?xml version="1.0" encoding="UTF-8"?>
<scheme name="Lucario" version="1" parent_scheme="Default">
	<option name="LINE_SPACING" value="1.0" />
	<option name="EDITOR_FONT_SIZE" value="12" />
	<option name="EDITOR_FONT_NAME" value="Menlo" />
	<colors>
		<option name="CARET_COLOR" value="f8f8f0" />
		<option name="CARET_ROW_COLOR" value="243443" />
		<option name="CONSOLE_BACKGROUND_KEY" value="272822" />
		<option name="GUTTER_BACKGROUND" value="273a4b" />
		<option name="INDENT_GUIDE" value="2b3e50" />
		<option name="LINE_NUMBERS_COLOR" value="f8f8f2" />
		<option name="RIGHT_MARGIN_COLOR" value="203040" />
		<option name="SELECTED_INDENT_GUIDE" value="2b3e50" />
		<option name="SELECTED_TEARLINE_COLOR" value="d8d8d8" />
		<option name="SELECTION_BACKGROUND" value="1a2834" />
		<option name="WHITESPACES" value="243443" />
	</colors>
	<attributes>
		<option name="BAD_CHARACTER">
			<value>
				<option name="FOREGROUND" value="f8f8f0" />
				<option name="BACKGROUND" value="f92672" />
			</value>
		</option>
		<option name="BREAKPOINT_ATTRIBUTES">
			<value>
				<option name="BACKGROUND" value="743d3d" />
			</value>
		</option>
		<option name="BUILDOUT$KEY">
			<value>
				<option name="FOREGROUND" value="f92672" />
			</value>
		</option>
		<option name="BUILDOUT$KEY_VALUE_SEPARATOR">
			<value>
				<option name="FOREGROUND" value="f92672" />
			</value>
		</option>
		<option name="BUILDOUT$LINE_COMMENT">
			<value>
				<option name="FOREGROUND" value="5c98cd" />
			</value>
		</option>
		<option name="BUILDOUT$SECTION_NAME">
			<value>
				<option name="FOREGROUND" value="ae81ff" />
			</value>
		</option>
		<option name="BUILDOUT$VALUE">
			<value>
				<option name="FOREGROUND" value="e6db74" />
			</value>
		</option>
		<option name="CLASS_REFERENCE">
			<value>
				<option name="FOREGROUND" value="a6e22e" />
				<option name="EFFECT_TYPE" value="1" />
				<option name="EFFECT_COLOR" value="a6e22e" />
			</value>
		</option>
		<option name="COFFEESCRIPT$BAD_CHARACTER">
			<value>
				<option name="FOREGROUND" value="f8f8f0" />
				<option name="BACKGROUND" value="f92672" />
			</value>
		</option>
		<option name="COFFEESCRIPT$BLOCK_COMMENT">
			<value>
				<option name="FOREGROUND" value="75715e" />
			</value>
		</option>
		<option name="COFFEESCRIPT$BOOLEAN">
			<value>
				<option name="FOREGROUND" value="ae81ff" />
			</value>
		</option>
		<option name="COFFEESCRIPT$CLASS_NAME">
			<value>
				<option name="FOREGROUND" value="a6e22e" />
			</value>
		</option>
		<option name="COFFEESCRIPT$COLON">
			<value>
				<option name="FOREGROUND" value="f92672" />
			</value>
		</option>
		<option name="COFFEESCRIPT$ESCAPE_SEQUENCE">
			<value>
				<option name="FOREGROUND" value="ae81ff" />
			</value>
		</option>
		<option name="COFFEESCRIPT$EXISTENTIAL">
			<value>
				<option name="FOREGROUND" value="f92672" />
			</value>
		</option>
		<option name="COFFEESCRIPT$FUNCTION">
			<value>
				<option name="FONT_TYPE" value="2" />
				<option name="FOREGROUND" value="66d9ef" />
			</value>
		</option>
		<option name="COFFEESCRIPT$FUNCTION_BINDING">
			<value>
				<option name="FONT_TYPE" value="2" />
				<option name="FOREGROUND" value="66d9ef" />
			</value>
		</option>
		<option name="COFFEESCRIPT$FUNCTION_NAME">
			<value>
				<option name="FOREGROUND" value="a6e22e" />
			</value>
		</option>
		<option name="COFFEESCRIPT$HEREDOC_CONTENT">
			<value>
				<option name="FOREGROUND" value="e6db74" />
			</value>
		</option>
		<option name="COFFEESCRIPT$HEREDOC_ID">
			<value>
				<option name="FOREGROUND" value="e6db74" />
			</value>
		</option>
		<option name="COFFEESCRIPT$HEREGEX_CONTENT">
			<value>
				<option name="FOREGROUND" value="e6db74" />
			</value>
		</option>
		<option name="COFFEESCRIPT$HEREGEX_ID">
			<value>
				<option name="FOREGROUND" value="e6db74" />
			</value>
		</option>
		<option name="COFFEESCRIPT$JAVASCRIPT_ID">
			<value>
				<option name="FOREGROUND" value="e6db74" />
			</value>
		</option>
		<option name="COFFEESCRIPT$KEYWORD">
			<value>
				<option name="FOREGROUND" value="f92672" />
			</value>
		</option>
		<option name="COFFEESCRIPT$LINE_COMMENT">
			<value>
				<option name="FOREGROUND" value="75715e" />
			</value>
		</option>
		<option name="COFFEESCRIPT$NUMBER">
			<value>
				<option name="FOREGROUND" value="ae81ff" />
			</value>
		</option>
		<option name="COFFEESCRIPT$OPERATIONS">
			<value>
				<option name="FOREGROUND" value="f92672" />
			</value>
		</option>
		<option name="COFFEESCRIPT$PROTOTYPE">
			<value>
				<option name="FOREGROUND" value="a6e22e" />
			</value>
		</option>
		<option name="COFFEESCRIPT$REGULAR_EXPRESSION_CONTENT">
			<value>
				<option name="FOREGROUND" value="e6db74" />
			</value>
		</option>
		<option name="COFFEESCRIPT$REGULAR_EXPRESSION_FLAG">
			<value>
				<option name="FOREGROUND" value="e6db74" />
			</value>
		</option>
		<option name="COFFEESCRIPT$REGULAR_EXPRESSION_ID">
			<value>
				<option name="FOREGROUND" value="e6db74" />
			</value>
		</option>
		<option name="COFFEESCRIPT$STRING">
			<value>
				<option name="FOREGROUND" value="e6db74" />
			</value>
		</option>
		<option name="COFFEESCRIPT$STRING_LITERAL">
			<value>
				<option name="FOREGROUND" value="e6db74" />
			</value>
		</option>
		<option name="CONDITIONALLY_NOT_COMPILED">
			<value>
				<option name="FOREGROUND" value="75715e" />
			</value>
		</option>
		<option name="CONSOLE_BLUE_OUTPUT">
			<value>
				<option name="FOREGROUND" value="c7c7ff" />
			</value>
		</option>
		<option name="CONSOLE_CYAN_OUTPUT">
			<value>
				<option name="FOREGROUND" value="06b8b8" />
			</value>
		</option>
		<option name="CONSOLE_ERROR_OUTPUT">
			<value>
				<option name="FOREGROUND" value="ffb3b3" />
			</value>
		</option>
		<option name="CONSOLE_GRAY_OUTPUT">
			<value>
				<option name="FOREGROUND" value="a7a7a7" />
			</value>
		</option>
		<option name="CONSOLE_GREEN_OUTPUT">
			<value>
				<option name="FOREGROUND" value="68e868" />
			</value>
		</option>
		<option name="CONSOLE_MAGENTA_OUTPUT">
			<value>
				<option name="FOREGROUND" value="ff2eff" />
			</value>
		</option>
		<option name="CONSOLE_NORMAL_OUTPUT">
			<value>
				<option name="FOREGROUND" value="ffffff" />
			</value>
		</option>
		<option name="CONSOLE_RED_OUTPUT">
			<value>
				<option name="FOREGROUND" value="ff6767" />
			</value>
		</option>
		<option name="CONSOLE_SYSTEM_OUTPUT">
			<value>
				<option name="FOREGROUND" value="e4e4ff" />
			</value>
		</option>
		<option name="CONSOLE_USER_INPUT">
			<value>
				<option name="FONT_TYPE" value="2" />
				<option name="FOREGROUND" value="6ae96a" />
			</value>
		</option>
		<option name="CONSOLE_YELLOW_OUTPUT">
			<value>
				<option name="FOREGROUND" value="754200" />
			</value>
		</option>
		<option name="CSS$COMMENT">
			<value>
				<option name="FOREGROUND" value="75715e" />
			</value>
		</option>
		<option name="CSS$FUNCTION">
			<value>
				<option name="FOREGROUND" value="66d9ef" />
			</value>
		</option>
		<option name="CSS$IDENT">
			<value>
				<option name="FOREGROUND" value="a6e22e" />
			</value>
		</option>
		<option name="CSS$NUMBER">
			<value>
				<option name="FOREGROUND" value="ae81ff" />
			</value>
		</option>
		<option name="CSS$PROPERTY_NAME">
			<value>
				<option name="FONT_TYPE" value="2" />
				<option name="FOREGROUND" value="66d9ef" />
			</value>
		</option>
		<option name="CSS$PROPERTY_VALUE">
			<value>
				<option name="FONT_TYPE" value="1" />
				<option name="FOREGROUND" value="68e868" />
			</value>
		</option>
		<option name="CSS$TAG_NAME">
			<value>
				<option name="FOREGROUND" value="f92672" />
			</value>
		</option>
		<option name="CSS$URL">
			<value>
				<option name="FONT_TYPE" value="2" />
				<option name="FOREGROUND" value="fd971f" />
			</value>
		</option>
		<option name="CTRL_CLICKABLE">
			<value>
				<option name="FOREGROUND" value="1966cd" />
				<option name="EFFECT_TYPE" value="1" />
				<option name="EFFECT_COLOR" value="1966cd" />
			</value>
		</option>
		<option name="CUSTOM_INVALID_STRING_ESCAPE_ATTRIBUTES">
			<value>
				<option name="FOREGROUND" value="f8f8f0" />
				<option name="BACKGROUND" value="f92672" />
			</value>
		</option>
		<option name="CUSTOM_KEYWORD1_ATTRIBUTES">
			<value>
				<option name="FONT_TYPE" value="1" />
				<option name="FOREGROUND" value="ff6541" />
			</value>
		</option>
		<option name="CUSTOM_KEYWORD2_ATTRIBUTES">
			<value>
				<option name="FONT_TYPE" value="1" />
				<option name="FOREGROUND" value="fda5ff" />
			</value>
		</option>
		<option name="CUSTOM_KEYWORD3_ATTRIBUTES">
			<value>
				<option name="FONT_TYPE" value="1" />
				<option name="FOREGROUND" value="71d7d7" />
			</value>
		</option>
		<option name="CUSTOM_KEYWORD4_ATTRIBUTES">
			<value>
				<option name="FONT_TYPE" value="1" />
				<option name="FOREGROUND" value="ffc2c2" />
			</value>
		</option>
		<option name="CUSTOM_LINE_COMMENT_ATTRIBUTES">
			<value>
				<option name="FONT_TYPE" value="2" />
				<option name="FOREGROUND" value="5c98cd" />
			</value>
		</option>
		<option name="CUSTOM_MULTI_LINE_COMMENT_ATTRIBUTES">
			<value>
				<option name="FONT_TYPE" value="2" />
				<option name="FOREGROUND" value="5c98cd" />
			</value>
		</option>
		<option name="CUSTOM_NUMBER_ATTRIBUTES">
			<value>
				<option name="FOREGROUND" value="ae81ff" />
			</value>
		</option>
		<option name="CUSTOM_STRING_ATTRIBUTES">
			<value>
				<option name="FONT_TYPE" value="1" />
				<option name="FOREGROUND" value="e6db74" />
			</value>
		</option>
		<option name="CUSTOM_VALID_STRING_ESCAPE_ATTRIBUTES">
			<value>
				<option name="FONT_TYPE" value="1" />
				<option name="FOREGROUND" value="ae81ff" />
			</value>
		</option>
		<option name="Clojure Atom">
			<value>
				<option name="FOREGROUND" value="f92672" />
			</value>
		</option>
		<option name="Clojure Character">
			<value>
				<option name="FOREGROUND" value="e6db74" />
			</value>
		</option>
		<option name="Clojure Line comment">
			<value>
				<option name="FOREGROUND" value="75715e" />
			</value>
		</option>
		<option name="Clojure Numbers">
			<value>
				<option name="FOREGROUND" value="ae81ff" />
			</value>
		</option>
		<option name="Clojure Strings">
			<value>
				<option name="FOREGROUND" value="e6db74" />
			</value>
		</option>
		<option name="DEFAULT_ATTRIBUTE">
			<value>
				<option name="FOREGROUND" value="72c05d" />
			</value>
		</option>
		<option name="DEFAULT_BLOCK_COMMENT">
			<value>
				<option name="FOREGROUND" value="5c98cd" />
			</value>
		</option>
		<option name="DEFAULT_DOC_COMMENT">
			<value>
				<option name="FOREGROUND" value="5c98cd" />
			</value>
		</option>
		<option name="DEFAULT_DOC_COMMENT_TAG">
			<value>
				<option name="FOREGROUND" value="4d87cd" />
			</value>
		</option>
		<option name="DEFAULT_DOC_COMMENT_TAG_VALUE">
			<value>
				<option name="FONT_TYPE" value="3" />
				<option name="FOREGROUND" value="4d87cd" />
			</value>
		</option>
		<option name="DEFAULT_DOC_MARKUP">
			<value>
				<option name="FOREGROUND" value="5c98cd" />
			</value>
		</option>
		<option name="DEFAULT_ENTITY">
			<value>
				<option name="FOREGROUND" value="ae81ff" />
			</value>
		</option>
		<option name="DEFAULT_FUNCTION_CALL">
			<value>
				<option name="FOREGROUND" value="72c05d" />
			</value>
		</option>
		<option name="DEFAULT_FUNCTION_DECLARATION">
			<value>
				<option name="FOREGROUND" value="72c05d" />
			</value>
		</option>
		<option name="DEFAULT_GLOBAL_VARIABLE">
			<value>
				<option name="FONT_TYPE" value="2" />
			</value>
		</option>
		<option name="DEFAULT_INSTANCE_METHOD">
			<value>
				<option name="FOREGROUND" value="72c05d" />
			</value>
		</option>
		<option name="DEFAULT_INVALID_STRING_ESCAPE">
			<value>
				<option name="FOREGROUND" value="f8f8f0" />
				<option name="BACKGROUND" value="f92672" />
			</value>
		</option>
		<option name="DEFAULT_KEYWORD">
			<value>
				<option name="FOREGROUND" value="ff6541" />
			</value>
		</option>
		<option name="DEFAULT_LINE_COMMENT">
			<value>
				<option name="FOREGROUND" value="5c98cd" />
			</value>
		</option>
		<option name="DEFAULT_NUMBER">
			<value>
				<option name="FOREGROUND" value="ae81ff" />
			</value>
		</option>
		<option name="DEFAULT_OPERATION_SIGN">
			<value>
				<option name="FOREGROUND" value="f92672" />
			</value>
		</option>
		<option name="DEFAULT_PARAMETER">
			<value>
				<option name="FONT_TYPE" value="2" />
				<option name="FOREGROUND" value="ffab28" />
			</value>
		</option>
		<option name="DEFAULT_PREDEFINED_SYMBOL">
			<value>
				<option name="FONT_TYPE" value="2" />
				<option name="FOREGROUND" value="66d9ef" />
			</value>
		</option>
		<option name="DEFAULT_STATIC_FIELD">
			<value>
				<option name="FONT_TYPE" value="2" />
			</value>
		</option>
		<option name="DEFAULT_STATIC_METHOD">
			<value>
				<option name="FOREGROUND" value="72c05d" />
			</value>
		</option>
		<option name="DEFAULT_STRING">
			<value>
				<option name="FOREGROUND" value="e6db74" />
			</value>
		</option>
		<option name="DEFAULT_VALID_STRING_ESCAPE">
			<value>
				<option name="FOREGROUND" value="ae81ff" />
			</value>
		</option>
		<option name="DELETED_TEXT_ATTRIBUTES">
			<value>
				<option name="FOREGROUND" value="525252" />
				<option name="BACKGROUND" value="f0f0f0" />
				<option name="EFFECT_TYPE" value="1" />
			</value>
		</option>
		<option name="DEPRECATED_ATTRIBUTES">
			<value>
				<option name="EFFECT_TYPE" value="3" />
				<option name="EFFECT_COLOR" value="c0c0c0" />
			</value>
		</option>
		<option name="DIFF_CONFLICT">
			<value>
				<option name="BACKGROUND" value="ff6541" />
				<option name="ERROR_STRIPE_COLOR" value="ff9679" />
			</value>
		</option>
		<option name="DIFF_DELETED">
			<value>
				<option name="BACKGROUND" value="5b5b5b" />
				<option name="ERROR_STRIPE_COLOR" value="747474" />
			</value>
		</option>
		<option name="DIFF_INSERTED">
			<value>
				<option name="BACKGROUND" value="75c078" />
				<option name="ERROR_STRIPE_COLOR" value="75c078" />
			</value>
		</option>
		<option name="DIFF_MODIFIED">
			<value>
				<option name="BACKGROUND" value="465983" />
				<option name="ERROR_STRIPE_COLOR" value="99ccff" />
			</value>
		</option>
		<option name="DJANGO_COMMENT">
			<value>
				<option name="FOREGROUND" value="75715e" />
			</value>
		</option>
		<option name="DJANGO_FILTER">
			<value>
				<option name="FOREGROUND" value="66d9ef" />
			</value>
		</option>
		<option name="DJANGO_ID">
			<value>
				<option name="FOREGROUND" value="a6e22e" />
			</value>
		</option>
		<option name="DJANGO_KEYWORD">
			<value>
				<option name="FOREGROUND" value="f92672" />
			</value>
		</option>
		<option name="DJANGO_NUMBER">
			<value>
				<option name="FOREGROUND" value="ae81ff" />
			</value>
		</option>
		<option name="DJANGO_STRING_LITERAL">
			<value>
				<option name="FOREGROUND" value="e6db74" />
			</value>
		</option>
		<option name="DJANGO_TAG_NAME">
			<value>
				<option name="FONT_TYPE" value="1" />
				<option name="FOREGROUND" value="e3e3ff" />
			</value>
		</option>
		<option name="DUPLICATE_FROM_SERVER">
			<value>
				<option name="BACKGROUND" value="30322b" />
			</value>
		</option>
		<option name="ENUM_CONST">
			<value>
				<option name="FOREGROUND" value="ae81ff" />
			</value>
		</option>
		<option name="ERRORS_ATTRIBUTES">
			<value>
				<option name="ERROR_STRIPE_COLOR" value="cf5b56" />
				<option name="EFFECT_TYPE" value="2" />
				<option name="EFFECT_COLOR" value="ff6767" />
			</value>
		</option>
		<option name="EXECUTIONPOINT_ATTRIBUTES">
			<value>
				<option name="FOREGROUND" value="000101" />
				<option name="BACKGROUND" value="c7c7ff" />
			</value>
		</option>
		<option name="FOLDED_TEXT_ATTRIBUTES">
			<value>
				<option name="FONT_TYPE" value="1" />
				<option name="FOREGROUND" value="7c7e7c" />
				<option name="BACKGROUND" value="101010" />
				<option name="EFFECT_TYPE" value="1" />
				<option name="EFFECT_COLOR" value="3c3d3c" />
			</value>
		</option>
		<option name="FOLLOWED_HYPERLINK_ATTRIBUTES">
			<value>
				<option name="FONT_TYPE" value="2" />
				<option name="FOREGROUND" value="c7c7ff" />
				<option name="BACKGROUND" value="161717" />
				<option name="EFFECT_TYPE" value="1" />
				<option name="EFFECT_COLOR" value="c7c7ff" />
			</value>
		</option>
		<option name="First symbol in list">
			<value>
				<option name="FONT_TYPE" value="1" />
			</value>
		</option>
		<option name="GENERIC_SERVER_ERROR_OR_WARNING">
			<value>
				<option name="ERROR_STRIPE_COLOR" value="f49810" />
				<option name="EFFECT_TYPE" value="2" />
				<option name="EFFECT_COLOR" value="aa4e00" />
			</value>
		</option>
		<option name="GHERKIN_COMMENT">
			<value>
				<option name="FOREGROUND" value="75715e" />
			</value>
		</option>
		<option name="GHERKIN_KEYWORD">
			<value>
				<option name="FOREGROUND" value="f92672" />
			</value>
		</option>
		<option name="GHERKIN_PYSTRING">
			<value>
				<option name="FOREGROUND" value="e6db74" />
			</value>
		</option>
		<option name="GHERKIN_REGEXP_PARAMETER">
			<value>
				<option name="FOREGROUND" value="e6db74" />
			</value>
		</option>
		<option name="GHERKIN_TABLE_PIPE">
			<value>
				<option name="FOREGROUND" value="f92672" />
			</value>
		</option>
		<option name="GHERKIN_TAG">
			<value>
				<option name="FONT_TYPE" value="2" />
				<option name="FOREGROUND" value="66d9ef" />
			</value>
		</option>
		<option name="GQL_ID">
			<value>
				<option name="FOREGROUND" value="ae81ff" />
			</value>
		</option>
		<option name="GQL_INT_LITERAL">
			<value>
				<option name="FOREGROUND" value="ae81ff" />
			</value>
		</option>
		<option name="GQL_KEYWORD">
			<value>
				<option name="FOREGROUND" value="f92672" />
			</value>
		</option>
		<option name="GQL_STRING_LITERAL">
			<value>
				<option name="FOREGROUND" value="e6db74" />
			</value>
		</option>
		<option name="HAML_CLASS">
			<value>
				<option name="FOREGROUND" value="f92672" />
			</value>
		</option>
		<option name="HAML_COMMENT">
			<value>
				<option name="FOREGROUND" value="75715e" />
			</value>
		</option>
		<option name="HAML_ID">
			<value>
				<option name="FOREGROUND" value="f92672" />
			</value>
		</option>
		<option name="HAML_STRING">
			<value>
				<option name="FOREGROUND" value="e6db74" />
			</value>
		</option>
		<option name="HAML_STRING_INTERPOLATED">
			<value>
				<option name="FOREGROUND" value="e6db74" />
			</value>
		</option>
		<option name="HAML_TAG_NAME">
			<value>
				<option name="FOREGROUND" value="f92672" />
			</value>
		</option>
		<option name="HTML_ATTRIBUTE_NAME">
			<value>
				<option name="FOREGROUND" value="a6e22e" />
			</value>
		</option>
		<option name="HTML_ATTRIBUTE_VALUE">
			<value>
				<option name="FONT_TYPE" value="1" />
				<option name="FOREGROUND" value="e6db74" />
			</value>
		</option>
		<option name="HTML_COMMENT">
			<value>
				<option name="FOREGROUND" value="5c98cd" />
			</value>
		</option>
		<option name="HTML_ENTITY_REFERENCE">
			<value>
				<option name="FONT_TYPE" value="1" />
				<option name="FOREGROUND" value="ae81ff" />
			</value>
		</option>
		<option name="HTML_TAG_NAME">
			<value>
				<option name="FONT_TYPE" value="1" />
				<option name="FOREGROUND" value="ff6541" />
			</value>
		</option>
		<option name="HYPERLINK_ATTRIBUTES">
			<value>
				<option name="FONT_TYPE" value="2" />
				<option name="FOREGROUND" value="c7c7ff" />
				<option name="EFFECT_TYPE" value="1" />
				<option name="EFFECT_COLOR" value="c7c7ff" />
			</value>
		</option>
		<option name="IDENTIFIER_UNDER_CARET_ATTRIBUTES">
			<value>
				<option name="BACKGROUND" value="3c3c57" />
				<option name="ERROR_STRIPE_COLOR" value="ccccff" />
			</value>
		</option>
		<option name="IMPLICIT_ANONYMOUS_CLASS_PARAMETER_ATTRIBUTES">
			<value>
				<option name="FOREGROUND" value="fda5ff" />
			</value>
		</option>
		<option name="INFO_ATTRIBUTES">
			<value>
				<option name="ERROR_STRIPE_COLOR" value="ffffcc" />
				<option name="EFFECT_TYPE" value="2" />
				<option name="EFFECT_COLOR" value="333434" />
			</value>
		</option>
		<option name="INJECTED_LANGUAGE_FRAGMENT">
			<value>
				<option name="BACKGROUND" value="48c083" />
			</value>
		</option>
		<option name="INSTANCE_FIELD_ATTRIBUTES">
			<value>
				<option name="FONT_TYPE" value="1" />
				<option name="FOREGROUND" value="fda5ff" />
			</value>
		</option>
		<option name="JADE_FILE_PATH">
			<value>
				<option name="FOREGROUND" value="e6db74" />
			</value>
		</option>
		<option name="JADE_STATEMENTS">
			<value>
				<option name="FOREGROUND" value="f92672" />
			</value>
		</option>
		<option name="JAVA_BLOCK_COMMENT">
			<value>
				<option name="FOREGROUND" value="75715e" />
			</value>
		</option>
		<option name="JAVA_DOC_COMMENT">
			<value>
				<option name="FOREGROUND" value="75715e" />
			</value>
		</option>
		<option name="JAVA_DOC_MARKUP">
			<value>
				<option name="BACKGROUND" value="223f22" />
			</value>
		</option>
		<option name="JAVA_DOC_TAG">
			<value>
				<option name="FONT_TYPE" value="1" />
				<option name="EFFECT_TYPE" value="1" />
				<option name="EFFECT_COLOR" value="80807f" />
			</value>
		</option>
		<option name="JAVA_INVALID_STRING_ESCAPE">
			<value>
				<option name="FOREGROUND" value="f8f8f0" />
				<option name="BACKGROUND" value="f92672" />
			</value>
		</option>
		<option name="JAVA_KEYWORD">
			<value>
				<option name="FOREGROUND" value="f92672" />
			</value>
		</option>
		<option name="JAVA_LINE_COMMENT">
			<value>
				<option name="FOREGROUND" value="75715e" />
			</value>
		</option>
		<option name="JAVA_NUMBER">
			<value>
				<option name="FOREGROUND" value="ae81ff" />
			</value>
		</option>
		<option name="JAVA_OPERATION_SIGN">
			<value>
				<option name="FOREGROUND" value="f92672" />
			</value>
		</option>
		<option name="JAVA_STRING">
			<value>
				<option name="FOREGROUND" value="e6db74" />
			</value>
		</option>
		<option name="JAVA_VALID_STRING_ESCAPE">
			<value>
				<option name="FOREGROUND" value="ae81ff" />
			</value>
		</option>
		<option name="JS$GLOBAL_VARIABLE">
			<value>
				<option name="FONT_TYPE" value="2" />
			</value>
		</option>
		<option name="JS$INSTANCE_MEMBER_FUNCTION">
			<value>
				<option name="FOREGROUND" value="a6e22e" />
			</value>
		</option>
		<option name="JS$PARAMETER">
			<value>
				<option name="FONT_TYPE" value="2" />
				<option name="FOREGROUND" value="fd971f" />
			</value>
		</option>
		<option name="JS$REGEXP">
			<value>
				<option name="FOREGROUND" value="e6db74" />
			</value>
		</option>
		<option name="LABEL">
			<value>
				<option name="FOREGROUND" value="f92672" />
			</value>
		</option>
		<option name="LIVE_TEMPLATE_ATTRIBUTES">
			<value>
				<option name="EFFECT_COLOR" value="ff6541" />
			</value>
		</option>
		<option name="MACRONAME">
			<value>
				<option name="FOREGROUND" value="a6e22e" />
			</value>
		</option>
		<option name="MATCHED_BRACE_ATTRIBUTES">
			<value>
				<option name="BACKGROUND" value="3a6da0" />
			</value>
		</option>
		<option name="MESSAGE_ARGUMENT">
			<value>
				<option name="FOREGROUND" value="a6e22e" />
			</value>
		</option>
		<option name="NOT_USED_ELEMENT_ATTRIBUTES">
			<value>
				<option name="FOREGROUND" value="80807f" />
			</value>
		</option>
		<option name="OC$BADCHARACTER">
			<value>
				<option name="FOREGROUND" value="f8f8f0" />
				<option name="BACKGROUND" value="f92672" />
			</value>
		</option>
		<option name="OC$BLOCK_COMMENT">
			<value>
				<option name="FOREGROUND" value="75715e" />
			</value>
		</option>
		<option name="OC$CPP_KEYWORD">
			<value>
				<option name="FOREGROUND" value="f92672" />
			</value>
		</option>
		<option name="OC$DIRECTIVE">
			<value>
				<option name="FOREGROUND" value="f92672" />
			</value>
		</option>
		<option name="OC$FUNCTION">
			<value>
				<option name="FOREGROUND" value="a6e22e" />
			</value>
		</option>
		<option name="OC$KEYWORD">
			<value>
				<option name="FOREGROUND" value="f92672" />
			</value>
		</option>
		<option name="OC$LINE_COMMENT">
			<value>
				<option name="FOREGROUND" value="75715e" />
			</value>
		</option>
		<option name="OC$NUMBER">
			<value>
				<option name="FOREGROUND" value="ae81ff" />
			</value>
		</option>
		<option name="OC$PARAMETER">
			<value>
				<option name="FONT_TYPE" value="2" />
				<option name="FOREGROUND" value="fd971f" />
			</value>
		</option>
		<option name="OC$STRING">
			<value>
				<option name="FOREGROUND" value="e6db74" />
			</value>
		</option>
		<option name="OC$STRUCT_FIELD">
			<value>
				<option name="FOREGROUND" value="ae81ff" />
			</value>
		</option>
		<option name="OC_FORMAT_TOKEN">
			<value>
				<option name="FOREGROUND" value="e6db74" />
			</value>
		</option>
		<option name="PHP_PARAMETER">
			<value>
				<option name="FONT_TYPE" value="2" />
				<option name="FOREGROUND" value="fd971f" />
			</value>
		</option>
		<option name="PROTOCOL_REFERENCE">
			<value>
				<option name="FOREGROUND" value="a6e22e" />
			</value>
		</option>
		<option name="PUPPET_BAD_CHARACTER">
			<value>
				<option name="FOREGROUND" value="f8f8f0" />
				<option name="BACKGROUND" value="f92672" />
			</value>
		</option>
		<option name="PUPPET_BLOCK_COMMENT">
			<value>
				<option name="FOREGROUND" value="75715e" />
			</value>
		</option>
		<option name="PUPPET_ESCAPE_SEQUENCE">
			<value>
				<option name="FOREGROUND" value="ae81ff" />
			</value>
		</option>
		<option name="PUPPET_KEYWORD">
			<value>
				<option name="FOREGROUND" value="f92672" />
			</value>
		</option>
		<option name="PUPPET_NUMBER">
			<value>
				<option name="FOREGROUND" value="ae81ff" />
			</value>
		</option>
		<option name="PUPPET_OPERATION_SIGN">
			<value>
				<option name="FOREGROUND" value="f92672" />
			</value>
		</option>
		<option name="PUPPET_REGEX">
			<value>
				<option name="FOREGROUND" value="e6db74" />
			</value>
		</option>
		<option name="PUPPET_SQ_STRING">
			<value>
				<option name="FOREGROUND" value="e6db74" />
			</value>
		</option>
		<option name="PUPPET_STRING">
			<value>
				<option name="FOREGROUND" value="e6db74" />
			</value>
		</option>
		<option name="PUPPET_VARIABLE_INTERPOLATION">
			<value>
				<option name="FOREGROUND" value="e6db74" />
			</value>
		</option>
		<option name="PY$BUILTIN_NAME">
			<value>
				<option name="FOREGROUND" value="66d9ef" />
			</value>
		</option>
		<option name="PY$CLASS_DEFINITION">
			<value>
				<option name="FOREGROUND" value="72c05d" />
				<option name="EFFECT_TYPE" value="1" />
				<option name="EFFECT_COLOR" value="a6e22e" />
			</value>
		</option>
		<option name="PY$DECORATOR">
			<value>
				<option name="FOREGROUND" value="72c05d" />
			</value>
		</option>
		<option name="PY$DOC_COMMENT">
			<value>
				<option name="FOREGROUND" value="5c98cd" />
			</value>
		</option>
		<option name="PY$FUNC_DEFINITION">
			<value>
				<option name="FOREGROUND" value="72c05d" />
			</value>
		</option>
		<option name="PY$INVALID_STRING_ESCAPE">
			<value>
				<option name="FOREGROUND" value="f8f8f0" />
				<option name="BACKGROUND" value="f92672" />
			</value>
		</option>
		<option name="PY$KEYWORD">
			<value>
				<option name="FONT_TYPE" value="2" />
				<option name="FOREGROUND" value="66d9ef" />
			</value>
		</option>
		<option name="PY$KEYWORD_ARGUMENT">
			<value>
				<option name="FOREGROUND" value="ffab28" />
			</value>
		</option>
		<option name="PY$LINE_COMMENT">
			<value>
				<option name="FOREGROUND" value="5c98cd" />
			</value>
		</option>
		<option name="PY$NUMBER">
			<value>
				<option name="FOREGROUND" value="ae81ff" />
			</value>
		</option>
		<option name="PY$OPERATION_SIGN">
			<value>
				<option name="FOREGROUND" value="f92672" />
			</value>
		</option>
		<option name="PY$PREDEFINED_USAGE">
			<value>
				<option name="FOREGROUND" value="66d9ef" />
			</value>
		</option>
		<option name="PY$SELF_PARAMETER">
			<value>
				<option name="FOREGROUND" value="b388b3" />
			</value>
		</option>
		<option name="PY$STRING">
			<value>
				<option name="FOREGROUND" value="e6db74" />
			</value>
		</option>
		<option name="PY$STRING$U">
			<value>
				<option name="FONT_TYPE" value="1" />
				<option name="FOREGROUND" value="e6db74" />
			</value>
		</option>
		<option name="PY$VALID_STRING_ESCAPE">
			<value>
				<option name="FOREGROUND" value="ae81ff" />
			</value>
		</option>
		<option name="REST$EXPLICIT">
			<value>
				<option name="FOREGROUND" value="f92672" />
			</value>
		</option>
		<option name="REST$FIELD">
			<value>
				<option name="FOREGROUND" value="f92672" />
			</value>
		</option>
		<option name="REST$FIXED">
			<value>
				<option name="BACKGROUND" value="48485f" />
			</value>
		</option>
		<option name="REST$INLINE">
			<value>
				<option name="BACKGROUND" value="273627" />
			</value>
		</option>
		<option name="REST$INTERPRETED">
			<value>
				<option name="BACKGROUND" value="4d5d3d" />
			</value>
		</option>
		<option name="REST$LINE_COMMENT">
			<value>
				<option name="FOREGROUND" value="5c98cd" />
			</value>
		</option>
		<option name="REST$REF$NAME">
			<value>
				<option name="FOREGROUND" value="e6db74" />
			</value>
		</option>
		<option name="REST$SECTION$HEADER">
			<value>
				<option name="FOREGROUND" value="ae81ff" />
			</value>
		</option>
		<option name="RHTML_COMMENT_ID">
			<value>
				<option name="FOREGROUND" value="75715e" />
			</value>
		</option>
		<option name="RUBY_BAD_CHARACTER">
			<value>
				<option name="FOREGROUND" value="f8f8f0" />
				<option name="BACKGROUND" value="f92672" />
			</value>
		</option>
		<option name="RUBY_COMMENT">
			<value>
				<option name="FOREGROUND" value="75715e" />
			</value>
		</option>
		<option name="RUBY_ESCAPE_SEQUENCE">
			<value>
				<option name="FOREGROUND" value="ae81ff" />
			</value>
		</option>
		<option name="RUBY_EXPR_IN_STRING">
			<value>
				<option name="FOREGROUND" value="e6db74" />
			</value>
		</option>
		<option name="RUBY_HASH_ASSOC">
			<value>
				<option name="FOREGROUND" value="f92672" />
			</value>
		</option>
		<option name="RUBY_HEREDOC_CONTENT">
			<value>
				<option name="FOREGROUND" value="e6db74" />
			</value>
		</option>
		<option name="RUBY_HEREDOC_ID">
			<value>
				<option name="FOREGROUND" value="e6db74" />
			</value>
		</option>
		<option name="RUBY_INTERPOLATED_STRING">
			<value>
				<option name="FOREGROUND" value="e6db74" />
			</value>
		</option>
		<option name="RUBY_INVALID_ESCAPE_SEQUENCE">
			<value>
				<option name="FOREGROUND" value="f8f8f0" />
				<option name="BACKGROUND" value="f92672" />
			</value>
		</option>
		<option name="RUBY_KEYWORD">
			<value>
				<option name="FOREGROUND" value="f92672" />
			</value>
		</option>
		<option name="RUBY_LINE_CONTINUATION">
			<value>
				<option name="FOREGROUND" value="f92672" />
			</value>
		</option>
		<option name="RUBY_METHOD_NAME">
			<value>
				<option name="FOREGROUND" value="a6e22e" />
			</value>
		</option>
		<option name="RUBY_NUMBER">
			<value>
				<option name="FOREGROUND" value="ae81ff" />
			</value>
		</option>
		<option name="RUBY_OPERATION_SIGN">
			<value>
				<option name="FOREGROUND" value="f92672" />
			</value>
		</option>
		<option name="RUBY_PARAMDEF_CALL">
			<value>
				<option name="FOREGROUND" value="66d9ef" />
			</value>
		</option>
		<option name="RUBY_PARAMETER_ID">
			<value>
				<option name="FONT_TYPE" value="2" />
				<option name="FOREGROUND" value="fd971f" />
			</value>
		</option>
		<option name="RUBY_REGEXP">
			<value>
				<option name="FOREGROUND" value="e6db74" />
			</value>
		</option>
		<option name="RUBY_SPECIFIC_CALL">
			<value>
				<option name="FOREGROUND" value="f92672" />
			</value>
		</option>
		<option name="RUBY_STRING">
			<value>
				<option name="FOREGROUND" value="e6db74" />
			</value>
		</option>
		<option name="RUBY_SYMBOL">
			<value>
				<option name="FOREGROUND" value="ae81ff" />
			</value>
		</option>
		<option name="RUBY_WORDS">
			<value>
				<option name="FOREGROUND" value="e6db74" />
			</value>
		</option>
		<option name="SASS_COMMENT">
			<value>
				<option name="FOREGROUND" value="75715e" />
			</value>
		</option>
		<option name="SASS_DEFAULT">
			<value>
				<option name="FOREGROUND" value="f92672" />
			</value>
		</option>
		<option name="SASS_EXTEND">
			<value>
				<option name="FOREGROUND" value="f92672" />
			</value>
		</option>
		<option name="SASS_FUNCTION">
			<value>
				<option name="FOREGROUND" value="66d9ef" />
			</value>
		</option>
		<option name="SASS_IDENTIFIER">
			<value>
				<option name="FOREGROUND" value="a6e22e" />
			</value>
		</option>
		<option name="SASS_IMPORTANT">
			<value>
				<option name="FOREGROUND" value="f92672" />
			</value>
		</option>
		<option name="SASS_KEYWORD">
			<value>
				<option name="FOREGROUND" value="f92672" />
			</value>
		</option>
		<option name="SASS_MIXIN">
			<value>
				<option name="FOREGROUND" value="a6e22e" />
			</value>
		</option>
		<option name="SASS_NUMBER">
			<value>
				<option name="FOREGROUND" value="ae81ff" />
			</value>
		</option>
		<option name="SASS_PROPERTY_NAME">
			<value>
				<option name="FONT_TYPE" value="2" />
				<option name="FOREGROUND" value="66d9ef" />
			</value>
		</option>
		<option name="SASS_PROPERTY_VALUE">
			<value>
				<option name="FOREGROUND" value="66d9ef" />
			</value>
		</option>
		<option name="SASS_STRING">
			<value>
				<option name="FOREGROUND" value="e6db74" />
			</value>
		</option>
		<option name="SASS_TAG_NAME">
			<value>
				<option name="FOREGROUND" value="f92672" />
			</value>
		</option>
		<option name="SASS_URL">
			<value>
				<option name="FOREGROUND" value="66d9ef" />
			</value>
		</option>
		<option name="SASS_VARIABLE">
			<value>
				<option name="FONT_TYPE" value="2" />
				<option name="FOREGROUND" value="fd971f" />
			</value>
		</option>
		<option name="SEARCH_RESULT_ATTRIBUTES">
			<value>
				<option name="BACKGROUND" value="5c98cd" />
			</value>
		</option>
		<option name="SLIM_BAD_CHARACTER">
			<value>
				<option name="FOREGROUND" value="f8f8f0" />
				<option name="BACKGROUND" value="f92672" />
			</value>
		</option>
		<option name="SLIM_CLASS">
			<value>
				<option name="FOREGROUND" value="f92672" />
			</value>
		</option>
		<option name="SLIM_COMMENT">
			<value>
				<option name="FOREGROUND" value="75715e" />
			</value>
		</option>
		<option name="SLIM_DOCTYPE_KWD">
			<value>
				<option name="FOREGROUND" value="f92672" />
			</value>
		</option>
		<option name="SLIM_FILTER">
			<value>
				<option name="FOREGROUND" value="f92672" />
			</value>
		</option>
		<option name="SLIM_ID">
			<value>
				<option name="FOREGROUND" value="f92672" />
			</value>
		</option>
		<option name="SLIM_INTERPOLATION">
			<value>
				<option name="FOREGROUND" value="e6db74" />
			</value>
		</option>
		<option name="SLIM_STRING_INTERPOLATED">
			<value>
				<option name="FOREGROUND" value="e6db74" />
			</value>
		</option>
		<option name="SLIM_TAG">
			<value>
				<option name="FOREGROUND" value="f92672" />
			</value>
		</option>
		<option name="SLIM_TAG_ATTR_KEY">
			<value>
				<option name="FOREGROUND" value="a6e22e" />
			</value>
		</option>
		<option name="SPY-JS$EXCEPTION">
			<value>
				<option name="BACKGROUND" value="713f3f" />
				<option name="EFFECT_TYPE" value="2" />
				<option name="EFFECT_COLOR" value="f8f8f2" />
			</value>
		</option>
		<option name="SPY-JS$FUNCTION_SCOPE">
			<value>
				<option name="BACKGROUND" value="2e2e1f" />
				<option name="EFFECT_TYPE" value="2" />
				<option name="EFFECT_COLOR" value="f8f8f2" />
			</value>
		</option>
		<option name="SPY-JS$PATH_LEVEL_ONE">
			<value>
				<option name="BACKGROUND" value="264226" />
				<option name="EFFECT_TYPE" value="2" />
				<option name="EFFECT_COLOR" value="f8f8f2" />
			</value>
		</option>
		<option name="SPY-JS$PATH_LEVEL_TWO">
			<value>
				<option name="EFFECT_TYPE" value="1" />
				<option name="EFFECT_COLOR" value="f8f8f2" />
			</value>
		</option>
		<option name="SPY-JS$PROGRAM_SCOPE">
			<value>
				<option name="BACKGROUND" value="2b2b2b" />
				<option name="EFFECT_TYPE" value="2" />
				<option name="EFFECT_COLOR" value="f8f8f2" />
			</value>
		</option>
		<option name="STATIC_FIELD_ATTRIBUTES">
			<value>
				<option name="FONT_TYPE" value="3" />
				<option name="FOREGROUND" value="fda5ff" />
			</value>
		</option>
		<option name="TAG_ATTR_KEY">
			<value>
				<option name="FOREGROUND" value="a6e22e" />
			</value>
		</option>
		<option name="TEMPLATE_VARIABLE_ATTRIBUTES">
			<value>
				<option name="FONT_TYPE" value="3" />
				<option name="FOREGROUND" value="d77176" />
			</value>
		</option>
		<option name="TEXT">
			<value>
				<option name="FOREGROUND" value="f8f8f2" />
				<option name="BACKGROUND" value="2b3e50" />
			</value>
		</option>
		<option name="TEXT_SEARCH_RESULT_ATTRIBUTES">
			<value>
				<option name="BACKGROUND" value="946f94" />
				<option name="ERROR_STRIPE_COLOR" value="48c083" />
			</value>
		</option>
		<option name="TODO_DEFAULT_ATTRIBUTES">
			<value>
				<option name="FONT_TYPE" value="3" />
				<option name="FOREGROUND" value="5c98cd" />
				<option name="ERROR_STRIPE_COLOR" value="0000ff" />
			</value>
		</option>
		<option name="TYPEDEF">
			<value>
				<option name="FONT_TYPE" value="2" />
				<option name="FOREGROUND" value="66d9ef" />
			</value>
		</option>
		<option name="UNMATCHED_BRACE_ATTRIBUTES">
			<value>
				<option name="BACKGROUND" value="583535" />
			</value>
		</option>
		<option name="WARNING_ATTRIBUTES">
			<value>
				<option name="BACKGROUND" value="203040" />
				<option name="ERROR_STRIPE_COLOR" value="ebc700" />
				<option name="EFFECT_TYPE" value="1" />
				<option name="EFFECT_COLOR" value="f8f8f2" />
			</value>
		</option>
		<option name="WRITE_IDENTIFIER_UNDER_CARET_ATTRIBUTES">
			<value>
				<option name="BACKGROUND" value="472c47" />
				<option name="ERROR_STRIPE_COLOR" value="ffcdff" />
			</value>
		</option>
		<option name="WRITE_SEARCH_RESULT_ATTRIBUTES">
			<value>
				<option name="BACKGROUND" value="946f94" />
			</value>
		</option>
		<option name="WRONG_REFERENCES_ATTRIBUTES">
			<value>
				<option name="FOREGROUND" value="ff6541" />
			</value>
		</option>
		<option name="XML_ATTRIBUTE_NAME">
			<value>
				<option name="FOREGROUND" value="a6e22e" />
			</value>
		</option>
		<option name="XML_ATTRIBUTE_VALUE">
			<value>
				<option name="FOREGROUND" value="e6db74" />
			</value>
		</option>
		<option name="XML_ENTITY_REFERENCE">
			<value>
				<option name="FOREGROUND" value="ae81ff" />
			</value>
		</option>
		<option name="XML_TAG_DATA">
			<value>
				<option name="FONT_TYPE" value="1" />
			</value>
		</option>
		<option name="XML_TAG_NAME">
			<value>
				<option name="FONT_TYPE" value="1" />
				<option name="FOREGROUND" value="ff6541" />
			</value>
		</option>
		<option name="YAML_COMMENT">
			<value>
				<option name="FOREGROUND" value="75715e" />
			</value>
		</option>
		<option name="YAML_SCALAR_DSTRING">
			<value>
				<option name="FOREGROUND" value="e6db74" />
			</value>
		</option>
		<option name="YAML_SCALAR_KEY">
			<value>
				<option name="FOREGROUND" value="f92672" />
			</value>
		</option>
		<option name="YAML_SCALAR_LIST">
			<value>
				<option name="FOREGROUND" value="e6db74" />
			</value>
		</option>
		<option name="YAML_SCALAR_STRING">
			<value>
				<option name="FOREGROUND" value="e6db74" />
			</value>
		</option>
		<option name="YAML_SCALAR_VALUE">
			<value>
				<option name="FOREGROUND" value="e6db74" />
			</value>
		</option>
		<option name="YAML_SIGN">
			<value>
				<option name="FOREGROUND" value="f92672" />
			</value>
		</option>
		<option name="YAML_TEXT">
			<value>
				<option name="FOREGROUND" value="e6db74" />
			</value>
		</option>
	</attributes>
</scheme>