<?xml version="1.0" encoding="UTF-8"?>
<scheme name="Marijns magical theme" version="1" parent_scheme="Default">
	<option name="LINE_SPACING" value="1.0" />
	<option name="EDITOR_FONT_SIZE" value="12" />
	<option name="EDITOR_FONT_NAME" value="Menlo" />
	<colors>
	</colors>
	<attributes>
		<option name="BREAKPOINT_ATTRIBUTES">
			<value>
				<option name="BACKGROUND" value="ffc8c8" />
				<option name="ERROR_STRIPE_COLOR" value="ffc8c8" />
			</value>
		</option>
		<option name="CONSOLE_YELLOW_OUTPUT">
			<value>
				<option name="FOREGROUND" value="cdcd00" />
			</value>
		</option>
		<option name="DEFAULT_COMMA">
			<value>
				<option name="FOREGROUND" value="cc7832" />
			</value>
		</option>
		<option name="DEFAULT_SEMICOLON">
			<value>
				<option name="FOREGROUND" value="cc7832" />
			</value>
		</option>
		<option name="DEPRECATED_ATTRIBUTES">
			<value>
				<option name="EFFECT_TYPE" value="3" />
				<option name="EFFECT_COLOR" value="101010" />
			</value>
		</option>
		<option name="DIFF_DELETED">
			<value>
				<option name="BACKGROUND" value="d6d6d6" />
				<option name="ERROR_STRIPE_COLOR" value="cbcbcb" />
			</value>
		</option>
		<option name="DIFF_INSERTED">
			<value>
				<option name="BACKGROUND" value="c8f2c8" />
				<option name="ERROR_STRIPE_COLOR" value="baeeba" />
			</value>
		</option>
		<option name="DIFF_MODIFIED">
			<value>
				<option name="BACKGROUND" value="cad9fa" />
				<option name="ERROR_STRIPE_COLOR" value="bccff9" />
			</value>
		</option>
		<option name="DOC_COMMENT_TAG_VALUE">
			<value>
				<option name="FONT_TYPE" value="3" />
				<option name="FOREGROUND" value="3d3d3d" />
			</value>
		</option>
		<option name="ERRORS_ATTRIBUTES">
			<value>
				<option name="ERROR_STRIPE_COLOR" value="ac0000" />
				<option name="EFFECT_TYPE" value="5" />
				<option name="EFFECT_COLOR" value="ac0000" />
			</value>
		</option>
		<option name="EXECUTIONPOINT_ATTRIBUTES">
			<value>
				<option name="FOREGROUND" value="ffffff" />
				<option name="BACKGROUND" value="0000ff" />
				<option name="ERROR_STRIPE_COLOR" value="3763b0" />
			</value>
		</option>
		<option name="GENERIC_SERVER_ERROR_OR_WARNING">
			<value>
				<option name="ERROR_STRIPE_COLOR" value="f49810" />
				<option name="EFFECT_TYPE" value="5" />
				<option name="EFFECT_COLOR" value="f49810" />
			</value>
		</option>
		<option name="IDENTIFIER_UNDER_CARET_ATTRIBUTES">
			<value>
				<option name="BACKGROUND" value="e4e4ff" />
				<option name="ERROR_STRIPE_COLOR" value="ccccff" />
			</value>
		</option>
		<option name="INFO_ATTRIBUTES">
			<value>
				<option name="ERROR_STRIPE_COLOR" value="ffffcc" />
				<option name="EFFECT_TYPE" value="2" />
				<option name="EFFECT_COLOR" value="cccccc" />
			</value>
		</option>
		<option name="NOT_USED_ELEMENT_ATTRIBUTES">
			<value>
				<option name="FOREGROUND" value="a7a7a7" />
			</value>
		</option>
		<option name="OC$BADCHARACTER">
			<value>
				<option name="BACKGROUND" value="ffefcc" />
			</value>
		</option>
		<option name="OC$BLOCK_COMMENT">
			<value>
				<option name="FONT_TYPE" value="2" />
				<option name="FOREGROUND" value="ff9d2e" />
			</value>
		</option>
		<option name="OC$BRACES">
			<value>
				<option name="FOREGROUND" value="505050" />
			</value>
		</option>
		<option name="OC$BRACKETS">
			<value>
				<option name="FOREGROUND" value="505050" />
			</value>
		</option>
		<option name="OC$CLASS_REFERENCE">
			<value>
				<option name="FOREGROUND" value="7aa9cd" />
			</value>
		</option>
		<option name="OC$CONDITIONALLY_NOT_COMPILED">
			<value>
				<option name="FOREGROUND" value="b4b4b4" />
			</value>
		</option>
		<option name="OC$DIRECTIVE">
			<value>
				<option name="FONT_TYPE" value="1" />
				<option name="FOREGROUND" value="71ab62" />
			</value>
		</option>
		<option name="OC$DOT">
			<value>
				<option name="FOREGROUND" value="505050" />
			</value>
		</option>
		<option name="OC$ENUM_CONST">
			<value>
				<option name="FONT_TYPE" value="1" />
				<option name="FOREGROUND" value="5ba050" />
			</value>
		</option>
		<option name="OC$EXTERN_VARIABLE">
			<value>
				<option name="FOREGROUND" value="505050" />
			</value>
		</option>
		<option name="OC$FUNCTION">
			<value>
				<option name="FOREGROUND" value="505050" />
			</value>
		</option>
		<option name="OC$GLOBAL_VARIABLE">
			<value>
				<option name="FOREGROUND" value="505050" />
			</value>
		</option>
		<option name="OC$IVAR">
			<value>
				<option name="FONT_TYPE" value="1" />
				<option name="FOREGROUND" value="5ba050" />
			</value>
		</option>
		<option name="OC$KEYWORD">
			<value>
				<option name="FONT_TYPE" value="1" />
				<option name="FOREGROUND" value="ff7e00" />
			</value>
		</option>
		<option name="OC$LABEL">
			<value>
				<option name="FONT_TYPE" value="2" />
				<option name="FOREGROUND" value="371f80" />
			</value>
		</option>
		<option name="OC$LINE_COMMENT">
			<value>
				<option name="FONT_TYPE" value="2" />
				<option name="FOREGROUND" value="ff9d2e" />
			</value>
		</option>
		<option name="OC$LOCAL_VARIABLE">
			<value>
				<option name="FOREGROUND" value="505050" />
			</value>
		</option>
		<option name="OC$MACRONAME">
			<value>
				<option name="FONT_TYPE" value="1" />
				<option name="FOREGROUND" value="5ba050" />
			</value>
		</option>
		<option name="OC$MACRO_PARAMETER">
			<value>
				<option name="FONT_TYPE" value="1" />
				<option name="FOREGROUND" value="7aa9cd" />
			</value>
		</option>
		<option name="OC$MESSAGE_ARGUMENT">
			<value>
				<option name="FOREGROUND" value="505050" />
			</value>
		</option>
		<option name="OC$NUMBER">
			<value>
				<option name="FOREGROUND" value="505050" />
			</value>
		</option>
		<option name="OC$OPERATION_SIGN">
			<value>
				<option name="FOREGROUND" value="505050" />
			</value>
		</option>
		<option name="OC$PARAMETER">
			<value>
				<option name="FOREGROUND" value="5f7c80" />
			</value>
		</option>
		<option name="OC$PARENTHS">
			<value>
				<option name="FOREGROUND" value="505050" />
			</value>
		</option>
		<option name="OC$PROPERTY">
			<value>
				<option name="FOREGROUND" value="505050" />
			</value>
		</option>
		<option name="OC$PROPERTY_ATTRIBUTE">
			<value>
				<option name="FOREGROUND" value="7aa9cd" />
			</value>
		</option>
		<option name="OC$PROTOCOL_REFERENCE">
			<value>
				<option name="FOREGROUND" value="ff7e00" />
			</value>
		</option>
		<option name="OC$SELFSUPERTHIS">
			<value>
				<option name="FONT_TYPE" value="1" />
				<option name="FOREGROUND" value="ff7e00" />
			</value>
		</option>
		<option name="OC$SEMICOLON">
			<value>
				<option name="FOREGROUND" value="505050" />
			</value>
		</option>
		<option name="OC$STRING">
			<value>
				<option name="FONT_TYPE" value="2" />
				<option name="FOREGROUND" value="ff9d2e" />
			</value>
		</option>
		<option name="OC$STRUCT_FIELD">
			<value>
				<option name="FOREGROUND" value="7aa9cd" />
			</value>
		</option>
		<option name="OC$TEMPLATE_VALUE">
			<value>
				<option name="FOREGROUND" value="9373a5" />
			</value>
		</option>
		<option name="OC$TYPEDEF">
			<value>
				<option name="FOREGROUND" value="7aa9cd" />
			</value>
		</option>
		<option name="OC$VALID_STRING_ESCAPE">
			<value>
				<option name="FONT_TYPE" value="1" />
				<option name="FOREGROUND" value="ff9d2e" />
			</value>
		</option>
		<option name="OC_FORMAT_TOKEN">
			<value>
				<option name="FONT_TYPE" value="1" />
				<option name="FOREGROUND" value="ff871b" />
				<option name="EFFECT_TYPE" value="4" />
			</value>
		</option>
		<option name="REGEXP$BRACES">
			<value>
				<option name="FOREGROUND" value="e8bf6a" />
			</value>
		</option>
		<option name="REGEXP$BRACKETS">
			<value>
				<option name="FOREGROUND" value="e8bf6a" />
			</value>
		</option>
		<option name="REGEXP$PARENTHS">
			<value>
				<option name="FOREGROUND" value="e8bf6a" />
			</value>
		</option>
		<option name="TEXT_SEARCH_RESULT_ATTRIBUTES">
			<value>
				<option name="BACKGROUND" value="ffff00" />
				<option name="ERROR_STRIPE_COLOR" value="00ff00" />
			</value>
		</option>
		<option name="TODO_ATTRIBUTES">
			<value>
				<option name="FONT_TYPE" value="3" />
				<option name="FOREGROUND" value="0000ff" />
			</value>
		</option>
		<option name="TODO_DEFAULT_ATTRIBUTES">
			<value>
				<option name="FONT_TYPE" value="3" />
				<option name="FOREGROUND" value="0000ff" />
				<option name="ERROR_STRIPE_COLOR" value="0000ff" />
			</value>
		</option>
		<option name="TYPO">
			<value>
				<option name="EFFECT_TYPE" value="5" />
				<option name="EFFECT_COLOR" value="008000" />
			</value>
		</option>
		<option name="WRITE_IDENTIFIER_UNDER_CARET_ATTRIBUTES">
			<value>
				<option name="BACKGROUND" value="ffe4ff" />
				<option name="ERROR_STRIPE_COLOR" value="ffcdff" />
			</value>
		</option>
		<option name="WRONG_REFERENCES_ATTRIBUTES">
			<value>
				<option name="FOREGROUND" value="ac0000" />
			</value>
		</option>
	</attributes>
</scheme>