<?xml version="1.0" encoding="UTF-8"?>
<scheme name="MelonMiami" version="1" parent_scheme="Default">
	<option name="LINE_SPACING" value="1.0" />
	<option name="EDITOR_FONT_SIZE" value="12" />
	<option name="EDITOR_FONT_NAME" value="Menlo" />
	<colors>
	</colors>
	<attributes>
		<option name="DEFAULT_BRACES">
			<value>
				<option name="FONT_TYPE" value="1" />
				<option name="FOREGROUND" value="00cc12" />
			</value>
		</option>
		<option name="DEFAULT_BRACKETS">
			<value>
				<option name="FONT_TYPE" value="1" />
				<option name="FOREGROUND" value="00cc12" />
			</value>
		</option>
		<option name="DEFAULT_CLASS_NAME">
			<value>
				<option name="FOREGROUND" value="00bcc6" />
			</value>
		</option>
		<option name="DEFAULT_COMMA">
			<value>
				<option name="FOREGROUND" value="00cc12" />
			</value>
		</option>
		<option name="DEFAULT_CONSTANT">
			<value>
				<option name="FONT_TYPE" value="2" />
				<option name="FOREGROUND" value="ff7900" />
			</value>
		</option>
		<option name="DEFAULT_DOT">
			<value>
				<option name="FOREGROUND" value="00cc12" />
			</value>
		</option>
		<option name="DEFAULT_FUNCTION_DECLARATION">
			<value>
				<option name="FOREGROUND" value="ff0078" />
			</value>
		</option>
		<option name="DEFAULT_INSTANCE_FIELD">
			<value>
				<option name="FOREGROUND" value="ff7900" />
			</value>
		</option>
		<option name="DEFAULT_INSTANCE_METHOD">
			<value>
				<option name="FOREGROUND" value="ff0078" />
			</value>
		</option>
		<option name="DEFAULT_INTERFACE_NAME">
			<value>
				<option name="FOREGROUND" value="00bcc6" />
			</value>
		</option>
		<option name="DEFAULT_KEYWORD">
			<value>
				<option name="FONT_TYPE" value="1" />
				<option name="FOREGROUND" value="a400cc" />
			</value>
		</option>
		<option name="DEFAULT_OPERATION_SIGN">
			<value>
				<option name="FOREGROUND" value="00cc12" />
			</value>
		</option>
		<option name="DEFAULT_PARENTHS">
			<value>
				<option name="FOREGROUND" value="00cc12" />
			</value>
		</option>
		<option name="DEFAULT_SEMICOLON">
			<value>
				<option name="FOREGROUND" value="00cc12" />
			</value>
		</option>
		<option name="DEFAULT_STATIC_FIELD">
			<value>
				<option name="FONT_TYPE" value="2" />
				<option name="FOREGROUND" value="ff7900" />
			</value>
		</option>
		<option name="DEFAULT_STATIC_METHOD">
			<value>
				<option name="FONT_TYPE" value="2" />
				<option name="FOREGROUND" value="ff0078" />
			</value>
		</option>
		<option name="JAVA_KEYWORD">
			<value>
				<option name="FOREGROUND" value="a400cc" />
			</value>
		</option>
		<option name="KOTLIN_BUILTIN_ANNOTATION">
			<value>
				<option name="FOREGROUND" value="00cc60" />
			</value>
		</option>
		<option name="KOTLIN_CLOSURE_DEFAULT_PARAMETER">
			<value>
				<option name="FONT_TYPE" value="1" />
				<option name="FOREGROUND" value="c165ff" />
				<option name="EFFECT_TYPE" value="1" />
				<option name="EFFECT_COLOR" value="ffcf9a" />
			</value>
		</option>
		<option name="KOTLIN_CONSTRUCTOR">
			<value>
				<option name="FOREGROUND" value="00bcc6" />
			</value>
		</option>
		<option name="KOTLIN_DYNAMIC_FUNCTION_CALL">
			<value>
				<option name="FONT_TYPE" value="3" />
				<option name="FOREGROUND" value="ff0078" />
			</value>
		</option>
		<option name="KOTLIN_DYNAMIC_PROPERTY_CALL">
			<value>
				<option name="FONT_TYPE" value="3" />
				<option name="FOREGROUND" value="ff7900" />
			</value>
		</option>
		<option name="KOTLIN_EXTENSION_FUNCTION_CALL">
			<value>
				<option name="FONT_TYPE" value="2" />
				<option name="FOREGROUND" value="ff0078" />
			</value>
		</option>
		<option name="KOTLIN_FUNCTION_CALL">
			<value>
				<option name="FOREGROUND" value="ff0078" />
			</value>
		</option>
		<option name="KOTLIN_KEYWORD">
			<value>
				<option name="FOREGROUND" value="00cc60" />
			</value>
		</option>
		<option name="KOTLIN_LOCAL_VARIABLE">
			<value>
				<option name="FOREGROUND" value="c657b2" />
			</value>
		</option>
		<option name="KOTLIN_PACKAGE_FUNCTION_CALL">
			<value>
				<option name="FONT_TYPE" value="2" />
				<option name="FOREGROUND" value="c165ff" />
			</value>
		</option>
		<option name="KOTLIN_PARAMETER">
			<value>
				<option name="FOREGROUND" value="c165ff" />
				<option name="EFFECT_TYPE" value="1" />
				<option name="EFFECT_COLOR" value="ffcf9a" />
			</value>
		</option>
		<option name="KOTLIN_TYPE_PARAMETER">
			<value>
				<option name="FOREGROUND" value="c165ff" />
				<option name="EFFECT_COLOR" value="ffcf9a" />
			</value>
		</option>
	</attributes>
</scheme>