<?xml version="1.0" encoding="UTF-8"?>
<scheme name="MintTheme" version="1" parent_scheme="Default">
	<option name="LINE_SPACING" value="1.0" />
	<option name="EDITOR_FONT_SIZE" value="12" />
	<option name="EDITOR_FONT_NAME" value="Menlo" />
	<colors>
		<option name="CARET_ROW_COLOR" value="464646" />
		<option name="GUTTER_BACKGROUND" value="3c3f41" />
		<option name="READONLY_BACKGROUND" value="000000" />
	</colors>
	<attributes>
		<option name="CUSTOM_MULTI_LINE_COMMENT_ATTRIBUTES">
			<value>
				<option name="FOREGROUND" value="c27d00" />
			</value>
		</option>
		<option name="CUSTOM_STRING_ATTRIBUTES">
			<value>
				<option name="FOREGROUND" value="d7d7d7" />
			</value>
		</option>
		<option name="DEFAULT_BLOCK_COMMENT">
			<value>
				<option name="FOREGROUND" value="7c6c00" />
			</value>
		</option>
		<option name="DEFAULT_LINE_COMMENT">
			<value>
				<option name="FOREGROUND" value="7c6c00" />
			</value>
		</option>
		<option name="DEFAULT_STRING">
			<value>
				<option name="FOREGROUND" value="d7d7d7" />
			</value>
		</option>
		<option name="ERRORS_ATTRIBUTES">
			<value>
				<option name="FONT_TYPE" value="1" />
				<option name="ERROR_STRIPE_COLOR" value="9e2927" />
				<option name="EFFECT_TYPE" value="4" />
				<option name="EFFECT_COLOR" value="bc3f3c" />
			</value>
		</option>
		<option name="NOT_USED_ELEMENT_ATTRIBUTES">
			<value>
				<option name="FOREGROUND" value="5377ff" />
				<option name="EFFECT_TYPE" value="2" />
				<option name="EFFECT_COLOR" value="808080" />
			</value>
		</option>
		<option name="TEXT">
			<value>
				<option name="FOREGROUND" value="9cf98c" />
				<option name="BACKGROUND" value="00172c" />
				<option name="EFFECT_TYPE" value="4" />
			</value>
		</option>
		<option name="TYPO">
			<value>
				<option name="FOREGROUND" value="e8eee6" />
				<option name="EFFECT_COLOR" value="3c3f41" />
			</value>
		</option>
	</attributes>
</scheme>