<?xml version="1.0" encoding="UTF-8"?>
<scheme name="Nature Green Light" version="1" parent_scheme="Default">
	<option name="LINE_SPACING" value="1.0" />
	<option name="EDITOR_FONT_SIZE" value="12" />
	<option name="EDITOR_FONT_NAME" value="Menlo" />
	<colors>
		<option name="ADDED_LINES_COLOR" value="d4fad4" />
		<option name="ANNOTATIONS_COLOR" value="5a6266" />
		<option name="BORDER_LINES_COLOR" value="cccccc" />
		<option name="CARET_COLOR" value="74807b" />
		<option name="CARET_ROW_COLOR" value="d1e6de" />
		<option name="CONSOLE_BACKGROUND_KEY" value="000000" />
		<option name="DELETED_LINES_COLOR" value="d9eeff" />
		<option name="DIFF_SEPARATORS_BACKGROUND" value="e6e6e6" />
		<option name="DIFF_SEPARATORS_BOTTOM_BORDER" value="b3b3b3" />
		<option name="DIFF_SEPARATORS_TOP_BORDER" value="cccccc" />
		<option name="DOCUMENTATION_COLOR" value="f2c2ea" />
		<option name="ERROR_HINT" value="f2c2c2" />
		<option name="FILESTATUS_ADDED" value="c3e88d" />
		<option name="FILESTATUS_COPIED" value="c3e88d" />
		<option name="FILESTATUS_DELETED" value="808080" />
		<option name="FILESTATUS_HIJACKED" value="ffcb6b" />
		<option name="FILESTATUS_IDEA_FILESTATUS_DELETED_FROM_FILE_SYSTEM" value="808080" />
		<option name="FILESTATUS_IDEA_FILESTATUS_IGNORED" value="ab7967" />
		<option name="FILESTATUS_IDEA_SVN_FILESTATUS_EXTERNAL" value="72a038" />
		<option name="FILESTATUS_MERGED" value="c792ea" />
		<option name="FILESTATUS_MODIFIED" value="80cbc4" />
		<option name="FILESTATUS_NOT_CHANGED_IMMEDIATE" value="80cbc4" />
		<option name="FILESTATUS_NOT_CHANGED_RECURSIVE" value="80cbc4" />
		<option name="FILESTATUS_OBSOLETE" value="ffcb6b" />
		<option name="FILESTATUS_RENAMED" value="3a8484" />
		<option name="FILESTATUS_SUPPRESSED" value="546e7a" />
		<option name="FILESTATUS_SWITCHED" value="c792ea" />
		<option name="FILESTATUS_UNKNOWN" value="f77669" />
		<option name="FILESTATUS_addedOutside" value="c3e88d" />
		<option name="FILESTATUS_modifiedOutside" value="82aaff" />
		<option name="GUTTER_BACKGROUND" value="fafffd" />
		<option name="HTML_TAG_TREE_LEVEL0" value="b34747" />
		<option name="HTML_TAG_TREE_LEVEL1" value="b3b347" />
		<option name="HTML_TAG_TREE_LEVEL2" value="47b347" />
		<option name="HTML_TAG_TREE_LEVEL3" value="47b3b3" />
		<option name="HTML_TAG_TREE_LEVEL4" value="4747b3" />
		<option name="HTML_TAG_TREE_LEVEL5" value="b347b3" />
		<option name="INDENT_GUIDE" value="a1b3aa" />
		<option name="INFORMATION_HINT" value="c2daf2" />
		<option name="LINE_NUMBERS_COLOR" value="494b4d" />
		<option name="METHOD_SEPARATORS_COLOR" value="cfe6da" />
		<option name="MODIFIED_LINES_COLOR" value="dbd4fa" />
		<option name="NOTIFICATION_BACKGROUND" value="cfe6da" />
		<option name="QUESTION_HINT" value="f0e4c2" />
		<option name="RECURSIVE_CALL_ATTRIBUTES" value="fabb00" />
		<option name="RIGHT_MARGIN_COLOR" value="a1b3aa" />
		<option name="SELECTED_INDENT_GUIDE" value="a1b3aa" />
		<option name="SELECTED_TEARLINE_COLOR" value="afe1fa" />
		<option name="SELECTION_BACKGROUND" value="f3e6ff" />
		<option name="SEPARATOR_ABOVE_COLOR" value="c2c5cc" />
		<option name="SEPARATOR_BELOW_COLOR" value="c2c5cc" />
		<option name="SOFT_WRAP_SIGN_COLOR" value="000000" />
		<option name="TEARLINE_COLOR" value="b1e2fa" />
		<option name="TOOLTIP" value="e1c2f2" />
		<option name="VCS_ANNOTATIONS_COLOR_1" value="e8fade" />
		<option name="VCS_ANNOTATIONS_COLOR_2" value="fff2e6" />
		<option name="VCS_ANNOTATIONS_COLOR_3" value="e3ecff" />
		<option name="VCS_ANNOTATIONS_COLOR_4" value="ffe6ff" />
		<option name="VCS_ANNOTATIONS_COLOR_5" value="ffe6e7" />
		<option name="VISUAL_INDENT_GUIDE" value="a1b3aa" />
		<option name="WHITESPACES" value="d1e6de" />
		<option name="WHITESPACES_MODIFIED_LINES_COLOR" value="fff3d9" />
	</colors>
	<attributes>
		<option name="BAD_CHARACTER">
			<value>
				<option name="EFFECT_TYPE" value="2" />
				<option name="EFFECT_COLOR" value="cc2929" />
			</value>
		</option>
		<option name="BOOKMARKS_ATTRIBUTES">
			<value>
				<option name="ERROR_STRIPE_COLOR" value="add9c3" />
			</value>
		</option>
		<option name="BREADCRUMBS_CURRENT">
			<value>
				<option name="BACKGROUND" value="00b359" />
			</value>
		</option>
		<option name="BREADCRUMBS_HOVERED">
			<value>
				<option name="BACKGROUND" value="0059b3" />
			</value>
		</option>
		<option name="BREADCRUMBS_INACTIVE">
			<value>
				<option name="BACKGROUND" value="eeeeee" />
			</value>
		</option>
		<option name="BREAKPOINT_ATTRIBUTES">
			<value>
				<option name="BACKGROUND" value="fa9898" />
			</value>
		</option>
		<option name="CONSOLE_BLACK_OUTPUT">
			<value>
				<option name="FOREGROUND" value="000000" />
			</value>
		</option>
		<option name="CONSOLE_BLUE_BRIGHT_OUTPUT">
			<value>
				<option name="FOREGROUND" value="8fa9cc" />
			</value>
		</option>
		<option name="CONSOLE_BLUE_OUTPUT">
			<value>
				<option name="FOREGROUND" value="5289cc" />
			</value>
		</option>
		<option name="CONSOLE_CYAN_BRIGHT_OUTPUT">
			<value>
				<option name="FOREGROUND" value="8fcccc" />
			</value>
		</option>
		<option name="CONSOLE_CYAN_OUTPUT">
			<value>
				<option name="FOREGROUND" value="25b3b3" />
			</value>
		</option>
		<option name="CONSOLE_DARKGRAY_OUTPUT">
			<value>
				<option name="FOREGROUND" value="666666" />
			</value>
		</option>
		<option name="CONSOLE_ERROR_OUTPUT">
			<value>
				<option name="FONT_TYPE" value="1" />
				<option name="FOREGROUND" value="ff0e00" />
				<option name="EFFECT_TYPE" value="5" />
				<option name="EFFECT_COLOR" value="ff0000" />
			</value>
		</option>
		<option name="CONSOLE_GREEN_BRIGHT_OUTPUT">
			<value>
				<option name="FOREGROUND" value="8fcc52" />
			</value>
		</option>
		<option name="CONSOLE_MAGENTA_BRIGHT_OUTPUT">
			<value>
				<option name="FOREGROUND" value="cc7acc" />
			</value>
		</option>
		<option name="CONSOLE_NORMAL_OUTPUT">
			<value>
				<option name="FOREGROUND" value="999999" />
			</value>
		</option>
		<option name="CONSOLE_RED_OUTPUT">
			<value>
				<option name="FOREGROUND" value="b34747" />
			</value>
		</option>
		<option name="CONSOLE_SYSTEM_OUTPUT">
			<value>
				<option name="FOREGROUND" value="999999" />
			</value>
		</option>
		<option name="CONSOLE_USER_INPUT">
			<value>
				<option name="FONT_TYPE" value="2" />
				<option name="FOREGROUND" value="008000" />
			</value>
		</option>
		<option name="CONSOLE_WHITE_OUTPUT">
			<value>
				<option name="FOREGROUND" value="cccccc" />
			</value>
		</option>
		<option name="CONSOLE_YELLOW_BRIGHT_OUTPUT">
			<value>
				<option name="FOREGROUND" value="cccc66" />
			</value>
		</option>
		<option name="CONSOLE_YELLOW_OUTPUT">
			<value>
				<option name="FOREGROUND" value="bfaa4c" />
			</value>
		</option>
		<option name="CTRL_CLICKABLE">
			<value>
				<option name="FOREGROUND" value="0080ff" />
				<option name="EFFECT_TYPE" value="1" />
				<option name="EFFECT_COLOR" value="0080ff" />
			</value>
		</option>
		<option name="DEBUGGER_INLINED_VALUES">
			<value>
				<option name="FONT_TYPE" value="2" />
				<option name="FOREGROUND" value="62cca0" />
			</value>
		</option>
		<option name="DEBUGGER_INLINED_VALUES_EXECUTION_LINE">
			<value>
				<option name="FONT_TYPE" value="2" />
				<option name="FOREGROUND" value="ccbc08" />
			</value>
		</option>
		<option name="DEBUGGER_INLINED_VALUES_MODIFIED">
			<value>
				<option name="FONT_TYPE" value="2" />
				<option name="FOREGROUND" value="fa9c05" />
			</value>
		</option>
		<option name="DEFAULT_ATTRIBUTE">
			<value>
				<option name="FOREGROUND" value="59b359" />
				<option name="EFFECT_TYPE" value="5" />
			</value>
		</option>
		<option name="DEFAULT_BLOCK_COMMENT">
			<value>
				<option name="FONT_TYPE" value="2" />
				<option name="FOREGROUND" value="b3b37d" />
			</value>
		</option>
		<option name="DEFAULT_BRACES">
			<value>
				<option name="FONT_TYPE" value="1" />
				<option name="FOREGROUND" value="ff8000" />
			</value>
		</option>
		<option name="DEFAULT_BRACKETS">
			<value>
				<option name="FONT_TYPE" value="1" />
				<option name="FOREGROUND" value="ff8000" />
			</value>
		</option>
		<option name="DEFAULT_CLASS_NAME">
			<value>
				<option name="FONT_TYPE" value="1" />
				<option name="FOREGROUND" value="8f59b3" />
				<option name="EFFECT_TYPE" value="5" />
			</value>
		</option>
		<option name="DEFAULT_CLASS_REFERENCE">
			<value>
				<option name="FOREGROUND" value="8f59b3" />
			</value>
		</option>
		<option name="DEFAULT_COMMA">
			<value>
				<option name="FOREGROUND" value="ff8000" />
			</value>
		</option>
		<option name="DEFAULT_CONSTANT">
			<value>
				<option name="FONT_TYPE" value="2" />
				<option name="FOREGROUND" value="cc9966" />
			</value>
		</option>
		<option name="DEFAULT_DOC_COMMENT">
			<value>
				<option name="FONT_TYPE" value="2" />
				<option name="FOREGROUND" value="b3b37d" />
			</value>
		</option>
		<option name="DEFAULT_DOC_COMMENT_TAG">
			<value>
				<option name="FONT_TYPE" value="3" />
				<option name="FOREGROUND" value="4d9973" />
				<option name="EFFECT_TYPE" value="1" />
				<option name="EFFECT_COLOR" value="4b9671" />
			</value>
		</option>
		<option name="DEFAULT_DOC_COMMENT_TAG_VALUE">
			<value>
				<option name="FONT_TYPE" value="2" />
				<option name="FOREGROUND" value="99994d" />
			</value>
		</option>
		<option name="DEFAULT_DOC_MARKUP">
			<value>
				<option name="FONT_TYPE" value="2" />
				<option name="FOREGROUND" value="4d9999" />
			</value>
		</option>
		<option name="DEFAULT_DOT">
			<value>
				<option name="FONT_TYPE" value="1" />
				<option name="FOREGROUND" value="ff8000" />
			</value>
		</option>
		<option name="DEFAULT_ENTITY">
			<value>
				<option name="FOREGROUND" value="8f6bb3" />
				<option name="EFFECT_TYPE" value="5" />
			</value>
		</option>
		<option name="DEFAULT_FUNCTION_CALL">
			<value>
				<option name="FOREGROUND" value="cc6699" />
				<option name="EFFECT_TYPE" value="5" />
			</value>
		</option>
		<option name="DEFAULT_FUNCTION_DECLARATION">
			<value>
				<option name="FOREGROUND" value="cc6699" />
			</value>
		</option>
		<option name="DEFAULT_GLOBAL_VARIABLE">
			<value>
				<option name="FONT_TYPE" value="1" />
				<option name="FOREGROUND" value="b35b5b" />
				<option name="EFFECT_TYPE" value="5" />
			</value>
		</option>
		<option name="DEFAULT_IDENTIFIER">
			<value>
				<option name="EFFECT_TYPE" value="5" />
			</value>
		</option>
		<option name="DEFAULT_INSTANCE_FIELD">
			<value>
				<option name="FONT_TYPE" value="1" />
				<option name="FOREGROUND" value="63a681" />
			</value>
		</option>
		<option name="DEFAULT_INSTANCE_METHOD">
			<value>
				<option name="FONT_TYPE" value="1" />
				<option name="FOREGROUND" value="6699cc" />
			</value>
		</option>
		<option name="DEFAULT_INTERFACE_NAME">
			<value>
				<option name="FONT_TYPE" value="2" />
				<option name="FOREGROUND" value="cca37a" />
			</value>
		</option>
		<option name="DEFAULT_INVALID_STRING_ESCAPE">
			<value>
				<option name="FONT_TYPE" value="1" />
				<option name="FOREGROUND" value="66cc66" />
				<option name="EFFECT_TYPE" value="2" />
				<option name="EFFECT_COLOR" value="ff0000" />
			</value>
		</option>
		<option name="DEFAULT_KEYWORD">
			<value>
				<option name="FOREGROUND" value="4595e6" />
			</value>
		</option>
		<option name="DEFAULT_LABEL">
			<value>
				<option name="FONT_TYPE" value="2" />
				<option name="FOREGROUND" value="6b9980" />
				<option name="EFFECT_TYPE" value="5" />
			</value>
		</option>
		<option name="DEFAULT_LINE_COMMENT">
			<value>
				<option name="FOREGROUND" value="b3b37d" />
			</value>
		</option>
		<option name="DEFAULT_LOCAL_VARIABLE">
			<value>
				<option name="FOREGROUND" value="6bb324" />
				<option name="EFFECT_TYPE" value="5" />
			</value>
		</option>
		<option name="DEFAULT_METADATA">
			<value>
				<option name="FOREGROUND" value="b3b349" />
			</value>
		</option>
		<option name="DEFAULT_NUMBER">
			<value>
				<option name="FOREGROUND" value="b359a4" />
			</value>
		</option>
		<option name="DEFAULT_OPERATION_SIGN">
			<value>
				<option name="FONT_TYPE" value="1" />
				<option name="FOREGROUND" value="ff8000" />
			</value>
		</option>
		<option name="DEFAULT_PARAMETER">
			<value>
				<option name="FOREGROUND" value="cc9966" />
			</value>
		</option>
		<option name="DEFAULT_PARENTHS">
			<value>
				<option name="FONT_TYPE" value="1" />
				<option name="FOREGROUND" value="ff8000" />
			</value>
		</option>
		<option name="DEFAULT_PREDEFINED_SYMBOL">
			<value>
				<option name="FOREGROUND" value="6b9999" />
				<option name="EFFECT_TYPE" value="5" />
			</value>
		</option>
		<option name="DEFAULT_SEMICOLON">
			<value>
				<option name="FONT_TYPE" value="1" />
				<option name="FOREGROUND" value="ff8000" />
			</value>
		</option>
		<option name="DEFAULT_STATIC_FIELD">
			<value>
				<option name="FONT_TYPE" value="2" />
				<option name="FOREGROUND" value="4d994d" />
			</value>
		</option>
		<option name="DEFAULT_STATIC_METHOD">
			<value>
				<option name="FONT_TYPE" value="2" />
				<option name="FOREGROUND" value="6699cc" />
			</value>
		</option>
		<option name="DEFAULT_STRING">
			<value>
				<option name="FOREGROUND" value="e64545" />
			</value>
		</option>
		<option name="DEFAULT_TAG">
			<value>
				<option name="FONT_TYPE" value="1" />
				<option name="FOREGROUND" value="f28518" />
				<option name="EFFECT_TYPE" value="5" />
			</value>
		</option>
		<option name="DEFAULT_TEMPLATE_LANGUAGE_COLOR">
			<value>
				<option name="BACKGROUND" value="f7ffcc" />
			</value>
		</option>
		<option name="DEFAULT_VALID_STRING_ESCAPE">
			<value>
				<option name="FONT_TYPE" value="1" />
				<option name="FOREGROUND" value="f28e3d" />
			</value>
		</option>
		<option name="DELETED_TEXT_ATTRIBUTES">
			<value>
				<option name="FOREGROUND" value="4d4d4d" />
				<option name="BACKGROUND" value="e6b8b8" />
				<option name="EFFECT_TYPE" value="3" />
				<option name="EFFECT_COLOR" value="808080" />
			</value>
		</option>
		<option name="DEPRECATED_ATTRIBUTES">
			<value>
				<option name="FONT_TYPE" value="3" />
				<option name="FOREGROUND" value="6c8076" />
				<option name="EFFECT_TYPE" value="3" />
				<option name="EFFECT_COLOR" value="6c8076" />
			</value>
		</option>
		<option name="DIFF_CONFLICT">
			<value>
				<option name="BACKGROUND" value="faae9d" />
				<option name="ERROR_STRIPE_COLOR" value="8f5247" />
			</value>
		</option>
		<option name="DIFF_DELETED">
			<value>
				<option name="BACKGROUND" value="aaf2f2" />
				<option name="ERROR_STRIPE_COLOR" value="656e76" />
			</value>
		</option>
		<option name="DIFF_INSERTED">
			<value>
				<option name="BACKGROUND" value="98fac6" />
				<option name="ERROR_STRIPE_COLOR" value="447152" />
			</value>
		</option>
		<option name="DIFF_MODIFIED">
			<value>
				<option name="BACKGROUND" value="7dc0fa" />
				<option name="ERROR_STRIPE_COLOR" value="497399" />
			</value>
		</option>
		<option name="DUPLICATE_FROM_SERVER">
			<value>
				<option name="FONT_TYPE" value="1" />
				<option name="BACKGROUND" value="ffdecc" />
				<option name="EFFECT_TYPE" value="5" />
				<option name="EFFECT_COLOR" value="994b1f" />
			</value>
		</option>
		<option name="ERRORS_ATTRIBUTES">
			<value>
				<option name="FONT_TYPE" value="3" />
				<option name="FOREGROUND" value="e60000" />
				<option name="BACKGROUND" value="ffffff" />
				<option name="ERROR_STRIPE_COLOR" value="e60000" />
				<option name="EFFECT_TYPE" value="2" />
				<option name="EFFECT_COLOR" value="e60000" />
			</value>
		</option>
		<option name="EVALUATED_EXPRESSION_ATTRIBUTES">
			<value>
				<option name="BACKGROUND" value="e6e6e6" />
			</value>
		</option>
		<option name="EVALUATED_EXPRESSION_EXECUTION_LINE_ATTRIBUTES">
			<value>
				<option name="BACKGROUND" value="cccccc" />
			</value>
		</option>
		<option name="EXECUTIONPOINT_ATTRIBUTES">
			<value>
				<option name="BACKGROUND" value="4ba0fa" />
			</value>
		</option>
		<option name="FOLDED_TEXT_ATTRIBUTES">
			<value>
				<option name="FOREGROUND" value="364d41" />
				<option name="BACKGROUND" value="b8e6e6" />
			</value>
		</option>
		<option name="FOLLOWED_HYPERLINK_ATTRIBUTES">
			<value>
				<option name="FOREGROUND" value="0080ff" />
				<option name="EFFECT_TYPE" value="1" />
				<option name="EFFECT_COLOR" value="0080ff" />
			</value>
		</option>
		<option name="GENERIC_SERVER_ERROR_OR_WARNING">
			<value>
				<option name="BACKGROUND" value="f2c2c2" />
				<option name="ERROR_STRIPE_COLOR" value="ff6a00" />
				<option name="EFFECT_TYPE" value="4" />
				<option name="EFFECT_COLOR" value="ff0000" />
			</value>
		</option>
		<option name="HYPERLINK_ATTRIBUTES">
			<value>
				<option name="FONT_TYPE" value="2" />
				<option name="FOREGROUND" value="0080ff" />
				<option name="EFFECT_TYPE" value="1" />
				<option name="EFFECT_COLOR" value="0080ff" />
			</value>
		</option>
		<option name="INFO_ATTRIBUTES">
			<value>
				<option name="BACKGROUND" value="f2f279" />
				<option name="EFFECT_TYPE" value="2" />
			</value>
		</option>
		<option name="INJECTED_LANGUAGE_FRAGMENT">
			<value>
				<option name="BACKGROUND" value="e6e6be" />
			</value>
		</option>
		<option name="INLINE_PARAMETER_HINT">
			<value>
				<option name="FOREGROUND" value="666666" />
				<option name="BACKGROUND" value="b3b3b3" />
			</value>
		</option>
		<option name="INLINE_PARAMETER_HINT_HIGHLIGHTED">
			<value>
				<option name="FOREGROUND" value="4d4d4d" />
				<option name="BACKGROUND" value="b3b3b3" />
			</value>
		</option>
		<option name="LINE_FULL_COVERAGE">
			<value>
				<option name="FONT_TYPE" value="1" />
				<option name="FOREGROUND" value="a2b3ac" />
			</value>
		</option>
		<option name="LINE_NONE_COVERAGE">
			<value>
				<option name="FONT_TYPE" value="1" />
				<option name="FOREGROUND" value="f2dada" />
			</value>
		</option>
		<option name="LINE_PARTIAL_COVERAGE">
			<value>
				<option name="FONT_TYPE" value="1" />
				<option name="FOREGROUND" value="f2f2c4" />
			</value>
		</option>
		<option name="LIVE_TEMPLATE_ATTRIBUTES">
			<value>
				<option name="EFFECT_COLOR" value="e6b8b8" />
			</value>
		</option>
		<option name="LOG_ERROR_OUTPUT">
			<value>
				<option name="FOREGROUND" value="b3000f" />
			</value>
		</option>
		<option name="LOG_EXPIRED_ENTRY">
			<value>
				<option name="FOREGROUND" value="666666" />
			</value>
		</option>
		<option name="LOG_WARNING_OUTPUT">
			<value>
				<option name="FOREGROUND" value="cc7a29" />
			</value>
		</option>
		<option name="MARKED_FOR_REMOVAL_ATTRIBUTES">
			<value>
				<option name="FONT_TYPE" value="3" />
				<option name="FOREGROUND" value="6c8076" />
				<option name="EFFECT_TYPE" value="3" />
				<option name="EFFECT_COLOR" value="b33636" />
			</value>
		</option>
		<option name="MATCHED_BRACE_ATTRIBUTES">
			<value>
				<option name="FONT_TYPE" value="1" />
				<option name="FOREGROUND" value="ffffff" />
				<option name="BACKGROUND" value="ff6a00" />
			</value>
		</option>
		<option name="NOT_TOP_FRAME_ATTRIBUTES">
			<value>
				<option name="BACKGROUND" value="749acc" />
			</value>
		</option>
		<option name="NOT_USED_ELEMENT_ATTRIBUTES">
			<value>
				<option name="FONT_TYPE" value="2" />
				<option name="BACKGROUND" value="f2f2f2" />
				<option name="EFFECT_TYPE" value="2" />
				<option name="EFFECT_COLOR" value="5c6660" />
			</value>
		</option>
		<option name="RAINBOW_COLOR0">
			<value>
				<option name="FOREGROUND" value="cc3d3d" />
			</value>
		</option>
		<option name="RAINBOW_COLOR1">
			<value>
				<option name="FOREGROUND" value="85cc3d" />
			</value>
		</option>
		<option name="RAINBOW_COLOR2">
			<value>
				<option name="FOREGROUND" value="3d89cc" />
			</value>
		</option>
		<option name="RAINBOW_COLOR3">
			<value>
				<option name="FOREGROUND" value="a866cc" />
			</value>
		</option>
		<option name="RAINBOW_COLOR4">
			<value>
				<option name="FOREGROUND" value="cc6699" />
			</value>
		</option>
		<option name="REST$INLINE">
			<value>
				<option name="BACKGROUND" value="50e650" />
			</value>
		</option>
		<option name="SEARCH_RESULT_ATTRIBUTES">
			<value>
				<option name="BACKGROUND" value="daf2c2" />
				<option name="EFFECT_COLOR" value="b8cca3" />
			</value>
		</option>
		<option name="TEMPLATE_VARIABLE_ATTRIBUTES">
			<value>
				<option name="FONT_TYPE" value="2" />
				<option name="FOREGROUND" value="a27db3" />
			</value>
		</option>
		<option name="TEXT">
			<value>
				<option name="FOREGROUND" value="298469" />
				<option name="BACKGROUND" value="dff7ee" />
				<option name="EFFECT_TYPE" value="5" />
			</value>
		</option>
		<option name="TEXT_SEARCH_RESULT_ATTRIBUTES">
			<value>
				<option name="BACKGROUND" value="f0f0c0" />
				<option name="EFFECT_COLOR" value="cccca3" />
			</value>
		</option>
		<option name="TODO_DEFAULT_ATTRIBUTES">
			<value>
				<option name="FONT_TYPE" value="2" />
				<option name="FOREGROUND" value="b37f7f" />
				<option name="ERROR_STRIPE_COLOR" value="085a80" />
			</value>
		</option>
		<option name="TYPO">
			<value>
				<option name="EFFECT_TYPE" value="2" />
				<option name="EFFECT_COLOR" value="708070" />
			</value>
		</option>
		<option name="WARNING_ATTRIBUTES">
			<value>
				<option name="BACKGROUND" value="f2d479" />
			</value>
		</option>
		<option name="WRITE_SEARCH_RESULT_ATTRIBUTES">
			<value>
				<option name="BACKGROUND" value="f0c0c0" />
				<option name="EFFECT_COLOR" value="cca3a3" />
			</value>
		</option>
		<option name="WRONG_REFERENCES_ATTRIBUTES">
			<value>
				<option name="FONT_TYPE" value="3" />
				<option name="BACKGROUND" value="f27b79" />
			</value>
		</option>
	</attributes>
</scheme>