<?xml version="1.0" encoding="UTF-8"?>
<scheme name="PurpleDrop2" version="1" parent_scheme="Default">
	<option name="LINE_SPACING" value="1.0" />
	<option name="EDITOR_FONT_SIZE" value="12" />
	<option name="EDITOR_FONT_NAME" value="Menlo" />
	<colors>
		<option name="ADDED_LINES_COLOR" value="295622" />
		<option name="CARET_COLOR" value="bbbbbb" />
		<option name="CARET_ROW_COLOR" value="2a2a2a" />
		<option name="CONSOLE_BACKGROUND_KEY" value="2240" />
		<option name="FILESTATUS_ADDED" value="629755" />
		<option name="FILESTATUS_DELETED" value="6c6c6c" />
		<option name="FILESTATUS_IDEA_FILESTATUS_DELETED_FROM_FILE_SYSTEM" value="6c6c6c" />
		<option name="FILESTATUS_IDEA_FILESTATUS_IGNORED" value="848504" />
		<option name="FILESTATUS_IDEA_FILESTATUS_MERGED_WITH_BOTH_CONFLICTS" value="d5756c" />
		<option name="FILESTATUS_IDEA_FILESTATUS_MERGED_WITH_CONFLICTS" value="d5756c" />
		<option name="FILESTATUS_IDEA_FILESTATUS_MERGED_WITH_PROPERTY_CONFLICTS" value="d5756c" />
		<option name="FILESTATUS_MERGED" value="9876aa" />
		<option name="FILESTATUS_MODIFIED" value="6897bb" />
		<option name="FILESTATUS_NOT_CHANGED_IMMEDIATE" value="6897bb" />
		<option name="FILESTATUS_NOT_CHANGED_RECURSIVE" value="6897bb" />
		<option name="FILESTATUS_UNKNOWN" value="d1675a" />
		<option name="FILESTATUS_addedOutside" value="629755" />
		<option name="FILESTATUS_changelistConflict" value="d5756c" />
		<option name="FILESTATUS_modifiedOutside" value="6897bb" />
		<option name="GUTTER_BACKGROUND" value="311d40" />
		<option name="INDENT_GUIDE" value="5555dd" />
		<option name="LINE_NUMBERS_COLOR" value="ffffdd" />
		<option name="METHOD_SEPARATORS_COLOR" value="2a2a2a" />
		<option name="MODIFIED_LINES_COLOR" value="415f69" />
		<option name="RECURSIVE_CALL_ATTRIBUTES" value="aa8800" />
		<option name="RIGHT_MARGIN_COLOR" value="5555dd" />
		<option name="SELECTED_INDENT_GUIDE" value="b36539" />
		<option name="SELECTION_BACKGROUND" value="ff00bb" />
		<option name="SELECTION_FOREGROUND" value="ffffdd" />
		<option name="TEARLINE_COLOR" value="2a2a2a" />
		<option name="WHITESPACES" value="886688" />
	</colors>
	<attributes>
		<option name="ABSTRACT_CLASS_NAME_ATTRIBUTES">
			<value>
				<option name="FONT_TYPE" value="1" />
				<option name="FOREGROUND" value="ff9d00" />
				<option name="EFFECT_TYPE" value="1" />
			</value>
		</option>
		<option name="ANNOTATION_NAME_ATTRIBUTES">
			<value>
				<option name="FONT_TYPE" value="1" />
				<option name="FOREGROUND" value="aeaeae" />
			</value>
		</option>
		<option name="ANONYMOUS_CLASS_NAME_ATTRIBUTES">
			<value>
				<option name="FONT_TYPE" value="1" />
				<option name="FOREGROUND" value="ff9d00" />
				<option name="EFFECT_TYPE" value="1" />
			</value>
		</option>
		<option name="BAD_CHARACTER">
			<value>
				<option name="FOREGROUND" value="d25252" />
				<option name="EFFECT_TYPE" value="1" />
				<option name="EFFECT_COLOR" value="d25252" />
			</value>
		</option>
		<option name="BASH$HERE_DOC">
			<value>
				<option name="BACKGROUND" value="881155" />
			</value>
		</option>
		<option name="BASH$INTERNAL_COMMAND">
			<value>
				<option name="FOREGROUND" value="ff8888" />
			</value>
		</option>
		<option name="BASH$LINE_COMMENT">
			<value>
				<option name="FONT_TYPE" value="2" />
				<option name="FOREGROUND" value="88ff" />
			</value>
		</option>
		<option name="BOOKMARKS_ATTRIBUTES">
			<value>
				<option name="ERROR_STRIPE_COLOR" value="ff" />
			</value>
		</option>
		<option name="BREAKPOINT_ATTRIBUTES">
			<value>
				<option name="BACKGROUND" value="551111" />
			</value>
		</option>
		<option name="Block comment">
			<value>
				<option name="FOREGROUND" value="88ff" />
			</value>
		</option>
		<option name="CLASS_NAME_ATTRIBUTES">
			<value>
				<option name="FONT_TYPE" value="1" />
				<option name="FOREGROUND" value="ff9d00" />
				<option name="EFFECT_TYPE" value="1" />
			</value>
		</option>
		<option name="CONSOLE_BLUE_OUTPUT">
			<value>
				<option name="FOREGROUND" value="5394ec" />
			</value>
		</option>
		<option name="CONSOLE_CYAN_OUTPUT">
			<value>
				<option name="FOREGROUND" value="6969" />
			</value>
		</option>
		<option name="CONSOLE_ERROR_OUTPUT">
			<value>
				<option name="FOREGROUND" value="3ad900" />
			</value>
		</option>
		<option name="CONSOLE_MAGENTA_OUTPUT">
			<value>
				<option name="FOREGROUND" value="983498" />
			</value>
		</option>
		<option name="CONSOLE_NORMAL_OUTPUT">
			<value>
				<option name="FOREGROUND" value="ffffff" />
				<option name="BACKGROUND" value="2240" />
			</value>
		</option>
		<option name="CONSOLE_RED_OUTPUT">
			<value>
				<option name="FOREGROUND" value="ff6b68" />
			</value>
		</option>
		<option name="CONSOLE_SYSTEM_OUTPUT">
			<value>
				<option name="FOREGROUND" value="ff80e1" />
			</value>
		</option>
		<option name="CONSOLE_USER_INPUT">
			<value>
				<option name="FOREGROUND" value="d0d0d0" />
			</value>
		</option>
		<option name="CTRL_CLICKABLE">
			<value>
				<option name="FOREGROUND" value="22ddff" />
				<option name="EFFECT_TYPE" value="1" />
				<option name="EFFECT_COLOR" value="22ddff" />
			</value>
		</option>
		<option name="CUSTOM_INVALID_STRING_ESCAPE_ATTRIBUTES">
			<value>
				<option name="FOREGROUND" value="d25252" />
				<option name="EFFECT_TYPE" value="1" />
				<option name="EFFECT_COLOR" value="d25252" />
			</value>
		</option>
		<option name="CUSTOM_KEYWORD1_ATTRIBUTES">
			<value>
				<option name="FONT_TYPE" value="1" />
				<option name="FOREGROUND" value="ffee80" />
			</value>
		</option>
		<option name="CUSTOM_KEYWORD2_ATTRIBUTES">
			<value>
				<option name="FONT_TYPE" value="1" />
				<option name="FOREGROUND" value="ffee80" />
			</value>
		</option>
		<option name="CUSTOM_KEYWORD3_ATTRIBUTES">
			<value>
				<option name="FONT_TYPE" value="1" />
				<option name="FOREGROUND" value="ffee80" />
			</value>
		</option>
		<option name="CUSTOM_KEYWORD4_ATTRIBUTES">
			<value>
				<option name="FONT_TYPE" value="1" />
				<option name="FOREGROUND" value="ffee80" />
			</value>
		</option>
		<option name="CUSTOM_LINE_COMMENT_ATTRIBUTES">
			<value>
				<option name="FOREGROUND" value="d0d0d0" />
			</value>
		</option>
		<option name="CUSTOM_MULTI_LINE_COMMENT_ATTRIBUTES">
			<value>
				<option name="FOREGROUND" value="88ff" />
			</value>
		</option>
		<option name="CUSTOM_NUMBER_ATTRIBUTES">
			<value>
				<option name="FOREGROUND" value="ff80e1" />
			</value>
		</option>
		<option name="CUSTOM_STRING_ATTRIBUTES">
			<value>
				<option name="FOREGROUND" value="3ad900" />
			</value>
		</option>
		<option name="CUSTOM_VALID_STRING_ESCAPE_ATTRIBUTES">
			<value>
				<option name="FOREGROUND" value="ff80e1" />
			</value>
		</option>
		<option name="DEFAULT_ATTRIBUTE">
			<value>
				<option name="FOREGROUND" value="bfa4a4" />
			</value>
		</option>
		<option name="DEFAULT_BLOCK_COMMENT">
			<value>
				<option name="FONT_TYPE" value="2" />
				<option name="FOREGROUND" value="88ff" />
			</value>
		</option>
		<option name="DEFAULT_BRACES">
			<value>
				<option name="FOREGROUND" value="d8d8d8" />
			</value>
		</option>
		<option name="DEFAULT_BRACKETS">
			<value>
				<option name="FOREGROUND" value="d8d8d8" />
			</value>
		</option>
		<option name="DEFAULT_CLASS_NAME">
			<value>
				<option name="FONT_TYPE" value="1" />
				<option name="FOREGROUND" value="ff9d00" />
				<option name="EFFECT_TYPE" value="1" />
			</value>
		</option>
		<option name="DEFAULT_CLASS_REFERENCE">
			<value>
				<option name="FONT_TYPE" value="1" />
				<option name="FOREGROUND" value="ff9d00" />
				<option name="EFFECT_TYPE" value="1" />
				<option name="EFFECT_COLOR" value="ff9d00" />
			</value>
		</option>
		<option name="DEFAULT_COMMA">
			<value>
				<option name="FOREGROUND" value="d8d8d8" />
			</value>
		</option>
		<option name="DEFAULT_CONSTANT">
			<value>
				<option name="FOREGROUND" value="efc090" />
			</value>
		</option>
		<option name="DEFAULT_DOC_COMMENT">
			<value>
				<option name="FONT_TYPE" value="1" />
				<option name="FOREGROUND" value="88ff" />
			</value>
		</option>
		<option name="DEFAULT_DOC_COMMENT_TAG">
			<value>
				<option name="FONT_TYPE" value="3" />
				<option name="FOREGROUND" value="88ff" />
				<option name="EFFECT_TYPE" value="1" />
				<option name="EFFECT_COLOR" value="88ff" />
			</value>
		</option>
		<option name="DEFAULT_DOC_MARKUP">
			<value>
				<option name="FONT_TYPE" value="1" />
				<option name="FOREGROUND" value="88ff" />
			</value>
		</option>
		<option name="DEFAULT_DOT">
			<value>
				<option name="FOREGROUND" value="d8d8d8" />
			</value>
		</option>
		<option name="DEFAULT_ENTITY">
			<value>
				<option name="FOREGROUND" value="ff80e1" />
			</value>
		</option>
		<option name="DEFAULT_FUNCTION_CALL">
			<value>
				<option name="FOREGROUND" value="9eff80" />
			</value>
		</option>
		<option name="DEFAULT_FUNCTION_DECLARATION">
			<value>
				<option name="FOREGROUND" value="bed6ff" />
			</value>
		</option>
		<option name="DEFAULT_GLOBAL_VARIABLE">
			<value>
				<option name="FONT_TYPE" value="1" />
				<option name="FOREGROUND" value="9effff" />
			</value>
		</option>
		<option name="DEFAULT_IDENTIFIER">
			<value>
				<option name="FOREGROUND" value="ffffff" />
			</value>
		</option>
		<option name="DEFAULT_INSTANCE_FIELD">
			<value>
				<option name="FOREGROUND" value="9effff" />
			</value>
		</option>
		<option name="DEFAULT_INSTANCE_METHOD">
			<value>
				<option name="FOREGROUND" value="9eff80" />
			</value>
		</option>
		<option name="DEFAULT_INTERFACE_NAME">
			<value>
				<option name="FOREGROUND" value="d197d9" />
			</value>
		</option>
		<option name="DEFAULT_INVALID_STRING_ESCAPE">
			<value>
				<option name="FOREGROUND" value="d25252" />
				<option name="EFFECT_TYPE" value="1" />
				<option name="EFFECT_COLOR" value="d25252" />
			</value>
		</option>
		<option name="DEFAULT_KEYWORD">
			<value>
				<option name="FONT_TYPE" value="1" />
				<option name="FOREGROUND" value="ffff44" />
			</value>
		</option>
		<option name="DEFAULT_LABEL">
			<value>
				<option name="FOREGROUND" value="bfa4a4" />
			</value>
		</option>
		<option name="DEFAULT_LINE_COMMENT">
			<value>
				<option name="FOREGROUND" value="88ff" />
			</value>
		</option>
		<option name="DEFAULT_LOCAL_VARIABLE">
			<value>
				<option name="FONT_TYPE" value="1" />
				<option name="FOREGROUND" value="9effff" />
			</value>
		</option>
		<option name="DEFAULT_METADATA">
			<value>
				<option name="FOREGROUND" value="ffee80" />
			</value>
		</option>
		<option name="DEFAULT_NUMBER">
			<value>
				<option name="FOREGROUND" value="ff80e1" />
			</value>
		</option>
		<option name="DEFAULT_OPERATION_SIGN">
			<value>
				<option name="FOREGROUND" value="d8d8d8" />
			</value>
		</option>
		<option name="DEFAULT_PARAMETER">
			<value>
				<option name="FOREGROUND" value="bfa4a4" />
			</value>
		</option>
		<option name="DEFAULT_PARENTHS">
			<value>
				<option name="FOREGROUND" value="d8d8d8" />
			</value>
		</option>
		<option name="DEFAULT_PREDEFINED_SYMBOL">
			<value>
				<option name="FOREGROUND" value="efc090" />
			</value>
		</option>
		<option name="DEFAULT_SEMICOLON">
			<value>
				<option name="FOREGROUND" value="d8d8d8" />
			</value>
		</option>
		<option name="DEFAULT_STATIC_FIELD">
			<value>
				<option name="FOREGROUND" value="efc090" />
			</value>
		</option>
		<option name="DEFAULT_STATIC_METHOD">
			<value>
				<option name="FONT_TYPE" value="1" />
				<option name="FOREGROUND" value="9effff" />
			</value>
		</option>
		<option name="DEFAULT_STRING">
			<value>
				<option name="FOREGROUND" value="dddd22" />
			</value>
		</option>
		<option name="DEFAULT_TAG">
			<value>
				<option name="FOREGROUND" value="d8d8d8" />
			</value>
		</option>
		<option name="DEFAULT_TEMPLATE_LANGUAGE_COLOR">
			<value>
				<option name="FOREGROUND" value="ffffff" />
			</value>
		</option>
		<option name="DEFAULT_VALID_STRING_ESCAPE">
			<value>
				<option name="FOREGROUND" value="ff80e1" />
			</value>
		</option>
		<option name="DELETED_TEXT_ATTRIBUTES">
			<value>
				<option name="FOREGROUND" value="2240" />
				<option name="BACKGROUND" value="ffffff" />
			</value>
		</option>
		<option name="DEPRECATED_ATTRIBUTES">
			<value>
				<option name="FOREGROUND" value="d25252" />
				<option name="EFFECT_TYPE" value="1" />
				<option name="EFFECT_COLOR" value="d25252" />
			</value>
		</option>
		<option name="DIFF_CONFLICT">
			<value>
				<option name="BACKGROUND" value="550000" />
				<option name="ERROR_STRIPE_COLOR" value="8f5247" />
			</value>
		</option>
		<option name="DIFF_DELETED">
			<value>
				<option name="BACKGROUND" value="484a4a" />
				<option name="ERROR_STRIPE_COLOR" value="656e76" />
			</value>
		</option>
		<option name="DIFF_INSERTED">
			<value>
				<option name="BACKGROUND" value="294436" />
				<option name="ERROR_STRIPE_COLOR" value="447152" />
			</value>
		</option>
		<option name="DIFF_MODIFIED">
			<value>
				<option name="BACKGROUND" value="385570" />
				<option name="ERROR_STRIPE_COLOR" value="43698d" />
			</value>
		</option>
		<option name="DOC_COMMENT_TAG_VALUE">
			<value>
				<option name="FONT_TYPE" value="1" />
				<option name="FOREGROUND" value="88ff" />
			</value>
		</option>
		<option name="DUPLICATE_FROM_SERVER">
			<value>
				<option name="BACKGROUND" value="5e5339" />
			</value>
		</option>
		<option name="ENUM_NAME_ATTRIBUTES">
			<value>
				<option name="FOREGROUND" value="d197d9" />
			</value>
		</option>
		<option name="ERRORS_ATTRIBUTES">
			<value>
				<option name="ERROR_STRIPE_COLOR" value="bc3f3c" />
				<option name="EFFECT_TYPE" value="2" />
				<option name="EFFECT_COLOR" value="bc3f3c" />
			</value>
		</option>
		<option name="EXECUTIONPOINT_ATTRIBUTES">
			<value>
				<option name="BACKGROUND" value="6600" />
			</value>
		</option>
		<option name="FOLDED_TEXT_ATTRIBUTES">
			<value>
				<option name="FOREGROUND" value="ef00ff" />
			</value>
		</option>
		<option name="FOLLOWED_HYPERLINK_ATTRIBUTES">
			<value>
				<option name="FOREGROUND" value="666666" />
				<option name="EFFECT_TYPE" value="1" />
				<option name="EFFECT_COLOR" value="666666" />
			</value>
		</option>
		<option name="GENERIC_SERVER_ERROR_OR_WARNING">
			<value>
				<option name="ERROR_STRIPE_COLOR" value="f49810" />
				<option name="EFFECT_TYPE" value="1" />
				<option name="EFFECT_COLOR" value="f49810" />
			</value>
		</option>
		<option name="GROOVY_KEYWORD">
			<value>
				<option name="FONT_TYPE" value="1" />
				<option name="FOREGROUND" value="43" />
			</value>
		</option>
		<option name="HYPERLINK_ATTRIBUTES">
			<value>
				<option name="FOREGROUND" value="287bde" />
				<option name="EFFECT_TYPE" value="1" />
				<option name="EFFECT_COLOR" value="287bde" />
			</value>
		</option>
		<option name="IDENTIFIER_UNDER_CARET_ATTRIBUTES">
			<value>
				<option name="BACKGROUND" value="886688" />
				<option name="ERROR_STRIPE_COLOR" value="886688" />
			</value>
		</option>
		<option name="IMPLICIT_ANONYMOUS_CLASS_PARAMETER_ATTRIBUTES">
			<value>
				<option name="FOREGROUND" value="d197d9" />
			</value>
		</option>
		<option name="INFO_ATTRIBUTES">
			<value>
				<option name="ERROR_STRIPE_COLOR" value="aeae80" />
				<option name="EFFECT_TYPE" value="2" />
				<option name="EFFECT_COLOR" value="aeae80" />
			</value>
		</option>
		<option name="INJECTED_LANGUAGE_FRAGMENT">
			<value>
				<option name="FOREGROUND" value="ffffff" />
			</value>
		</option>
		<option name="INSTANCE_FIELD_ATTRIBUTES">
			<value>
				<option name="FOREGROUND" value="9effff" />
			</value>
		</option>
		<option name="INTERFACE_NAME_ATTRIBUTES">
			<value>
				<option name="FOREGROUND" value="d197d9" />
			</value>
		</option>
		<option name="Instance property reference ID">
			<value>
				<option name="FOREGROUND" value="660e7a" />
			</value>
		</option>
		<option name="LOG_ERROR_OUTPUT">
			<value>
				<option name="FONT_TYPE" value="1" />
				<option name="FOREGROUND" value="ffee80" />
			</value>
		</option>
		<option name="LOG_EXPIRED_ENTRY">
			<value>
				<option name="FOREGROUND" value="88ff" />
			</value>
		</option>
		<option name="LOG_WARNING_OUTPUT">
			<value>
				<option name="FONT_TYPE" value="1" />
				<option name="FOREGROUND" value="9effff" />
			</value>
		</option>
		<option name="List/map to object conversion">
			<value>
				<option name="FONT_TYPE" value="1" />
				<option name="FOREGROUND" value="ff" />
			</value>
		</option>
		<option name="MAKO$SUBSTITUTION">
			<value>
				<option name="BACKGROUND" value="55" />
			</value>
		</option>
		<option name="MATCHED_BRACE_ATTRIBUTES">
			<value>
				<option name="FOREGROUND" value="ff8647" />
			</value>
		</option>
		<option name="METHOD_DECLARATION_ATTRIBUTES">
			<value>
				<option name="FOREGROUND" value="9eff80" />
			</value>
		</option>
		<option name="Map key">
			<value>
				<option name="FOREGROUND" value="8000" />
			</value>
		</option>
		<option name="NOT_TOP_FRAME_ATTRIBUTES">
			<value>
				<option name="BACKGROUND" value="554455" />
			</value>
		</option>
		<option name="NOT_USED_ELEMENT_ATTRIBUTES">
			<value>
				<option name="FOREGROUND" value="808080" />
				<option name="EFFECT_TYPE" value="2" />
				<option name="EFFECT_COLOR" value="808080" />
			</value>
		</option>
		<option name="PARAMETER_ATTRIBUTES">
			<value>
				<option name="FOREGROUND" value="bfa4a4" />
			</value>
		</option>
		<option name="PY$BUILTIN_NAME">
			<value>
				<option name="FOREGROUND" value="aaddff" />
			</value>
		</option>
		<option name="PY$CLASS_DEFINITION">
			<value>
				<option name="FOREGROUND" value="ffff00" />
				<option name="EFFECT_TYPE" value="1" />
			</value>
		</option>
		<option name="PY$DECORATOR">
			<value>
				<option name="FOREGROUND" value="aaddff" />
			</value>
		</option>
		<option name="PY$DOC_COMMENT">
			<value>
				<option name="FONT_TYPE" value="2" />
				<option name="FOREGROUND" value="aaaadd" />
				<option name="EFFECT_TYPE" value="1" />
			</value>
		</option>
		<option name="PY$FUNC_DEFINITION">
			<value>
				<option name="FOREGROUND" value="ffff00" />
				<option name="EFFECT_TYPE" value="1" />
			</value>
		</option>
		<option name="PY$KEYWORD">
			<value>
				<option name="FONT_TYPE" value="1" />
				<option name="FOREGROUND" value="ffee80" />
			</value>
		</option>
		<option name="PY$KEYWORD_ARGUMENT">
			<value>
				<option name="FOREGROUND" value="aaaadd" />
			</value>
		</option>
		<option name="PY$LINE_COMMENT">
			<value>
				<option name="FONT_TYPE" value="2" />
				<option name="FOREGROUND" value="aaaadd" />
			</value>
		</option>
		<option name="PY$OPERATION_SIGN">
			<value>
				<option name="FOREGROUND" value="ffff44" />
			</value>
		</option>
		<option name="PY$SELF_PARAMETER">
			<value>
				<option name="FOREGROUND" value="ffddff" />
			</value>
		</option>
		<option name="PY$STRING$B">
			<value>
				<option name="FOREGROUND" value="ffffaa" />
			</value>
		</option>
		<option name="PY$STRING$U">
			<value>
				<option name="FOREGROUND" value="22cc55" />
			</value>
		</option>
		<option name="REST$FIXED">
			<value>
				<option name="BACKGROUND" value="ff" />
			</value>
		</option>
		<option name="REST$INLINE">
			<value>
				<option name="BACKGROUND" value="330055" />
			</value>
		</option>
		<option name="REST$INTERPRETED">
			<value>
				<option name="BACKGROUND" value="55" />
			</value>
		</option>
		<option name="SEARCH_RESULT_ATTRIBUTES">
			<value>
				<option name="BACKGROUND" value="aa8800" />
				<option name="ERROR_STRIPE_COLOR" value="0" />
			</value>
		</option>
		<option name="STATIC_FIELD_ATTRIBUTES">
			<value>
				<option name="FOREGROUND" value="efc090" />
			</value>
		</option>
		<option name="STATIC_METHOD_ATTRIBUTES">
			<value>
				<option name="FONT_TYPE" value="3" />
				<option name="FOREGROUND" value="ff4600" />
				<option name="EFFECT_TYPE" value="1" />
			</value>
		</option>
		<option name="Static property reference ID">
			<value>
				<option name="FONT_TYPE" value="2" />
				<option name="FOREGROUND" value="660e7a" />
			</value>
		</option>
		<option name="TEMPLATE_VARIABLE_ATTRIBUTES">
			<value>
				<option name="FOREGROUND" value="ffffff" />
			</value>
		</option>
		<option name="TEXT">
			<value>
				<option name="FOREGROUND" value="ffffdd" />
				<option name="BACKGROUND" value="311d40" />
			</value>
		</option>
		<option name="TEXT_SEARCH_RESULT_ATTRIBUTES">
			<value>
				<option name="FOREGROUND" value="0" />
				<option name="BACKGROUND" value="aa8800" />
				<option name="ERROR_STRIPE_COLOR" value="d8d8d8" />
			</value>
		</option>
		<option name="TODO_DEFAULT_ATTRIBUTES">
			<value>
				<option name="FONT_TYPE" value="2" />
				<option name="FOREGROUND" value="a8c023" />
				<option name="ERROR_STRIPE_COLOR" value="a74c0" />
			</value>
		</option>
		<option name="TYPE_PARAMETER_NAME_ATTRIBUTES">
			<value>
				<option name="FOREGROUND" value="bfa4a4" />
			</value>
		</option>
		<option name="TYPO">
			<value>
				<option name="FONT_TYPE" value="2" />
				<option name="FOREGROUND" value="867f27" />
				<option name="EFFECT_TYPE" value="1" />
			</value>
		</option>
		<option name="UNMATCHED_BRACE_ATTRIBUTES">
			<value>
				<option name="FOREGROUND" value="d1243b" />
			</value>
		</option>
		<option name="Unresolved reference access">
			<value>
				<option name="FOREGROUND" value="0" />
				<option name="EFFECT_TYPE" value="1" />
				<option name="EFFECT_COLOR" value="808080" />
			</value>
		</option>
		<option name="WARNING_ATTRIBUTES">
			<value>
				<option name="BACKGROUND" value="52503a" />
				<option name="ERROR_STRIPE_COLOR" value="8c8c00" />
				<option name="EFFECT_TYPE" value="2" />
			</value>
		</option>
		<option name="WRITE_IDENTIFIER_UNDER_CARET_ATTRIBUTES">
			<value>
				<option name="BACKGROUND" value="881155" />
				<option name="ERROR_STRIPE_COLOR" value="881155" />
			</value>
		</option>
		<option name="WRITE_SEARCH_RESULT_ATTRIBUTES">
			<value>
				<option name="FOREGROUND" value="0" />
				<option name="BACKGROUND" value="aa8800" />
			</value>
		</option>
		<option name="WRONG_REFERENCES_ATTRIBUTES">
			<value>
				<option name="FOREGROUND" value="bc3f3c" />
			</value>
		</option>
	</attributes>
</scheme>