<?xml version="1.0" encoding="UTF-8"?>
<scheme name="RiderLight" version="1" parent_scheme="Default">
	<option name="LINE_SPACING" value="1.0" />
	<option name="EDITOR_FONT_SIZE" value="12" />
	<option name="EDITOR_FONT_NAME" value="Menlo" />
	<colors>
		<option name="ADDED_LINES_COLOR" value="e1eddc" />
		<option name="ANNOTATIONS_COLOR" value="000000" />
		<option name="BORDER_LINES_COLOR" value="FFFFFF" />
		<option name="CARET_COLOR" value="000000" />
		<option name="CARET_ROW_COLOR" value="F0F4F4" />
		<option name="CONSOLE_BACKGROUND_KEY" value="F8F8F8" />
		<option name="DELETED_LINES_COLOR" value="E87266" />
		<option name="DOCUMENTATION_COLOR" value="FFFFFF" />
		<option name="ERROR_HINT" value="ffeae8" />
		<option name="GUTTER_BACKGROUND" value="FFFFFF" />
		<option name="HTML_TAG_TREE_LEVEL0" value="ff0000" />
		<option name="HTML_TAG_TREE_LEVEL1" value="ffff00" />
		<option name="HTML_TAG_TREE_LEVEL2" value="00ff00" />
		<option name="HTML_TAG_TREE_LEVEL3" value="00ffff" />
		<option name="HTML_TAG_TREE_LEVEL4" value="0000ff" />
		<option name="HTML_TAG_TREE_LEVEL5" value="ff00ff" />
		<option name="INDENT_GUIDE" value="E0E0E0" />
		<option name="INFORMATION_HINT" value="F8F8F4" />
		<option name="LINE_NUMBERS_COLOR" value="A0A0A0" />
		<option name="METHOD_SEPARATORS_COLOR" value="E0E0E0" />
		<option name="MODIFIED_LINES_COLOR" value="dae4f7" />
		<option name="NOTIFICATION_BACKGROUND" value="faefe1" />
		<option name="QUESTION_HINT" value="faefe1" />
		<option name="READONLY_BACKGROUND" value="F8F8F4" />
		<option name="READONLY_FRAGMENT_BACKGROUND" value="F8F8F4" />
		<option name="RECURSIVE_CALL_ATTRIBUTES" value="DB946E" />
		<option name="RIGHT_MARGIN_COLOR" value="E0E0E0" />
		<option name="SELECTED_INDENT_GUIDE" value="C1C1C1" />
		<option name="SELECTED_TEARLINE_COLOR" value="C1C1C1" />
		<option name="SELECTION_BACKGROUND" value="b8d9ff" />
		<option name="SOFT_WRAP_SIGN_COLOR" value="A0A0A0" />
		<option name="TEARLINE_COLOR" value="E0E0E0" />
		<option name="VCS_ANNOTATIONS_COLOR_1" value="e1eddc" />
		<option name="VCS_ANNOTATIONS_COLOR_2" value="E3ECE3" />
		<option name="VCS_ANNOTATIONS_COLOR_3" value="EBEBEB" />
		<option name="VCS_ANNOTATIONS_COLOR_4" value="F5EBEA" />
		<option name="VCS_ANNOTATIONS_COLOR_5" value="ffeae8" />
		<option name="WHITESPACES" value="D0D0D0" />
		<option name="WHITESPACES_MODIFIED_LINES_COLOR" value="faefe1" />
		<option name="SELECTION_FOREGROUND" value="000000" />
		<option name="ScrollBar$background" value="E8E8E8" />
		<option name="ScrollBar$trackColor" value="E8E8E8" />
		<option name="ScrollBar$thumbColor" value="88889940" />
		<option name="ScrollBar$thumbBorderColor" value="88889940" />
		<option name="ScrollBar$hoverTrackColor" value="E8E8E8" />
		<option name="ScrollBar$hoverThumbColor" value="888899" />
		<option name="ScrollBar$hoverThumbBorderColor" value="888899" />
		<option name="ScrollBar$Transparent$trackColor" value="E8E8E800" />
		<option name="ScrollBar$Transparent$thumbColor" value="88889940" />
		<option name="ScrollBar$Transparent$thumbBorderColor" value="88889940" />
		<option name="ScrollBar$Transparent$hoverTrackColor" value="E8E8E800" />
		<option name="ScrollBar$Transparent$hoverThumbColor" value="888899" />
		<option name="ScrollBar$Transparent$hoverThumbBorderColor" value="888899" />
		<option name="ScrollBar$Mac$trackColor" value="E8E8E8" />
		<option name="ScrollBar$Mac$thumbColor" value="88889940" />
		<option name="ScrollBar$Mac$thumbBorderColor" value="88889940" />
		<option name="ScrollBar$Mac$hoverTrackColor" value="E8E8E8" />
		<option name="ScrollBar$Mac$hoverThumbColor" value="888899" />
		<option name="ScrollBar$Mac$hoverThumbBorderColor" value="888899" />
		<option name="ScrollBar$Mac$Transparent$trackColor" value="E8E8E800" />
		<option name="ScrollBar$Mac$Transparent$thumbColor" value="88889940" />
		<option name="ScrollBar$Mac$Transparent$thumbBorderColor" value="88889940" />
		<option name="ScrollBar$Mac$Transparent$hoverTrackColor" value="E8E8E800" />
		<option name="ScrollBar$Mac$Transparent$hoverThumbColor" value="888899" />
		<option name="ScrollBar$Mac$Transparent$hoverThumbBorderColor" value="888899" />
		<option name="FOLDED_TEXT_BORDER_COLOR" value="E0E0E0" />
	</colors>
	<attributes>
		<option name="BAD_CHARACTER">
			<value>
				<option name="EFFECT_TYPE" value="2" />
				<option name="EFFECT_COLOR" value="D91400" />
			</value>
		</option>
		<option name="BOOKMARKS_ATTRIBUTES">
			<value>
				<option name="ERROR_STRIPE_COLOR" value="000000" />
			</value>
		</option>
		<option name="BREADCRUMBS_CURRENT">
			<value>
				<option name="FOREGROUND" value="000000" />
				<option name="BACKGROUND" value="dae4f7" />
			</value>
		</option>
		<option name="BREADCRUMBS_DEFAULT">
			<value>
				<option name="FOREGROUND" value="000000" />
				<option name="BACKGROUND" value="FFFFFF" />
			</value>
		</option>
		<option name="BREADCRUMBS_HOVERED">
			<value>
				<option name="FOREGROUND" value="000000" />
				<option name="BACKGROUND" value="dae4f7" />
			</value>
		</option>
		<option name="BREADCRUMBS_INACTIVE">
			<value>
				<option name="FOREGROUND" value="000000" />
				<option name="BACKGROUND" value="dae4f7" />
			</value>
		</option>
		<option name="BREAKPOINT_ATTRIBUTES">
			<value>
				<option name="BACKGROUND" value="ffeae8" />
			</value>
		</option>
		<option name="CODE_VISION_DEFAULT">
			<value>
				<option name="FOREGROUND" value="707070" />
			</value>
		</option>
		<option name="CODE_VISION_HOVERED">
			<value>
				<option name="FOREGROUND" value="0F54D6" />
				<option name="EFFECT_TYPE" value="1" />
			</value>
		</option>
		<option name="CONSOLE_BLACK_OUTPUT">
			<value>
				<option name="FOREGROUND" value="383838" />
			</value>
		</option>
		<option name="CONSOLE_BLUE_BRIGHT_OUTPUT">
			<value>
				<option name="FOREGROUND" value="0E3E9E" />
			</value>
		</option>
		<option name="CONSOLE_BLUE_OUTPUT">
			<value>
				<option name="FOREGROUND" value="0F54D6" />
			</value>
		</option>
		<option name="CONSOLE_CYAN_BRIGHT_OUTPUT">
			<value>
				<option name="FOREGROUND" value="005C43" />
			</value>
		</option>
		<option name="CONSOLE_CYAN_OUTPUT">
			<value>
				<option name="FOREGROUND" value="00855F" />
			</value>
		</option>
		<option name="CONSOLE_ERROR_OUTPUT">
			<value>
				<option name="FOREGROUND" value="D91400" />
			</value>
		</option>
		<option name="CONSOLE_GRAY_OUTPUT">
			<value>
				<option name="FOREGROUND" value="A0A0A0" />
			</value>
		</option>
		<option name="CONSOLE_GREEN_BRIGHT_OUTPUT">
			<value>
				<option name="FOREGROUND" value="144700" />
			</value>
		</option>
		<option name="CONSOLE_GREEN_OUTPUT">
			<value>
				<option name="FOREGROUND" value="217303" />
			</value>
		</option>
		<option name="CONSOLE_MAGENTA_BRIGHT_OUTPUT">
			<value>
				<option name="FOREGROUND" value="61005E" />
			</value>
		</option>
		<option name="CONSOLE_MAGENTA_OUTPUT">
			<value>
				<option name="FOREGROUND" value="941290" />
			</value>
		</option>
		<option name="CONSOLE_NORMAL_OUTPUT">
			<value>
				<option name="FOREGROUND" value="383838" />
			</value>
		</option>
		<option name="CONSOLE_PARAMETER">
			<value>
				<option name="FOREGROUND" value="000000" />
			</value>
		</option>
		<option name="CONSOLE_RANGE_TO_EXECUTE">
			<value>
				<option name="EFFECT_COLOR" value="217303" />
			</value>
		</option>
		<option name="CONSOLE_RED_BRIGHT_OUTPUT">
			<value>
				<option name="FOREGROUND" value="AD0F00" />
			</value>
		</option>
		<option name="CONSOLE_RED_OUTPUT">
			<value>
				<option name="FOREGROUND" value="D91400" />
			</value>
		</option>
		<option name="CONSOLE_SELECTED_PARAMETER">
			<value>
				<option name="BACKGROUND" value="d1f6ff" />
				<option name="ERROR_STRIPE_COLOR" value="0088AB" />
				<option name="EFFECT_COLOR" value="0088AB" />
			</value>
		</option>
		<option name="CONSOLE_SYSTEM_OUTPUT">
			<value>
				<option name="FOREGROUND" value="383838" />
			</value>
		</option>
		<option name="CONSOLE_USER_INPUT">
			<value>
				<option name="FONT_TYPE" value="2" />
				<option name="FOREGROUND" value="0F54D6" />
			</value>
		</option>
		<option name="CONSOLE_WHITE_OUTPUT">
			<value>
				<option name="FOREGROUND" value="D0D0D0" />
			</value>
		</option>
		<option name="CONSOLE_YELLOW_BRIGHT_OUTPUT">
			<value>
				<option name="FOREGROUND" value="7A6200" />
			</value>
		</option>
		<option name="CONSOLE_YELLOW_OUTPUT">
			<value>
				<option name="FOREGROUND" value="AB8A00" />
			</value>
		</option>
		<option name="CSS$BAD_CHARACTER">
			<value>
				<option name="EFFECT_TYPE" value="2" />
				<option name="EFFECT_COLOR" value="D91400" />
			</value>
		</option>
		<option name="CSS$BRACES">
			<value>
				<option name="FOREGROUND" value="383838" />
			</value>
		</option>
		<option name="CSS$BRACKETS">
			<value>
				<option name="FOREGROUND" value="383838" />
			</value>
		</option>
		<option name="CSS$COLON">
			<value>
				<option name="FOREGROUND" value="383838" />
			</value>
		</option>
		<option name="CSS$COLOR">
			<value>
				<option name="FOREGROUND" value="144700" />
			</value>
		</option>
		<option name="CSS$COMMA">
			<value>
				<option name="FOREGROUND" value="383838" />
			</value>
		</option>
		<option name="CSS$COMMENT">
			<value>
				<option name="FONT_TYPE" value="2" />
				<option name="FOREGROUND" value="217303" />
			</value>
		</option>
		<option name="CSS$DOT">
			<value>
				<option name="FOREGROUND" value="383838" />
			</value>
		</option>
		<option name="CSS$FUNCTION">
			<value>
				<option name="FOREGROUND" value="00855F" />
			</value>
		</option>
		<option name="CSS$IDENT">
			<value>
				<option name="FOREGROUND" value="6B2FBA" />
			</value>
		</option>
		<option name="CSS$IMPORTANT">
			<value>
				<option name="FOREGROUND" value="C7182B" />
			</value>
		</option>
		<option name="CSS$KEYWORD">
			<value>
				<option name="FOREGROUND" value="6B2FBA" />
			</value>
		</option>
		<option name="CSS$NUMBER">
			<value>
				<option name="FOREGROUND" value="9E1958" />
			</value>
		</option>
		<option name="CSS$OPERATORS">
			<value>
				<option name="FOREGROUND" value="383838" />
			</value>
		</option>
		<option name="CSS$PARENTHESES">
			<value>
				<option name="FOREGROUND" value="383838" />
			</value>
		</option>
		<option name="CSS$PROPERTY_NAME">
			<value>
				<option name="FOREGROUND" value="0F54D6" />
			</value>
		</option>
		<option name="CSS$PROPERTY_VALUE">
			<value>
				<option name="FOREGROUND" value="000000" />
			</value>
		</option>
		<option name="CSS$PSEUDO">
			<value>
				<option name="FONT_TYPE" value="2" />
				<option name="FOREGROUND" value="6B2FBA" />
			</value>
		</option>
		<option name="CSS$SEMICOLON">
			<value>
				<option name="FOREGROUND" value="383838" />
			</value>
		</option>
		<option name="CSS$STRING">
			<value>
				<option name="FOREGROUND" value="9C5800" />
			</value>
		</option>
		<option name="CSS$TAG_NAME">
			<value>
				<option name="FOREGROUND" value="6B2FBA" />
			</value>
		</option>
		<option name="CSS$UNICODE$RANGE">
			<value>
				<option name="FOREGROUND" value="217303" />
			</value>
		</option>
		<option name="CSS$URL">
			<value>
				<option name="FOREGROUND" value="0F54D6" />
				<option name="EFFECT_TYPE" value="1" />
				<option name="EFFECT_COLOR" value="0F54D6" />
			</value>
		</option>
		<option name="CTRL_CLICKABLE">
			<value>
				<option name="FOREGROUND" value="0F54D6" />
				<option name="EFFECT_TYPE" value="1" />
				<option name="EFFECT_COLOR" value="0F54D6" />
			</value>
		</option>
		<option name="CUSTOM_INVALID_STRING_ESCAPE_ATTRIBUTES">
			<value>
				<option name="FOREGROUND" value="6B3E00" />
				<option name="EFFECT_TYPE" value="2" />
				<option name="EFFECT_COLOR" value="D91400" />
			</value>
		</option>
		<option name="CUSTOM_KEYWORD1_ATTRIBUTES">
			<value>
				<option name="FOREGROUND" value="9C5800" />
			</value>
		</option>
		<option name="CUSTOM_KEYWORD2_ATTRIBUTES">
			<value>
				<option name="FOREGROUND" value="6B2FBA" />
			</value>
		</option>
		<option name="CUSTOM_KEYWORD3_ATTRIBUTES">
			<value>
				<option name="FOREGROUND" value="00855F" />
			</value>
		</option>
		<option name="CUSTOM_KEYWORD4_ATTRIBUTES">
			<value>
				<option name="FOREGROUND" value="C7182B" />
				<option name="EFFECT_TYPE" value="1" />
			</value>
		</option>
		<option name="CUSTOM_LINE_COMMENT_ATTRIBUTES">
			<value>
				<option name="FOREGROUND" value="217303" />
			</value>
		</option>
		<option name="CUSTOM_MULTI_LINE_COMMENT_ATTRIBUTES">
			<value>
				<option name="FOREGROUND" value="217303" />
			</value>
		</option>
		<option name="CUSTOM_NUMBER_ATTRIBUTES">
			<value>
				<option name="FOREGROUND" value="9E1958" />
			</value>
		</option>
		<option name="CUSTOM_STRING_ATTRIBUTES">
			<value>
				<option name="FOREGROUND" value="9C5800" />
			</value>
		</option>
		<option name="CUSTOM_VALID_STRING_ESCAPE_ATTRIBUTES">
			<value>
				<option name="FOREGROUND" value="6B3E00" />
			</value>
		</option>
		<option name="DEBUGGER_INLINED_VALUES">
			<value>
				<option name="FONT_TYPE" value="2" />
				<option name="FOREGROUND" value="8FBD7F" />
			</value>
		</option>
		<option name="DEBUGGER_INLINED_VALUES_EXECUTION_LINE">
			<value>
				<option name="FONT_TYPE" value="2" />
				<option name="FOREGROUND" value="217303" />
			</value>
		</option>
		<option name="DEBUGGER_INLINED_VALUES_MODIFIED">
			<value>
				<option name="FONT_TYPE" value="2" />
				<option name="FOREGROUND" value="144700" />
			</value>
		</option>
		<option name="DEFAULT_ATTRIBUTE">
			<value>
				<option name="FOREGROUND" value="217303" />
			</value>
		</option>
		<option name="DEFAULT_BLOCK_COMMENT">
			<value>
				<option name="FONT_TYPE" value="2" />
				<option name="FOREGROUND" value="217303" />
			</value>
		</option>
		<option name="DEFAULT_BRACES">
			<value>
				<option name="FOREGROUND" value="383838" />
			</value>
		</option>
		<option name="DEFAULT_BRACKETS">
			<value>
				<option name="FOREGROUND" value="383838" />
			</value>
		</option>
		<option name="DEFAULT_CLASS_NAME">
			<value>
				<option name="FOREGROUND" value="6B2FBA" />
			</value>
		</option>
		<option name="DEFAULT_CLASS_REFERENCE">
			<value>
				<option name="FOREGROUND" value="6B2FBA" />
			</value>
		</option>
		<option name="DEFAULT_COMMA">
			<value>
				<option name="FOREGROUND" value="383838" />
			</value>
		</option>
		<option name="DEFAULT_CONSTANT">
			<value>
				<option name="FONT_TYPE" value="1" />
				<option name="FOREGROUND" value="0088AB" />
			</value>
		</option>
		<option name="DEFAULT_DOC_COMMENT">
			<value>
				<option name="FONT_TYPE" value="2" />
				<option name="FOREGROUND" value="217303" />
			</value>
		</option>
		<option name="DEFAULT_DOC_COMMENT_TAG">
			<value>
				<option name="FOREGROUND" value="8FBD7F" />
			</value>
		</option>
		<option name="DEFAULT_DOC_COMMENT_TAG_VALUE">
			<value>
				<option name="FOREGROUND" value="9C5800" />
			</value>
		</option>
		<option name="DEFAULT_DOC_MARKUP">
			<value>
				<option name="FOREGROUND" value="8FBD7F" />
			</value>
		</option>
		<option name="DEFAULT_DOT">
			<value>
				<option name="FOREGROUND" value="383838" />
			</value>
		</option>
		<option name="DEFAULT_ENTITY">
			<value>
				<option name="FOREGROUND" value="6B3E00" />
			</value>
		</option>
		<option name="DEFAULT_FUNCTION_CALL">
			<value>
				<option name="FOREGROUND" value="00855F" />
			</value>
		</option>
		<option name="DEFAULT_FUNCTION_DECLARATION">
			<value>
				<option name="FOREGROUND" value="00855F" />
			</value>
		</option>
		<option name="DEFAULT_GLOBAL_VARIABLE">
			<value>
				<option name="FOREGROUND" value="000000" />
			</value>
		</option>
		<option name="DEFAULT_IDENTIFIER">
			<value>
				<option name="FOREGROUND" value="383838" />
			</value>
		</option>
		<option name="DEFAULT_INSTANCE_FIELD">
			<value>
				<option name="FOREGROUND" value="0088AB" />
			</value>
		</option>
		<option name="DEFAULT_INSTANCE_METHOD">
			<value>
				<option name="FOREGROUND" value="00855F" />
			</value>
		</option>
		<option name="DEFAULT_INTERFACE_NAME">
			<value>
				<option name="FOREGROUND" value="6B2FBA" />
			</value>
		</option>
		<option name="DEFAULT_INVALID_STRING_ESCAPE">
			<value>
				<option name="FOREGROUND" value="6B3E00" />
				<option name="EFFECT_TYPE" value="2" />
				<option name="EFFECT_COLOR" value="D91400" />
			</value>
		</option>
		<option name="DEFAULT_KEYWORD">
			<value>
				<option name="FOREGROUND" value="0F54D6" />
			</value>
		</option>
		<option name="DEFAULT_LABEL">
			<value>
				<option name="FONT_TYPE" value="1" />
				<option name="FOREGROUND" value="000000" />
			</value>
		</option>
		<option name="DEFAULT_LINE_COMMENT">
			<value>
				<option name="FONT_TYPE" value="2" />
				<option name="FOREGROUND" value="217303" />
			</value>
		</option>
		<option name="DEFAULT_LOCAL_VARIABLE">
			<value>
				<option name="FOREGROUND" value="000000" />
			</value>
		</option>
		<option name="DEFAULT_METADATA">
			<value>
				<option name="FOREGROUND" value="6B2FBA" />
			</value>
		</option>
		<option name="DEFAULT_NUMBER">
			<value>
				<option name="FOREGROUND" value="9E1958" />
			</value>
		</option>
		<option name="DEFAULT_OPERATION_SIGN">
			<value>
				<option name="FOREGROUND" value="383838" />
			</value>
		</option>
		<option name="DEFAULT_PARAMETER">
			<value>
				<option name="FOREGROUND" value="383838" />
			</value>
		</option>
		<option name="DEFAULT_PARENTHS">
			<value>
				<option name="FOREGROUND" value="383838" />
			</value>
		</option>
		<option name="DEFAULT_PREDEFINED_SYMBOL">
			<value>
				<option name="FOREGROUND" value="000000" />
			</value>
		</option>
		<option name="DEFAULT_REASSIGNED_LOCAL_VARIABLE">
			<value>
				<option name="FOREGROUND" value="000000" />
				<option name="EFFECT_TYPE" value="1" />
				<option name="EFFECT_COLOR" value="383838" />
			</value>
		</option>
		<option name="DEFAULT_SEMICOLON">
			<value>
				<option name="FOREGROUND" value="383838" />
			</value>
		</option>
		<option name="DEFAULT_STATIC_FIELD">
			<value>
				<option name="FOREGROUND" value="0088AB" />
			</value>
		</option>
		<option name="DEFAULT_STATIC_METHOD">
			<value>
				<option name="FOREGROUND" value="00855F" />
			</value>
		</option>
		<option name="DEFAULT_STRING">
			<value>
				<option name="FOREGROUND" value="9C5800" />
			</value>
		</option>
		<option name="DEFAULT_TAG">
			<value>
				<option name="FOREGROUND" value="6B2FBA" />
			</value>
		</option>
		<option name="DEFAULT_TEMPLATE_LANGUAGE_COLOR">
			<value>
				<option name="FOREGROUND" value="000000" />
				<option name="BACKGROUND" value="E0E0E0" />
			</value>
		</option>
		<option name="DEFAULT_VALID_STRING_ESCAPE">
			<value>
				<option name="FOREGROUND" value="6B3E00" />
			</value>
		</option>
		<option name="DELETED_TEXT_ATTRIBUTES">
			<value>
				<option name="FOREGROUND" value="000000" />
				<option name="EFFECT_TYPE" value="3" />
				<option name="EFFECT_COLOR" value="D91400" />
			</value>
		</option>
		<option name="DEPRECATED_ATTRIBUTES">
			<value>
				<option name="EFFECT_TYPE" value="3" />
				<option name="EFFECT_COLOR" value="7A6200" />
			</value>
		</option>
		<option name="DIFF_CONFLICT">
			<value>
				<option name="BACKGROUND" value="ffeae8" />
				<option name="ERROR_STRIPE_COLOR" value="E87266" />
			</value>
		</option>
		<option name="DIFF_DELETED">
			<value>
				<option name="BACKGROUND" value="f1e6ff" />
				<option name="ERROR_STRIPE_COLOR" value="B190DE" />
			</value>
		</option>
		<option name="DIFF_INSERTED">
			<value>
				<option name="BACKGROUND" value="e1eddc" />
				<option name="ERROR_STRIPE_COLOR" value="8FBD7F" />
			</value>
		</option>
		<option name="DIFF_MODIFIED">
			<value>
				<option name="BACKGROUND" value="dae4f7" />
				<option name="ERROR_STRIPE_COLOR" value="80AAFF" />
			</value>
		</option>
		<option name="DOCKER_BRACKETS">
			<value>
				<option name="FOREGROUND" value="383838" />
			</value>
		</option>
		<option name="DOCKER_COMMA">
			<value>
				<option name="FOREGROUND" value="383838" />
			</value>
		</option>
		<option name="DOCKER_COMMENTS">
			<value>
				<option name="FONT_TYPE" value="2" />
				<option name="FOREGROUND" value="217303" />
			</value>
		</option>
		<option name="DOCKER_DOT">
			<value>
				<option name="FOREGROUND" value="383838" />
			</value>
		</option>
		<option name="DOCKER_KEYWORD">
			<value>
				<option name="FOREGROUND" value="0F54D6" />
			</value>
		</option>
		<option name="DOCKER_NUMBER">
			<value>
				<option name="FOREGROUND" value="9E1958" />
			</value>
		</option>
		<option name="DOCKER_PARENTH">
			<value>
				<option name="FOREGROUND" value="383838" />
			</value>
		</option>
		<option name="DOCKER_STRING">
			<value>
				<option name="FOREGROUND" value="9C5800" />
			</value>
		</option>
		<option name="DOCKER_VARIABLE">
			<value>
				<option name="FOREGROUND" value="000000" />
			</value>
		</option>
		<option name="DUPLICATE_FROM_SERVER">
			<value>
				<option name="BACKGROUND" value="f7f0d2" />
			</value>
		</option>
		<option name="ERRORS_ATTRIBUTES">
			<value>
				<option name="ERROR_STRIPE_COLOR" value="D91400" />
				<option name="EFFECT_TYPE" value="2" />
				<option name="EFFECT_COLOR" value="D91400" />
			</value>
		</option>
		<option name="EXECUTIONPOINT_ATTRIBUTES">
			<value>
				<option name="FONT_TYPE" value="1" />
				<option name="BACKGROUND" value="f7f0d2" />
				<option name="EFFECT_COLOR" value="AB8A00" />
			</value>
		</option>
		<option name="FOLDED_TEXT_ATTRIBUTES">
			<value>
				<option name="FOREGROUND" value="A0A0A0" />
				<option name="BACKGROUND" value="F8F8F4" />
				<option name="EFFECT_COLOR" value="E0E0E0" />
			</value>
		</option>
		<option name="FOLLOWED_HYPERLINK_ATTRIBUTES">
			<value>
				<option name="FOREGROUND" value="0F54D6" />
				<option name="EFFECT_TYPE" value="1" />
				<option name="EFFECT_COLOR" value="0F54D6" />
			</value>
		</option>
		<option name="GENERIC_SERVER_ERROR_OR_WARNING">
			<value>
				<option name="ERROR_STRIPE_COLOR" value="9C5800" />
				<option name="EFFECT_TYPE" value="1" />
				<option name="EFFECT_COLOR" value="9C5800" />
			</value>
		</option>
		<option name="GRID_ERROR_VALUE">
			<value>
				<option name="ERROR_STRIPE_COLOR" value="D91400" />
				<option name="EFFECT_TYPE" value="2" />
				<option name="EFFECT_COLOR" value="D91400" />
			</value>
		</option>
		<option name="GRID_IMAGE_VALUE">
			<value>
				<option name="FOREGROUND" value="000000" />
				<option name="BACKGROUND" value="E0E0E0" />
				<option name="EFFECT_COLOR" value="A0A0A0" />
			</value>
		</option>
		<option name="GRID_NULL_VALUE">
			<value>
				<option name="FONT_TYPE" value="2" />
				<option name="FOREGROUND" value="9C5800" />
			</value>
		</option>
		<option name="HTML_ATTRIBUTE_NAME">
			<value>
				<option name="FOREGROUND" value="217303" />
			</value>
		</option>
		<option name="HTML_ATTRIBUTE_VALUE">
			<value>
				<option name="FOREGROUND" value="9C5800" />
			</value>
		</option>
		<option name="HTML_CODE">
			<value>
				<option name="FOREGROUND" value="383838" />
			</value>
		</option>
		<option name="HTML_COMMENT">
			<value>
				<option name="FONT_TYPE" value="2" />
				<option name="FOREGROUND" value="217303" />
			</value>
		</option>
		<option name="HTML_ENTITY_REFERENCE">
			<value>
				<option name="FOREGROUND" value="6B3E00" />
			</value>
		</option>
		<option name="HTML_TAG">
			<value>
				<option name="FOREGROUND" value="6B2FBA" />
			</value>
		</option>
		<option name="HTML_TAG_NAME">
			<value>
				<option name="FOREGROUND" value="6B2FBA" />
			</value>
		</option>
		<option name="HYPERLINK_ATTRIBUTES">
			<value>
				<option name="FOREGROUND" value="0F54D6" />
				<option name="EFFECT_TYPE" value="1" />
				<option name="EFFECT_COLOR" value="0F54D6" />
			</value>
		</option>
		<option name="IDENT">
			<value>
			</value>
		</option>
		<option name="IDENTIFIER_UNDER_CARET_ATTRIBUTES">
			<value>
				<option name="BACKGROUND" value="c7f5e8" />
				<option name="ERROR_STRIPE_COLOR" value="005C43" />
			</value>
		</option>
		<option name="INFO_ATTRIBUTES">
			<value>
				<option name="ERROR_STRIPE_COLOR" value="DBC363" />
				<option name="EFFECT_TYPE" value="2" />
				<option name="EFFECT_COLOR" value="DBC363" />
			</value>
		</option>
		<option name="INJECTED_LANGUAGE_FRAGMENT">
			<value>
				<option name="FOREGROUND" value="383838" />
				<option name="BACKGROUND" value="F8F8F4" />
				<option name="EFFECT_COLOR" value="E0E0E0" />
			</value>
		</option>
		<option name="INLINE_PARAMETER_HINT">
			<value>
				<option name="FOREGROUND" value="707070" />
				<option name="BACKGROUND" value="EBEBEB" />
				<option name="EFFECT_COLOR" value="A0A0A0" />
			</value>
		</option>
		<option name="INLINE_PARAMETER_HINT_CURRENT">
			<value>
				<option name="FOREGROUND" value="383838" />
				<option name="BACKGROUND" value="EBEBEB" />
			</value>
		</option>
		<option name="INLINE_PARAMETER_HINT_HIGHLIGHTED">
			<value>
				<option name="FOREGROUND" value="383838" />
				<option name="BACKGROUND" value="dae4f7" />
			</value>
		</option>
		<option name="JS$BADCHARACTER">
			<value>
				<option name="EFFECT_TYPE" value="2" />
				<option name="EFFECT_COLOR" value="D91400" />
			</value>
		</option>
		<option name="JS$BLOCK_COMMENT">
			<value>
				<option name="FONT_TYPE" value="2" />
				<option name="FOREGROUND" value="217303" />
			</value>
		</option>
		<option name="JS$BRACES">
			<value>
				<option name="FOREGROUND" value="383838" />
			</value>
		</option>
		<option name="JS$BRACKETS">
			<value>
				<option name="FOREGROUND" value="383838" />
			</value>
		</option>
		<option name="JS$CLASS">
			<value>
				<option name="FOREGROUND" value="6B2FBA" />
			</value>
		</option>
		<option name="JS$COMMA">
			<value>
				<option name="FOREGROUND" value="383838" />
			</value>
		</option>
		<option name="JS$DOC_COMMENT">
			<value>
				<option name="FONT_TYPE" value="2" />
				<option name="FOREGROUND" value="217303" />
			</value>
		</option>
		<option name="JS$DOC_MARKUP">
			<value>
				<option name="FOREGROUND" value="8FBD7F" />
			</value>
		</option>
		<option name="JS$DOC_TAG">
			<value>
				<option name="FOREGROUND" value="383838" />
			</value>
		</option>
		<option name="JS$DOT">
			<value>
				<option name="FOREGROUND" value="383838" />
			</value>
		</option>
		<option name="JS$FUNCTION_ARROW">
			<value>
				<option name="FOREGROUND" value="00855F" />
			</value>
		</option>
		<option name="JS$GLOBAL_FUNCTION">
			<value>
				<option name="FOREGROUND" value="00855F" />
			</value>
		</option>
		<option name="JS$GLOBAL_VARIABLE">
			<value>
				<option name="FOREGROUND" value="000000" />
			</value>
		</option>
		<option name="JS$INSTANCE_MEMBER_FUNCTION">
			<value>
				<option name="FOREGROUND" value="00855F" />
			</value>
		</option>
		<option name="JS$INSTANCE_MEMBER_VARIABLE">
			<value>
				<option name="FOREGROUND" value="0088AB" />
			</value>
		</option>
		<option name="JS$INVALID_STRING_ESCAPE">
			<value>
				<option name="FOREGROUND" value="6B3E00" />
				<option name="EFFECT_TYPE" value="2" />
				<option name="EFFECT_COLOR" value="D91400" />
			</value>
		</option>
		<option name="JS$KEYWORD">
			<value>
				<option name="FOREGROUND" value="0F54D6" />
			</value>
		</option>
		<option name="JS$LABEL">
			<value>
				<option name="FONT_TYPE" value="1" />
				<option name="FOREGROUND" value="000000" />
			</value>
		</option>
		<option name="JS$LINE_COMMENT">
			<value>
				<option name="FONT_TYPE" value="2" />
				<option name="FOREGROUND" value="217303" />
			</value>
		</option>
		<option name="JS$LOCAL_VARIABLE">
			<value>
				<option name="FOREGROUND" value="000000" />
			</value>
		</option>
		<option name="JS$MODULE_NAME">
			<value>
				<option name="FOREGROUND" value="6B2FBA" />
			</value>
		</option>
		<option name="JS$NUMBER">
			<value>
				<option name="FOREGROUND" value="9E1958" />
			</value>
		</option>
		<option name="JS$OPERATION_SIGN">
			<value>
				<option name="FOREGROUND" value="383838" />
			</value>
		</option>
		<option name="JS$PARAMETER">
			<value>
				<option name="FOREGROUND" value="383838" />
			</value>
		</option>
		<option name="JS$PARENTHS">
			<value>
				<option name="FOREGROUND" value="383838" />
			</value>
		</option>
		<option name="JS$REGEXP">
			<value>
				<option name="FOREGROUND" value="6B3E00" />
				<option name="BACKGROUND" value="E0E0E0" />
			</value>
		</option>
		<option name="JS$SEMICOLON">
			<value>
				<option name="FOREGROUND" value="383838" />
			</value>
		</option>
		<option name="JS$STATIC_MEMBER_FUNCTION">
			<value>
				<option name="FOREGROUND" value="00855F" />
			</value>
		</option>
		<option name="JS$STATIC_MEMBER_VARIABLE">
			<value>
				<option name="FOREGROUND" value="0088AB" />
			</value>
		</option>
		<option name="JS$STRING">
			<value>
				<option name="FOREGROUND" value="9C5800" />
			</value>
		</option>
		<option name="JS$VALID_STRING_ESCAPE">
			<value>
				<option name="FOREGROUND" value="6B3E00" />
			</value>
		</option>
		<option name="JSON$BLOCK_COMMENT">
			<value>
				<option name="FONT_TYPE" value="2" />
				<option name="FOREGROUND" value="217303" />
			</value>
		</option>
		<option name="JSON$BRACES">
			<value>
				<option name="FOREGROUND" value="383838" />
			</value>
		</option>
		<option name="JSON$BRACKETS">
			<value>
				<option name="FOREGROUND" value="383838" />
			</value>
		</option>
		<option name="JSON$COLON">
			<value>
				<option name="FOREGROUND" value="383838" />
			</value>
		</option>
		<option name="JSON$COMMA">
			<value>
				<option name="FOREGROUND" value="383838" />
			</value>
		</option>
		<option name="JSON$INVALID_ESCAPE">
			<value>
				<option name="FOREGROUND" value="6B3E00" />
				<option name="EFFECT_TYPE" value="2" />
				<option name="EFFECT_COLOR" value="D91400" />
			</value>
		</option>
		<option name="JSON$KEYWORD">
			<value>
				<option name="FOREGROUND" value="0F54D6" />
			</value>
		</option>
		<option name="JSON$LINE_COMMENT">
			<value>
				<option name="FONT_TYPE" value="2" />
				<option name="FOREGROUND" value="217303" />
			</value>
		</option>
		<option name="JSON$NUMBER">
			<value>
				<option name="FOREGROUND" value="9E1958" />
			</value>
		</option>
		<option name="JSON$PROPERTY_KEY">
			<value>
				<option name="FOREGROUND" value="0F54D6" />
			</value>
		</option>
		<option name="JSON$STRING">
			<value>
				<option name="FOREGROUND" value="9C5800" />
			</value>
		</option>
		<option name="JSON$VALID_ESCAPE">
			<value>
				<option name="FOREGROUND" value="6B3E00" />
			</value>
		</option>
		<option name="LESS_BAD_CHARACTER">
			<value>
				<option name="EFFECT_TYPE" value="2" />
				<option name="EFFECT_COLOR" value="D91400" />
			</value>
		</option>
		<option name="LESS_BRACES">
			<value>
				<option name="FOREGROUND" value="383838" />
			</value>
		</option>
		<option name="LESS_BRACKETS">
			<value>
				<option name="FOREGROUND" value="383838" />
			</value>
		</option>
		<option name="LESS_COLON">
			<value>
				<option name="FOREGROUND" value="383838" />
			</value>
		</option>
		<option name="LESS_COLOR">
			<value>
				<option name="FOREGROUND" value="144700" />
			</value>
		</option>
		<option name="LESS_COMMA">
			<value>
				<option name="FOREGROUND" value="383838" />
			</value>
		</option>
		<option name="LESS_COMMENT">
			<value>
				<option name="FONT_TYPE" value="2" />
				<option name="FOREGROUND" value="217303" />
			</value>
		</option>
		<option name="LESS_DOT">
			<value>
				<option name="FOREGROUND" value="383838" />
			</value>
		</option>
		<option name="LESS_FUNCTION">
			<value>
				<option name="FOREGROUND" value="00855F" />
			</value>
		</option>
		<option name="LESS_IDENT">
			<value>
				<option name="FOREGROUND" value="6B2FBA" />
			</value>
		</option>
		<option name="LESS_ID_SELECTOR">
			<value>
				<option name="FOREGROUND" value="6B2FBA" />
			</value>
		</option>
		<option name="LESS_IMPORTANT">
			<value>
				<option name="FOREGROUND" value="960013" />
			</value>
		</option>
		<option name="LESS_INJECTED_CODE">
			<value>
				<option name="FOREGROUND" value="383838" />
				<option name="BACKGROUND" value="F8F8F4" />
				<option name="EFFECT_COLOR" value="E0E0E0" />
			</value>
		</option>
		<option name="LESS_JS_CODE_DELIM">
			<value>
				<option name="FOREGROUND" value="383838" />
			</value>
		</option>
		<option name="LESS_KEYWORD">
			<value>
				<option name="FOREGROUND" value="0F54D6" />
			</value>
		</option>
		<option name="LESS_NUMBER">
			<value>
				<option name="FOREGROUND" value="9E1958" />
			</value>
		</option>
		<option name="LESS_OPERATORS">
			<value>
				<option name="FONT_TYPE" value="1" />
				<option name="FOREGROUND" value="383838" />
			</value>
		</option>
		<option name="LESS_PARENTHESES">
			<value>
				<option name="FOREGROUND" value="383838" />
			</value>
		</option>
		<option name="LESS_PROPERTY_NAME">
			<value>
				<option name="FOREGROUND" value="0F54D6" />
			</value>
		</option>
		<option name="LESS_PROPERTY_VALUE">
			<value>
				<option name="FOREGROUND" value="000000" />
			</value>
		</option>
		<option name="LESS_PSEUDO">
			<value>
				<option name="FOREGROUND" value="6B2FBA" />
			</value>
		</option>
		<option name="LESS_SEMICOLON">
			<value>
				<option name="FOREGROUND" value="383838" />
			</value>
		</option>
		<option name="LESS_STRING">
			<value>
				<option name="FOREGROUND" value="9C5800" />
			</value>
		</option>
		<option name="LESS_TAG_NAME">
			<value>
				<option name="FOREGROUND" value="6B2FBA" />
			</value>
		</option>
		<option name="LESS_UNICODE_RANGE">
			<value>
				<option name="FOREGROUND" value="144700" />
			</value>
		</option>
		<option name="LESS_URL">
			<value>
				<option name="FOREGROUND" value="0F54D6" />
				<option name="EFFECT_TYPE" value="1" />
				<option name="EFFECT_COLOR" value="0F54D6" />
			</value>
		</option>
		<option name="LESS_VARIABLE">
			<value>
				<option name="FOREGROUND" value="000000" />
			</value>
		</option>
		<option name="LINE_FULL_COVERAGE">
			<value>
				<option name="BACKGROUND" value="e1eddc" />
			</value>
		</option>
		<option name="LINE_NONE_COVERAGE">
			<value>
				<option name="BACKGROUND" value="ffeae8" />
			</value>
		</option>
		<option name="LINE_PARTIAL_COVERAGE">
			<value>
				<option name="BACKGROUND" value="f7f0d2" />
			</value>
		</option>
		<option name="LIVE_TEMPLATE_ATTRIBUTES">
			<value>
				<option name="EFFECT_COLOR" value="0E3E9E" />
			</value>
		</option>
		<option name="LOG_DEBUG_OUTPUT">
			<value>
				<option name="FOREGROUND" value="A0A0A0" />
			</value>
		</option>
		<option name="LOG_ERROR_OUTPUT">
			<value>
				<option name="FONT_TYPE" value="1" />
				<option name="FOREGROUND" value="D91400" />
			</value>
		</option>
		<option name="LOG_EXPIRED_ENTRY">
			<value>
				<option name="FOREGROUND" value="A0A0A0" />
			</value>
		</option>
		<option name="LOG_INFO_OUTPUT">
			<value>
				<option name="FOREGROUND" value="383838" />
			</value>
		</option>
		<option name="LOG_VERBOSE_OUTPUT">
			<value>
				<option name="FOREGROUND" value="0F54D6" />
			</value>
		</option>
		<option name="LOG_WARNING_OUTPUT">
			<value>
				<option name="FOREGROUND" value="AB8A00" />
			</value>
		</option>
		<option name="MATCHED_BRACE_ATTRIBUTES">
			<value>
				<option name="FONT_TYPE" value="1" />
				<option name="FOREGROUND" value="000000" />
				<option name="BACKGROUND" value="ffe8fe" />
			</value>
		</option>
		<option name="NOT_TOP_FRAME_ATTRIBUTES">
			<value>
				<option name="FONT_TYPE" value="1" />
				<option name="BACKGROUND" value="c7f5e8" />
				<option name="EFFECT_COLOR" value="00855F" />
			</value>
		</option>
		<option name="NOT_USED_ELEMENT_ATTRIBUTES">
			<value>
				<option name="FOREGROUND" value="A0A0A0" />
				<option name="EFFECT_TYPE" value="2" />
				<option name="EFFECT_COLOR" value="A0A0A0" />
			</value>
		</option>
		<option name="REGEXP$BAD_CHARACTER">
			<value>
				<option name="EFFECT_TYPE" value="2" />
				<option name="EFFECT_COLOR" value="D91400" />
			</value>
		</option>
		<option name="REGEXP$BRACES">
			<value>
				<option name="FOREGROUND" value="000000" />
			</value>
		</option>
		<option name="REGEXP$BRACKETS">
			<value>
				<option name="FOREGROUND" value="000000" />
			</value>
		</option>
		<option name="REGEXP$CHARACTER">
			<value>
				<option name="FOREGROUND" value="9C5800" />
			</value>
		</option>
		<option name="REGEXP$CHAR_CLASS">
			<value>
				<option name="FOREGROUND" value="6B2FBA" />
			</value>
		</option>
		<option name="REGEXP$COMMA">
			<value>
				<option name="FOREGROUND" value="000000" />
			</value>
		</option>
		<option name="REGEXP$COMMENT">
			<value>
				<option name="FONT_TYPE" value="2" />
				<option name="FOREGROUND" value="217303" />
			</value>
		</option>
		<option name="REGEXP$DOT">
			<value>
				<option name="FOREGROUND" value="000000" />
			</value>
		</option>
		<option name="REGEXP$ESC_CHARACTER">
			<value>
				<option name="FOREGROUND" value="6B3E00" />
			</value>
		</option>
		<option name="REGEXP$INVALID_STRING_ESCAPE">
			<value>
				<option name="FOREGROUND" value="6B3E00" />
				<option name="EFFECT_TYPE" value="2" />
				<option name="EFFECT_COLOR" value="D91400" />
			</value>
		</option>
		<option name="REGEXP$META">
			<value>
				<option name="FONT_TYPE" value="1" />
				<option name="FOREGROUND" value="6B2FBA" />
			</value>
		</option>
		<option name="REGEXP$NAME">
			<value>
				<option name="FOREGROUND" value="0F54D6" />
			</value>
		</option>
		<option name="REGEXP$OPTIONS">
			<value>
				<option name="FOREGROUND" value="000000" />
			</value>
		</option>
		<option name="REGEXP$PARENTHS">
			<value>
				<option name="FOREGROUND" value="000000" />
			</value>
		</option>
		<option name="REGEXP$QUANTIFIER">
			<value>
				<option name="FOREGROUND" value="144700" />
			</value>
		</option>
		<option name="REGEXP$QUOTE_CHARACTER">
			<value>
				<option name="FOREGROUND" value="6B3E00" />
			</value>
		</option>
		<option name="REGEXP$REDUNDANT_ESCAPE">
			<value>
				<option name="FOREGROUND" value="A0A0A0" />
				<option name="EFFECT_TYPE" value="2" />
				<option name="EFFECT_COLOR" value="A0A0A0" />
			</value>
		</option>
		<option name="ReSharper$ASP_NET_ATTRIBUTE_NAME">
			<value>
				<option name="FOREGROUND" value="00855F" />
			</value>
		</option>
		<option name="ReSharper$ASP_NET_ATTRIBUTE_VALUE">
			<value>
				<option name="FOREGROUND" value="9C5800" />
			</value>
		</option>
		<option name="ReSharper$ASP_NET_BLOCK_TAG">
			<value>
				<option name="FOREGROUND" value="300073" />
			</value>
		</option>
		<option name="ReSharper$ASP_NET_COMMENT">
			<value>
				<option name="FONT_TYPE" value="2" />
				<option name="FOREGROUND" value="217303" />
			</value>
		</option>
		<option name="ReSharper$ASP_NET_ENTITY_REFERENCE">
			<value>
				<option name="FOREGROUND" value="6B3E00" />
			</value>
		</option>
		<option name="ReSharper$ASP_NET_MVC_ACTION">
			<value>
				<option name="EFFECT_TYPE" value="1" />
				<option name="EFFECT_COLOR" value="AD3C00" />
			</value>
		</option>
		<option name="ReSharper$ASP_NET_MVC_AREA">
			<value>
				<option name="EFFECT_TYPE" value="1" />
				<option name="EFFECT_COLOR" value="AD3C00" />
			</value>
		</option>
		<option name="ReSharper$ASP_NET_MVC_CONTROLLER">
			<value>
				<option name="EFFECT_TYPE" value="1" />
				<option name="EFFECT_COLOR" value="AD3C00" />
			</value>
		</option>
		<option name="ReSharper$ASP_NET_MVC_VIEW">
			<value>
				<option name="EFFECT_TYPE" value="1" />
				<option name="EFFECT_COLOR" value="AD3C00" />
			</value>
		</option>
		<option name="ReSharper$ASP_NET_MVC_VIEW_COMPONENT">
			<value>
				<option name="EFFECT_TYPE" value="1" />
				<option name="EFFECT_COLOR" value="AD3C00" />
			</value>
		</option>
		<option name="ReSharper$ASP_NET_RAZOR_CODE_BLOCK">
			<value>
				<option name="BACKGROUND" value="F8F8F4" />
			</value>
		</option>
		<option name="ReSharper$ASP_NET_RAZOR_CODE_BLOCK_TAG">
			<value>
				<option name="FOREGROUND" value="300073" />
			</value>
		</option>
		<option name="ReSharper$ASP_NET_RUN_AT_ATTRIBUTE">
			<value>
				<option name="EFFECT_COLOR" value="6B3E00" />
			</value>
		</option>
		<option name="ReSharper$ASP_NET_TAG_NAME">
			<value>
				<option name="FOREGROUND" value="300073" />
			</value>
		</option>
		<option name="ReSharper$BRACE_OUTLINE">
			<value>
				<option name="EFFECT_COLOR" value="383838" />
			</value>
		</option>
		<option name="ReSharper$CONTEXT_EXIT">
			<value>
				<option name="BACKGROUND" value="CF97CE" />
				<option name="ERROR_STRIPE_COLOR" value="61005E" />
				<option name="EFFECT_COLOR" value="941290" />
			</value>
		</option>
		<option name="ReSharper$DELEGATE_IDENTIFIER">
			<value>
				<option name="FOREGROUND" value="00855F" />
			</value>
		</option>
		<option name="ReSharper$ENUM_IDENTIFIER">
			<value>
				<option name="FOREGROUND" value="300073" />
			</value>
		</option>
		<option name="ReSharper$EVENT_IDENTIFIER">
			<value>
				<option name="FOREGROUND" value="6B2FBA" />
			</value>
		</option>
		<option name="ReSharper$EXTENSION_METHOD_IDENTIFIER">
			<value>
				<option name="FOREGROUND" value="00855F" />
			</value>
		</option>
		<option name="ReSharper$FORMAT_STRING_ITEM">
			<value>
				<option name="FOREGROUND" value="6B3E00" />
			</value>
		</option>
		<option name="ReSharper$FORMAT_STRING_ITEM_2">
			<value>
				<option name="FOREGROUND" value="6B3E00" />
			</value>
		</option>
		<option name="ReSharper$HINT">
			<value>
				<option name="EFFECT_TYPE" value="5" />
				<option name="EFFECT_COLOR" value="217303" />
			</value>
		</option>
		<option name="ReSharper$INACTIVE_PREPROCESSOR_BRANCH">
			<value>
				<option name="FOREGROUND" value="A0A0A0" />
			</value>
		</option>
		<option name="ReSharper$JSDOC_KEYWORD">
			<value>
				<option name="FOREGROUND" value="0F54D6" />
			</value>
		</option>
		<option name="ReSharper$JSDOC_PARAMETER_OR_PROPERTY_IDENTIFIER">
			<value>
				<option name="FOREGROUND" value="0088AB" />
			</value>
		</option>
		<option name="ReSharper$JSDOC_TYPE_ANNOTATION">
			<value>
				<option name="FOREGROUND" value="6B2FBA" />
			</value>
		</option>
		<option name="ReSharper$JSDOC_TYPE_ANNOTATION_KEYWORD">
			<value>
				<option name="FOREGROUND" value="6B2FBA" />
			</value>
		</option>
		<option name="ReSharper$JSDOC_TYPE_DEFINITION">
			<value>
				<option name="FOREGROUND" value="6B2FBA" />
			</value>
		</option>
		<option name="ReSharper$JS_BLOCK_LOCAL_CONSTANT_IDENTIFIER">
			<value>
				<option name="FONT_TYPE" value="1" />
				<option name="FOREGROUND" value="0088AB" />
			</value>
		</option>
		<option name="ReSharper$JS_BLOCK_LOCAL_VARIABLE_IDENTIFIER">
			<value>
				<option name="FOREGROUND" value="000000" />
			</value>
		</option>
		<option name="ReSharper$JS_FUNCTION_IDENTIFIER">
			<value>
				<option name="FOREGROUND" value="00855F" />
			</value>
		</option>
		<option name="ReSharper$JS_LOCAL_VARIABLE_IDENTIFIER">
			<value>
				<option name="FOREGROUND" value="000000" />
			</value>
		</option>
		<option name="ReSharper$JS_PARAMETER_IDENTIFIER">
			<value>
				<option name="FOREGROUND" value="383838" />
			</value>
		</option>
		<option name="ReSharper$JS_PROPERTY_IDENTIFIER">
			<value>
				<option name="FOREGROUND" value="217303" />
			</value>
		</option>
		<option name="ReSharper$JS_UNKNOWN_PROPERTY_IDENTIFIER">
			<value>
				<option name="FOREGROUND" value="217303" />
			</value>
		</option>
		<option name="ReSharper$JS_XML_DOCUMENTATION_COMMENT">
			<value>
				<option name="FONT_TYPE" value="2" />
				<option name="FOREGROUND" value="217303" />
			</value>
		</option>
		<option name="ReSharper$LATE_BOUND_IDENTIFIER">
			<value>
				<option name="FONT_TYPE" value="1" />
				<option name="FOREGROUND" value="A0A0A0" />
			</value>
		</option>
		<option name="ReSharper$MATCHED_FORMAT_STRING_ITEM">
			<value>
				<option name="FOREGROUND" value="6B3E00" />
				<option name="BACKGROUND" value="faefe1" />
				<option name="EFFECT_TYPE" value="4" />
				<option name="EFFECT_COLOR" value="D9A35D" />
			</value>
		</option>
		<option name="ReSharper$MUTABLE_LOCAL_VARIABLE_IDENTIFIER">
			<value>
				<option name="FOREGROUND" value="000000" />
			</value>
		</option>
		<option name="ReSharper$NAMESPACE_IDENTIFIER">
			<value>
				<option name="FOREGROUND" value="6B2FBA" />
			</value>
		</option>
		<option name="ReSharper$NAME_OR_SIGNATURE_CHANGED">
			<value>
				<option name="BACKGROUND" value="dae4f7" />
			</value>
		</option>
		<option name="ReSharper$PATH_IDENTIFIER">
			<value>
				<option name="FOREGROUND" value="0F54D6" />
				<option name="EFFECT_TYPE" value="1" />
				<option name="EFFECT_COLOR" value="0F54D6" />
			</value>
		</option>
		<option name="ReSharper$REARRANGE_LEFT_RIGHT_CODE_HINT">
			<value>
				<option name="BACKGROUND" value="f1e6ff" />
			</value>
		</option>
		<option name="ReSharper$REARRANGE_UP_DOWN_CODE_HINT">
			<value>
				<option name="BACKGROUND" value="d1f6ff" />
			</value>
		</option>
		<option name="ReSharper$STATIC_CLASS_IDENTIFIER">
			<value>
				<option name="FOREGROUND" value="6B2FBA" />
			</value>
		</option>
		<option name="ReSharper$STRING_ESCAPE_CHARACTER_2">
			<value>
				<option name="FOREGROUND" value="6B3E00" />
			</value>
		</option>
		<option name="ReSharper$STRUCT_IDENTIFIER">
			<value>
				<option name="FOREGROUND" value="300073" />
			</value>
		</option>
		<option name="ReSharper$ST_HYPERLINK">
			<value>
				<option name="FOREGROUND" value="0F54D6" />
				<option name="EFFECT_TYPE" value="1" />
				<option name="EFFECT_COLOR" value="0F54D6" />
			</value>
		</option>
		<option name="ReSharper$ST_METHOD">
			<value>
				<option name="FOREGROUND" value="00855F" />
			</value>
		</option>
		<option name="ReSharper$ST_PATH">
			<value>
				<option name="FOREGROUND" value="0F54D6" />
				<option name="EFFECT_TYPE" value="1" />
				<option name="EFFECT_COLOR" value="0F54D6" />
			</value>
		</option>
		<option name="ReSharper$ST_SUSPICIOUS_TEXT">
			<value>
				<option name="EFFECT_TYPE" value="2" />
				<option name="EFFECT_COLOR" value="7A6200" />
			</value>
		</option>
		<option name="ReSharper$ST_TYPE">
			<value>
				<option name="FOREGROUND" value="6B2FBA" />
			</value>
		</option>
		<option name="ReSharper$TYPE_PARAMETER_IDENTIFIER">
			<value>
				<option name="FOREGROUND" value="6B2FBA" />
			</value>
		</option>
		<option name="ReSharper$UNITY_PERFORMANCE_CAMERA_MAIN">
			<value>
				<option name="EFFECT_TYPE" value="1" />
				<option name="EFFECT_COLOR" value="AD3C00" />
			</value>
		</option>
		<option name="ReSharper$UNITY_PERFORMANCE_COSTLY_METHOD_HIGHLIGHTER">
			<value>
				<option name="BACKGROUND" value="DB946E" />
			</value>
		</option>
		<option name="ReSharper$UNITY_PERFORMANCE_COSTLY_METHOD_INVOCATION">
			<value>
				<option name="EFFECT_TYPE" value="1" />
				<option name="EFFECT_COLOR" value="AD3C00" />
			</value>
		</option>
		<option name="ReSharper$UNITY_PERFORMANCE_NULL_COMPARISON">
			<value>
				<option name="EFFECT_TYPE" value="1" />
				<option name="EFFECT_COLOR" value="AD3C00" />
			</value>
		</option>
		<option name="SASS_BAD_CHARACTER">
			<value>
				<option name="EFFECT_TYPE" value="2" />
				<option name="EFFECT_COLOR" value="D91400" />
			</value>
		</option>
		<option name="SASS_BRACES">
			<value>
				<option name="FOREGROUND" value="383838" />
			</value>
		</option>
		<option name="SASS_BRACKETS">
			<value>
				<option name="FOREGROUND" value="383838" />
			</value>
		</option>
		<option name="SASS_COLON">
			<value>
				<option name="FOREGROUND" value="383838" />
			</value>
		</option>
		<option name="SASS_COLOR">
			<value>
				<option name="FOREGROUND" value="144700" />
			</value>
		</option>
		<option name="SASS_COMMA">
			<value>
				<option name="FOREGROUND" value="383838" />
			</value>
		</option>
		<option name="SASS_COMMENT">
			<value>
				<option name="FONT_TYPE" value="2" />
				<option name="FOREGROUND" value="217303" />
			</value>
		</option>
		<option name="SASS_DEFAULT">
			<value>
				<option name="FOREGROUND" value="960013" />
			</value>
		</option>
		<option name="SASS_DOT">
			<value>
				<option name="FOREGROUND" value="383838" />
			</value>
		</option>
		<option name="SASS_EXTEND">
			<value>
				<option name="FOREGROUND" value="300073" />
			</value>
		</option>
		<option name="SASS_FUNCTION">
			<value>
				<option name="FOREGROUND" value="00855F" />
			</value>
		</option>
		<option name="SASS_GLOBAL">
			<value>
				<option name="FOREGROUND" value="960013" />
			</value>
		</option>
		<option name="SASS_IDENTIFIER">
			<value>
				<option name="FOREGROUND" value="383838" />
			</value>
		</option>
		<option name="SASS_ID_SELECTOR">
			<value>
				<option name="FOREGROUND" value="6B2FBA" />
			</value>
		</option>
		<option name="SASS_IMPORTANT">
			<value>
				<option name="FOREGROUND" value="960013" />
			</value>
		</option>
		<option name="SASS_INTERPOLATION">
			<value>
				<option name="FOREGROUND" value="9C5800" />
			</value>
		</option>
		<option name="SASS_KEYWORD">
			<value>
				<option name="FOREGROUND" value="6B2FBA" />
			</value>
		</option>
		<option name="SASS_MIXIN">
			<value>
				<option name="FOREGROUND" value="6B2FBA" />
			</value>
		</option>
		<option name="SASS_NUMBER">
			<value>
				<option name="FOREGROUND" value="9E1958" />
			</value>
		</option>
		<option name="SASS_OPERATORS">
			<value>
				<option name="FOREGROUND" value="383838" />
			</value>
		</option>
		<option name="SASS_OPTIONAL">
			<value>
				<option name="FOREGROUND" value="960013" />
			</value>
		</option>
		<option name="SASS_PARENTHESES">
			<value>
				<option name="FOREGROUND" value="383838" />
			</value>
		</option>
		<option name="SASS_PROPERTY_NAME">
			<value>
				<option name="FOREGROUND" value="0F54D6" />
			</value>
		</option>
		<option name="SASS_PROPERTY_VALUE">
			<value>
				<option name="FOREGROUND" value="000000" />
			</value>
		</option>
		<option name="SASS_PSEUDO">
			<value>
				<option name="FONT_TYPE" value="2" />
				<option name="FOREGROUND" value="000000" />
			</value>
		</option>
		<option name="SASS_SEMICOLON">
			<value>
				<option name="FOREGROUND" value="383838" />
			</value>
		</option>
		<option name="SASS_STRING">
			<value>
				<option name="FOREGROUND" value="9C5800" />
			</value>
		</option>
		<option name="SASS_TAG_NAME">
			<value>
				<option name="FOREGROUND" value="6B2FBA" />
			</value>
		</option>
		<option name="SASS_UNICODE_RANGE">
			<value>
				<option name="FOREGROUND" value="144700" />
			</value>
		</option>
		<option name="SASS_URL">
			<value>
				<option name="FOREGROUND" value="0F54D6" />
				<option name="EFFECT_TYPE" value="1" />
				<option name="EFFECT_COLOR" value="0F54D6" />
			</value>
		</option>
		<option name="SASS_VARIABLE">
			<value>
				<option name="FOREGROUND" value="000000" />
			</value>
		</option>
		<option name="SEARCH_RESULT_ATTRIBUTES">
			<value>
				<option name="FOREGROUND" value="005C43" />
				<option name="BACKGROUND" value="81BDAA" />
				<option name="ERROR_STRIPE_COLOR" value="00855F" />
			</value>
		</option>
		<option name="SQL_BAD_CHARACTER">
			<value>
				<option name="EFFECT_TYPE" value="2" />
				<option name="EFFECT_COLOR" value="D91400" />
			</value>
		</option>
		<option name="SQL_BRACES">
			<value>
				<option name="FOREGROUND" value="383838" />
			</value>
		</option>
		<option name="SQL_BRACKETS">
			<value>
				<option name="FOREGROUND" value="383838" />
			</value>
		</option>
		<option name="SQL_COLUMN">
			<value>
				<option name="FOREGROUND" value="0F54D6" />
			</value>
		</option>
		<option name="SQL_COMMA">
			<value>
				<option name="FOREGROUND" value="383838" />
			</value>
		</option>
		<option name="SQL_COMMENT">
			<value>
				<option name="FONT_TYPE" value="2" />
				<option name="FOREGROUND" value="217303" />
			</value>
		</option>
		<option name="SQL_DATABASE_OBJECT">
			<value>
				<option name="FOREGROUND" value="9C5800" />
			</value>
		</option>
		<option name="SQL_DOT">
			<value>
				<option name="FOREGROUND" value="383838" />
			</value>
		</option>
		<option name="SQL_EXTERNAL_TOOL">
			<value>
				<option name="FOREGROUND" value="383838" />
				<option name="BACKGROUND" value="E0E0E0" />
				<option name="EFFECT_COLOR" value="A0A0A0" />
			</value>
		</option>
		<option name="SQL_KEYWORD">
			<value>
				<option name="FOREGROUND" value="0F54D6" />
			</value>
		</option>
		<option name="SQL_LABEL">
			<value>
				<option name="FONT_TYPE" value="1" />
				<option name="FOREGROUND" value="000000" />
			</value>
		</option>
		<option name="SQL_LOCAL_ALIAS">
			<value>
				<option name="FONT_TYPE" value="2" />
				<option name="FOREGROUND" value="0F54D6" />
			</value>
		</option>
		<option name="SQL_NUMBER">
			<value>
				<option name="FOREGROUND" value="9E1958" />
			</value>
		</option>
		<option name="SQL_PARAMETER">
			<value>
				<option name="FOREGROUND" value="000000" />
			</value>
		</option>
		<option name="SQL_PARENS">
			<value>
				<option name="FOREGROUND" value="383838" />
			</value>
		</option>
		<option name="SQL_PROCEDURE">
			<value>
				<option name="FOREGROUND" value="00855F" />
			</value>
		</option>
		<option name="SQL_SCHEMA">
			<value>
				<option name="FOREGROUND" value="6B2FBA" />
			</value>
		</option>
		<option name="SQL_SEMICOLON">
			<value>
				<option name="FOREGROUND" value="383838" />
			</value>
		</option>
		<option name="SQL_STRING">
			<value>
				<option name="FOREGROUND" value="9C5800" />
			</value>
		</option>
		<option name="SQL_SYNTHETIC_ENTITY">
			<value>
				<option name="FOREGROUND" value="000000" />
			</value>
		</option>
		<option name="SQL_TABLE">
			<value>
				<option name="FOREGROUND" value="6B2FBA" />
			</value>
		</option>
		<option name="SQL_TYPE">
			<value>
				<option name="FONT_TYPE" value="1" />
				<option name="FOREGROUND" value="000000" />
			</value>
		</option>
		<option name="SQL_VARIABLE">
			<value>
				<option name="FOREGROUND" value="000000" />
			</value>
		</option>
		<option name="SUGGESTION">
			<value>
				<option name="ERROR_STRIPE_COLOR" value="217303" />
				<option name="EFFECT_TYPE" value="2" />
				<option name="EFFECT_COLOR" value="217303" />
			</value>
		</option>
		<option name="TDIFF_EXCLUDED_COLUMN">
			<value>
				<option name="BACKGROUND" value="E0E0E0" />
				<option name="EFFECT_COLOR" value="C1C1C1" />
			</value>
		</option>
		<option name="TDIFF_FUZZY_MATCHED">
			<value>
				<option name="FOREGROUND" value="A0A0A0" />
				<option name="BACKGROUND" value="E0E0E0" />
				<option name="EFFECT_COLOR" value="C1C1C1" />
			</value>
		</option>
		<option name="TDIFF_FUZZY_MISMATCHED">
			<value>
				<option name="BACKGROUND" value="d1f6ff" />
				<option name="ERROR_STRIPE_COLOR" value="0088AB" />
				<option name="EFFECT_COLOR" value="0088AB" />
			</value>
		</option>
		<option name="TEMPLATE_VARIABLE_ATTRIBUTES">
			<value>
				<option name="FOREGROUND" value="000000" />
			</value>
		</option>
		<option name="TEXT">
			<value>
				<option name="FOREGROUND" value="282828" />
				<option name="BACKGROUND" value="FFFFFF" />
			</value>
		</option>
		<option name="TEXT_SEARCH_RESULT_ATTRIBUTES">
			<value>
				<option name="BACKGROUND" value="f7f0d2" />
				<option name="ERROR_STRIPE_COLOR" value="AB8A00" />
			</value>
		</option>
		<option name="TODO_DEFAULT_ATTRIBUTES">
			<value>
				<option name="FONT_TYPE" value="3" />
				<option name="FOREGROUND" value="9C5800" />
				<option name="ERROR_STRIPE_COLOR" value="6B3E00" />
			</value>
		</option>
		<option name="TS$BADCHARACTER">
			<value>
				<option name="EFFECT_TYPE" value="2" />
				<option name="EFFECT_COLOR" value="D91400" />
			</value>
		</option>
		<option name="TS$BLOCK_COMMENT">
			<value>
				<option name="FONT_TYPE" value="2" />
				<option name="FOREGROUND" value="217303" />
			</value>
		</option>
		<option name="TS$BRACES">
			<value>
				<option name="FOREGROUND" value="383838" />
			</value>
		</option>
		<option name="TS$BRACKETS">
			<value>
				<option name="FOREGROUND" value="383838" />
			</value>
		</option>
		<option name="TS$CLASS">
			<value>
				<option name="FOREGROUND" value="6B2FBA" />
			</value>
		</option>
		<option name="TS$COMMA">
			<value>
				<option name="FOREGROUND" value="383838" />
			</value>
		</option>
		<option name="TS$DOC_COMMENT">
			<value>
				<option name="FONT_TYPE" value="2" />
				<option name="FOREGROUND" value="217303" />
			</value>
		</option>
		<option name="TS$DOC_MARKUP">
			<value>
				<option name="FOREGROUND" value="8FBD7F" />
			</value>
		</option>
		<option name="TS$DOC_TAG">
			<value>
				<option name="FOREGROUND" value="383838" />
			</value>
		</option>
		<option name="TS$DOT">
			<value>
				<option name="FOREGROUND" value="383838" />
			</value>
		</option>
		<option name="TS$FUNCTION_ARROW">
			<value>
				<option name="FOREGROUND" value="00855F" />
			</value>
		</option>
		<option name="TS$GLOBAL_FUNCTION">
			<value>
				<option name="FOREGROUND" value="00855F" />
			</value>
		</option>
		<option name="TS$GLOBAL_VARIABLE">
			<value>
				<option name="FOREGROUND" value="000000" />
			</value>
		</option>
		<option name="TS$INSTANCE_MEMBER_FUNCTION">
			<value>
				<option name="FOREGROUND" value="00855F" />
			</value>
		</option>
		<option name="TS$INSTANCE_MEMBER_VARIABLE">
			<value>
				<option name="FOREGROUND" value="0088AB" />
			</value>
		</option>
		<option name="TS$INTERFACE">
			<value>
				<option name="FOREGROUND" value="6B2FBA" />
			</value>
		</option>
		<option name="TS$INVALID_STRING_ESCAPE">
			<value>
				<option name="FOREGROUND" value="6B3E00" />
				<option name="EFFECT_TYPE" value="2" />
				<option name="EFFECT_COLOR" value="D91400" />
			</value>
		</option>
		<option name="TS$KEYWORD">
			<value>
				<option name="FOREGROUND" value="0F54D6" />
			</value>
		</option>
		<option name="TS$LINE_COMMENT">
			<value>
				<option name="FONT_TYPE" value="2" />
				<option name="FOREGROUND" value="217303" />
			</value>
		</option>
		<option name="TS$LOCAL_VARIABLE">
			<value>
				<option name="FOREGROUND" value="000000" />
			</value>
		</option>
		<option name="TS$MODULE_NAME">
			<value>
				<option name="FOREGROUND" value="6B2FBA" />
			</value>
		</option>
		<option name="TS$NUMBER">
			<value>
				<option name="FOREGROUND" value="9E1958" />
			</value>
		</option>
		<option name="TS$OPERATION_SIGN">
			<value>
				<option name="FOREGROUND" value="383838" />
			</value>
		</option>
		<option name="TS$PARAMETER">
			<value>
				<option name="FOREGROUND" value="383838" />
			</value>
		</option>
		<option name="TS$PARENTHS">
			<value>
				<option name="FOREGROUND" value="383838" />
			</value>
		</option>
		<option name="TS$REGEXP">
			<value>
				<option name="FOREGROUND" value="6B3E00" />
				<option name="BACKGROUND" value="E0E0E0" />
				<option name="EFFECT_COLOR" value="A0A0A0" />
			</value>
		</option>
		<option name="TS$SEMICOLON">
			<value>
				<option name="FOREGROUND" value="383838" />
			</value>
		</option>
		<option name="TS$STATIC_MEMBER_FUNCTION">
			<value>
				<option name="FOREGROUND" value="00855F" />
			</value>
		</option>
		<option name="TS$STATIC_MEMBER_VARIABLE">
			<value>
				<option name="FOREGROUND" value="0088AB" />
			</value>
		</option>
		<option name="TS$STRING">
			<value>
				<option name="FOREGROUND" value="9C5800" />
			</value>
		</option>
		<option name="TS$TYPE_PARAMETER">
			<value>
				<option name="FOREGROUND" value="6B2FBA" />
			</value>
		</option>
		<option name="TS$VALID_STRING_ESCAPE">
			<value>
				<option name="FOREGROUND" value="6B3E00" />
			</value>
		</option>
		<option name="UNMATCHED_BRACE_ATTRIBUTES">
			<value>
				<option name="BACKGROUND" value="ffe8fe" />
			</value>
		</option>
		<option name="WARNING_ATTRIBUTES">
			<value>
				<option name="ERROR_STRIPE_COLOR" value="AB8A00" />
				<option name="EFFECT_TYPE" value="2" />
				<option name="EFFECT_COLOR" value="7A6200" />
			</value>
		</option>
		<option name="WRITE_IDENTIFIER_UNDER_CARET_ATTRIBUTES">
			<value>
				<option name="BACKGROUND" value="ffe8fe" />
				<option name="ERROR_STRIPE_COLOR" value="61005E" />
			</value>
		</option>
		<option name="WRITE_SEARCH_RESULT_ATTRIBUTES">
			<value>
				<option name="FOREGROUND" value="61005E" />
				<option name="BACKGROUND" value="CF97CE" />
				<option name="ERROR_STRIPE_COLOR" value="941290" />
			</value>
		</option>
		<option name="WRONG_REFERENCES_ATTRIBUTES">
			<value>
				<option name="FONT_TYPE" value="1" />
				<option name="FOREGROUND" value="D91400" />
				<option name="ERROR_STRIPE_COLOR" value="D91400" />
				<option name="EFFECT_TYPE" value="2" />
				<option name="EFFECT_COLOR" value="D91400" />
			</value>
		</option>
		<option name="XML_ATTRIBUTE_NAME">
			<value>
				<option name="FOREGROUND" value="217303" />
			</value>
		</option>
		<option name="XML_ATTRIBUTE_VALUE">
			<value>
				<option name="FOREGROUND" value="9C5800" />
			</value>
		</option>
		<option name="XML_COMMENT">
			<value>
				<option name="FONT_TYPE" value="2" />
				<option name="FOREGROUND" value="217303" />
			</value>
		</option>
		<option name="XML_ENTITY_REFERENCE">
			<value>
				<option name="FOREGROUND" value="6B3E00" />
			</value>
		</option>
		<option name="XML_NS_PREFIX">
			<value>
				<option name="FOREGROUND" value="6B2FBA" />
			</value>
		</option>
		<option name="XML_PROLOGUE">
			<value>
				<option name="FOREGROUND" value="6B2FBA" />
			</value>
		</option>
		<option name="XML_TAG">
			<value>
				<option name="FOREGROUND" value="6B2FBA" />
			</value>
		</option>
		<option name="XML_TAG_DATA">
			<value>
				<option name="FOREGROUND" value="383838" />
			</value>
		</option>
		<option name="XML_TAG_NAME">
			<value>
				<option name="FOREGROUND" value="6B2FBA" />
			</value>
		</option>
		<option name="YAML_COMMENT">
			<value>
				<option name="FONT_TYPE" value="2" />
				<option name="FOREGROUND" value="217303" />
			</value>
		</option>
		<option name="YAML_SCALAR_DSTRING">
			<value>
				<option name="FOREGROUND" value="9C5800" />
			</value>
		</option>
		<option name="YAML_SCALAR_KEY">
			<value>
				<option name="FOREGROUND" value="6B2FBA" />
			</value>
		</option>
		<option name="YAML_SCALAR_LIST">
			<value>
				<option name="FOREGROUND" value="000000" />
			</value>
		</option>
		<option name="YAML_SCALAR_STRING">
			<value>
				<option name="FOREGROUND" value="9C5800" />
			</value>
		</option>
		<option name="YAML_SCALAR_VALUE">
			<value>
				<option name="FOREGROUND" value="000000" />
			</value>
		</option>
		<option name="YAML_SIGN">
			<value>
				<option name="FONT_TYPE" value="1" />
				<option name="FOREGROUND" value="383838" />
			</value>
		</option>
		<option name="YAML_TEXT">
			<value>
				<option name="FOREGROUND" value="383838" />
			</value>
		</option>
		<option name="ReSharper$UNITY_IMPLICITLY_USED_IDENTIFIER">
			<value>
				<option name="FONT_TYPE" value="1" />
			</value>
		</option>
		<option name="MARKED_FOR_REMOVAL_ATTRIBUTES">
			<value>
				<option name="EFFECT_TYPE" value="3" />
				<option name="EFFECT_COLOR" value="D91400" />
			</value>
		</option>
		<option name="ReSharper$ASP_NET_DIRECTIVE_NAME">
			<value>
				<option name="FOREGROUND" value="00855F" />
			</value>
		</option>
	</attributes>
</scheme>