<?xml version="1.0" encoding="UTF-8"?>
<scheme name="River" version="1" parent_scheme="Default">
	<option name="LINE_SPACING" value="1.0" />
	<option name="EDITOR_FONT_SIZE" value="12" />
	<option name="EDITOR_FONT_NAME" value="Menlo" />
	<colors>
		<option name="WHITESPACES" value="505050" />
		<option name="TEARLINE_COLOR" value="555555" />
		<option name="SELECTION_FOREGROUND" value="" />
		<option name="SELECTION_BACKGROUND" value="4c4c4c" />
		<option name="SELECTED_TEARLINE_COLOR" value="787878" />
		<option name="SELECTED_INDENT_GUIDE" value="505050" />
		<option name="RIGHT_MARGIN_COLOR" value="323232" />
		<option name="RECURSIVE_CALL_ATTRIBUTES" value="574300" />
		<option name="READONLY_FRAGMENT_BACKGROUND" value="" />
		<option name="NOTIFICATION_BACKGROUND" value="5c5c42" />
		<option name="MODIFIED_LINES_COLOR" value="415f69" />
		<option name="METHOD_SEPARATORS_COLOR" value="4d4d4d" />
		<option name="LINE_NUMBERS_COLOR" value="888888" />
		<option name="INDENT_GUIDE" value="373737" />
		<option name="GUTTER_BACKGROUND" value="313335" />
		<option name="FILESTATUS_modifiedOutside" value="6897bb" />
		<option name="FILESTATUS_changelistConflict" value="d5756c" />
		<option name="FILESTATUS_addedOutside" value="629755" />
		<option name="FILESTATUS_UNKNOWN" value="d1675a" />
		<option name="FILESTATUS_NOT_CHANGED_RECURSIVE" value="6897bb" />
		<option name="FILESTATUS_NOT_CHANGED_IMMEDIATE" value="6897bb" />
		<option name="FILESTATUS_NOT_CHANGED" value="" />
		<option name="FILESTATUS_MODIFIED" value="6897bb" />
		<option name="FILESTATUS_MERGED" value="9876aa" />
		<option name="FILESTATUS_IDEA_FILESTATUS_MERGED_WITH_PROPERTY_CONFLICTS" value="d5756c" />
		<option name="FILESTATUS_IDEA_FILESTATUS_MERGED_WITH_CONFLICTS" value="d5756c" />
		<option name="FILESTATUS_IDEA_FILESTATUS_MERGED_WITH_BOTH_CONFLICTS" value="d5756c" />
		<option name="FILESTATUS_IDEA_FILESTATUS_IGNORED" value="848504" />
		<option name="FILESTATUS_IDEA_FILESTATUS_DELETED_FROM_FILE_SYSTEM" value="6c6c6c" />
		<option name="FILESTATUS_DELETED" value="6c6c6c" />
		<option name="FILESTATUS_ADDED" value="629755" />
		<option name="CONSOLE_BACKGROUND_KEY" value="2b2b2b" />
		<option name="CARET_ROW_COLOR" value="363636" />
		<option name="CARET_COLOR" value="bbbbbb" />
		<option name="ANNOTATIONS_COLOR" value="8b999f" />
		<option name="ADDED_LINES_COLOR" value="295622" />
	</colors>
	<attributes>
		<option name="osmorc$headerName">
			<value>
				<option name="FONT_TYPE" value="1" />
				<option name="FOREGROUND" value="cc7832" />
			</value>
		</option>
		<option name="osmorc$directiveName">
			<value>
				<option name="FONT_TYPE" value="1" />
				<option name="FOREGROUND" value="d0d0ff" />
			</value>
		</option>
		<option name="osmorc$attributeName">
			<value>
				<option name="FONT_TYPE" value="1" />
				<option name="FOREGROUND" value="d0d0ff" />
			</value>
		</option>
		<option name="YAML_TEXT">
			<value>
				<option name="FOREGROUND" value="a5c261" />
				<option name="EFFECT_TYPE" value="2" />
			</value>
		</option>
		<option name="YAML_SIGN">
			<value>
				<option name="FOREGROUND" value="a5c261" />
				<option name="EFFECT_TYPE" value="2" />
			</value>
		</option>
		<option name="YAML_SCALAR_VALUE4">
			<value>
				<option name="FOREGROUND" value="e8d3d3" />
			</value>
		</option>
		<option name="YAML_SCALAR_VALUE">
			<value>
				<option name="FOREGROUND" value="a5c261" />
			</value>
		</option>
		<option name="YAML_SCALAR_STRING">
			<value>
				<option name="FOREGROUND" value="a5c261" />
			</value>
		</option>
		<option name="YAML_SCALAR_LIST">
			<value>
				<option name="FOREGROUND" value="a5c261" />
			</value>
		</option>
		<option name="YAML_SCALAR_KEY">
			<value>
				<option name="FOREGROUND" value="e8bf6a" />
			</value>
		</option>
		<option name="YAML_SCALAR_DSTRING">
			<value>
				<option name="FOREGROUND" value="a5c261" />
			</value>
		</option>
		<option name="YAML_COMMENT">
			<value>
				<option name="FONT_TYPE" value="2" />
				<option name="FOREGROUND" value="bc9458" />
			</value>
		</option>
		<option name="XPATH$XPATH_VARIABLE">
			<value>
				<option name="FONT_TYPE" value="1" />
				<option name="FOREGROUND" value="d0d0ff" />
			</value>
		</option>
		<option name="XPATH$XPATH_NAME">
			<value>
				<option name="FOREGROUND" value="da4939" />
			</value>
		</option>
		<option name="XPATH$STRING">
			<value>
				<option name="FONT_TYPE" value="1" />
				<option name="FOREGROUND" value="6a8759" />
			</value>
		</option>
		<option name="XPATH$NUMBER">
			<value>
				<option name="FOREGROUND" value="6897bb" />
			</value>
		</option>
		<option name="XPATH$KEYWORD">
			<value>
				<option name="FONT_TYPE" value="1" />
				<option name="FOREGROUND" value="cc7832" />
			</value>
		</option>
		<option name="XML_TAG_NAME">
			<value>
				<option name="FOREGROUND" value="e8bf6a" />
			</value>
		</option>
		<option name="XML_TAG_DATA">
			<value>
			</value>
		</option>
		<option name="XML_TAG">
			<value>
				<option name="FOREGROUND" value="e8bf6a" />
			</value>
		</option>
		<option name="XML_PROLOGUE">
			<value>
				<option name="FOREGROUND" value="e8bf6a" />
			</value>
		</option>
		<option name="XML_ENTITY_REFERENCE">
			<value>
				<option name="FOREGROUND" value="6d9cbe" />
			</value>
		</option>
		<option name="XML_COMMENT">
			<value>
				<option name="FONT_TYPE" value="2" />
				<option name="FOREGROUND" value="808080" />
			</value>
		</option>
		<option name="XML_ATTRIBUTE_VALUE">
			<value>
				<option name="FOREGROUND" value="a5c261" />
			</value>
		</option>
		<option name="XML_ATTRIBUTE_NAME">
			<value>
				<option name="FOREGROUND" value="bababa" />
			</value>
		</option>
		<option name="WRONG_REFERENCES_ATTRIBUTES">
			<value>
				<option name="FOREGROUND" value="bc3f3c" />
			</value>
		</option>
		<option name="WRITE_SEARCH_RESULT_ATTRIBUTES">
			<value>
				<option name="BACKGROUND" value="532b2e" />
				<option name="ERROR_STRIPE_COLOR" value="c55450" />
			</value>
		</option>
		<option name="WRITE_IDENTIFIER_UNDER_CARET_ATTRIBUTES">
			<value>
				<option name="ERROR_STRIPE_COLOR" value="cc7832" />
				<option name="EFFECT_TYPE" value="1" />
				<option name="EFFECT_COLOR" value="cc7832" />
			</value>
		</option>
		<option name="WARNING_ATTRIBUTES">
			<value>
				<option name="EFFECT_TYPE" value="2" />
				<option name="EFFECT_COLOR" value="767676" />
			</value>
		</option>
		<option name="Valid string escape">
			<value>
				<option name="FOREGROUND" value="cc7832" />
			</value>
		</option>
		<option name="VELOCITY_STRING">
			<value>
				<option name="FONT_TYPE" value="1" />
				<option name="FOREGROUND" value="6a8759" />
			</value>
		</option>
		<option name="VELOCITY_SCRIPTING_BACKGROUND">
			<value>
				<option name="BACKGROUND" value="303030" />
			</value>
		</option>
		<option name="VELOCITY_REFERENCE">
			<value>
				<option name="FOREGROUND" value="d0d0ff" />
			</value>
		</option>
		<option name="VELOCITY_NUMBER">
			<value>
				<option name="FOREGROUND" value="6897bb" />
			</value>
		</option>
		<option name="VELOCITY_KEYWORD">
			<value>
				<option name="FONT_TYPE" value="1" />
				<option name="FOREGROUND" value="cc7832" />
			</value>
		</option>
		<option name="VELOCITY_DIRECTIVE">
			<value>
				<option name="FONT_TYPE" value="1" />
				<option name="FOREGROUND" value="e8bf6a" />
			</value>
		</option>
		<option name="Unresolved reference access">
			<value>
				<option name="FOREGROUND" value="808080" />
				<option name="EFFECT_TYPE" value="1" />
				<option name="EFFECT_COLOR" value="808080" />
			</value>
		</option>
		<option name="UNMATCHED_BRACE_ATTRIBUTES">
			<value>
				<option name="FOREGROUND" value="d1243b" />
			</value>
		</option>
		<option name="Type parameter">
			<value>
				<option name="FOREGROUND" value="507874" />
			</value>
		</option>
		<option name="TYPO">
			<value>
				<option name="EFFECT_TYPE" value="2" />
				<option name="EFFECT_COLOR" value="779a89" />
			</value>
		</option>
		<option name="TYPE_PARAMETER_NAME_ATTRIBUTES">
			<value>
				<option name="FOREGROUND" value="507874" />
			</value>
		</option>
		<option name="TYPEDEF">
			<value>
				<option name="FOREGROUND" value="c7c8f5" />
				<option name="EFFECT_TYPE" value="-1" />
			</value>
		</option>
		<option name="TS$TYPE_PARAMETER">
			<value>
			</value>
		</option>
		<option name="TODO_DEFAULT_ATTRIBUTES">
			<value>
				<option name="FONT_TYPE" value="2" />
				<option name="FOREGROUND" value="5f9add" />
				<option name="ERROR_STRIPE_COLOR" value="a74c0" />
			</value>
		</option>
		<option name="TEXT_SEARCH_RESULT_ATTRIBUTES">
			<value>
				<option name="BACKGROUND" value="425f44" />
				<option name="ERROR_STRIPE_COLOR" value="425f44" />
				<option name="EFFECT_COLOR" value="56ac48" />
			</value>
		</option>
		<option name="TEXT">
			<value>
				<option name="FOREGROUND" value="a9b7c6" />
				<option name="BACKGROUND" value="2b2b2b" />
				<option name="EFFECT_TYPE" value="5" />
			</value>
		</option>
		<option name="TEMPLATE_VARIABLE_ATTRIBUTES">
			<value>
				<option name="FOREGROUND" value="5f9add" />
			</value>
		</option>
		<option name="TAPESTRY_COMPONENT_TAG">
			<value>
				<option name="FONT_TYPE" value="1" />
				<option name="FOREGROUND" value="cc7832" />
			</value>
		</option>
		<option name="TAPESTRY_COMPONENT_PARAMATER">
			<value>
				<option name="FONT_TYPE" value="1" />
				<option name="FOREGROUND" value="d0d0ff" />
			</value>
		</option>
		<option name="String">
			<value>
				<option name="FOREGROUND" value="6a8759" />
			</value>
		</option>
		<option name="Static property reference ID">
			<value>
				<option name="FONT_TYPE" value="2" />
				<option name="FOREGROUND" value="9876aa" />
			</value>
		</option>
		<option name="Static method access">
			<value>
				<option name="FONT_TYPE" value="2" />
				<option name="FOREGROUND" value="9876aa" />
			</value>
		</option>
		<option name="Static field">
			<value>
				<option name="FONT_TYPE" value="3" />
				<option name="FOREGROUND" value="d0d0ff" />
				<option name="EFFECT_TYPE" value="1" />
				<option name="EFFECT_COLOR" value="ffffff" />
			</value>
		</option>
		<option name="Scala Type parameter">
			<value>
				<option name="FOREGROUND" value="4e807d" />
			</value>
		</option>
		<option name="Scala Type Alias">
			<value>
				<option name="FOREGROUND" value="4e807d" />
			</value>
		</option>
		<option name="STATIC_METHOD_ATTRIBUTES">
			<value>
				<option name="FONT_TYPE" value="2" />
			</value>
		</option>
		<option name="STATIC_FINAL_FIELD_ATTRIBUTES">
			<value>
				<option name="FONT_TYPE" value="2" />
				<option name="FOREGROUND" value="9876aa" />
				<option name="EFFECT_TYPE" value="1" />
			</value>
		</option>
		<option name="STATIC_FIELD_ATTRIBUTES">
			<value>
				<option name="FONT_TYPE" value="2" />
				<option name="FOREGROUND" value="9876aa" />
				<option name="EFFECT_TYPE" value="1" />
			</value>
		</option>
		<option name="SQL_SYNTHETIC_ENTITY">
			<value>
				<option name="FOREGROUND" value="ffc66d" />
			</value>
		</option>
		<option name="SQL_STRING">
			<value>
				<option name="FONT_TYPE" value="1" />
				<option name="FOREGROUND" value="a5c261" />
			</value>
		</option>
		<option name="SQL_NUMBER">
			<value>
				<option name="FOREGROUND" value="6897bb" />
			</value>
		</option>
		<option name="SQL_KEYWORD">
			<value>
				<option name="FONT_TYPE" value="1" />
				<option name="FOREGROUND" value="cc7832" />
			</value>
		</option>
		<option name="SQL_COLUMN">
			<value>
				<option name="FONT_TYPE" value="1" />
				<option name="FOREGROUND" value="d0d0ff" />
			</value>
		</option>
		<option name="SEARCH_RESULT_ATTRIBUTES">
			<value>
				<option name="BACKGROUND" value="155221" />
				<option name="ERROR_STRIPE_COLOR" value="246e00" />
			</value>
		</option>
		<option name="SCOPE_KEY_util-rt">
			<value>
			</value>
		</option>
		<option name="SCOPE_KEY_types resolve">
			<value>
			</value>
		</option>
		<option name="SCOPE_KEY_type name construction">
			<value>
			</value>
		</option>
		<option name="SCOPE_KEY_svnPlugins">
			<value>
			</value>
		</option>
		<option name="SCOPE_KEY_stl">
			<value>
			</value>
		</option>
		<option name="SCOPE_KEY_runtime$classes">
			<value>
			</value>
		</option>
		<option name="SCOPE_KEY_psi">
			<value>
			</value>
		</option>
		<option name="SCOPE_KEY_platform API">
			<value>
			</value>
		</option>
		<option name="SCOPE_KEY_lldb-92">
			<value>
			</value>
		</option>
		<option name="SCOPE_KEY_libraries$except$jdk">
			<value>
			</value>
		</option>
		<option name="SCOPE_KEY_junit 4 features">
			<value>
			</value>
		</option>
		<option name="SCOPE_KEY_javascript">
			<value>
			</value>
		</option>
		<option name="SCOPE_KEY_introduce typedef">
			<value>
			</value>
		</option>
		<option name="SCOPE_KEY_ignore">
			<value>
			</value>
		</option>
		<option name="SCOPE_KEY_idea openapi">
			<value>
			</value>
		</option>
		<option name="SCOPE_KEY_gdb device timeout on start">
			<value>
			</value>
		</option>
		<option name="SCOPE_KEY_foreach debugging ">
			<value>
			</value>
		</option>
		<option name="SCOPE_KEY_foreach debugging">
			<value>
			</value>
		</option>
		<option name="SCOPE_KEY_flask plugin">
			<value>
			</value>
		</option>
		<option name="SCOPE_KEY_everywhere except junit4">
			<value>
			</value>
		</option>
		<option name="SCOPE_KEY_everywhere except JavaEE">
			<value>
			</value>
		</option>
		<option name="SCOPE_KEY_evaluation">
			<value>
			</value>
		</option>
		<option name="SCOPE_KEY_copyright">
			<value>
			</value>
		</option>
		<option name="SCOPE_KEY_community except testdata">
			<value>
			</value>
		</option>
		<option name="SCOPE_KEY_community">
			<value>
			</value>
		</option>
		<option name="SCOPE_KEY_Weblogic sources">
			<value>
			</value>
		</option>
		<option name="SCOPE_KEY_Tests">
			<value>
			</value>
		</option>
		<option name="SCOPE_KEY_Ruby">
			<value>
			</value>
		</option>
		<option name="SCOPE_KEY_Project Files">
			<value>
			</value>
		</option>
		<option name="SCOPE_KEY_Production">
			<value>
			</value>
		</option>
		<option name="SCOPE_KEY_Problems">
			<value>
			</value>
		</option>
		<option name="SCOPE_KEY_Non-Project Files">
			<value>
			</value>
		</option>
		<option name="SCOPE_KEY_JavaEE openapi">
			<value>
			</value>
		</option>
		<option name="SCOPE_KEY_JDK">
			<value>
			</value>
		</option>
		<option name="SCOPE_KEY_IDEA sources">
			<value>
			</value>
		</option>
		<option name="SCOPE_KEY_IDEA Test Sources">
			<value>
			</value>
		</option>
		<option name="SCOPE_KEY_Evaluation fixes$">
			<value>
			</value>
		</option>
		<option name="SCOPE_KEY_Default">
			<value>
			</value>
		</option>
		<option name="SCOPE_KEY_Changed Files">
			<value>
			</value>
		</option>
		<option name="SCOPE_KEY_CVS plugin">
			<value>
			</value>
		</option>
		<option name="SCOPE_KEY_CIDR">
			<value>
			</value>
		</option>
		<option name="SCOPE_KEY_All">
			<value>
			</value>
		</option>
		<option name="SASS_VARIABLE">
			<value>
				<option name="FOREGROUND" value="6d9cbe" />
			</value>
		</option>
		<option name="SASS_STRING">
			<value>
				<option name="FOREGROUND" value="a5c261" />
			</value>
		</option>
		<option name="SASS_RULE">
			<value>
				<option name="FOREGROUND" value="e8bf6a" />
			</value>
		</option>
		<option name="SASS_NUMBER">
			<value>
				<option name="FOREGROUND" value="a5c261" />
				<option name="EFFECT_TYPE" value="1" />
			</value>
		</option>
		<option name="SASS_MIXIN">
			<value>
				<option name="FOREGROUND" value="d0d0ff" />
			</value>
		</option>
		<option name="SASS_DIRECTIVE">
			<value>
				<option name="FOREGROUND" value="cc7833" />
			</value>
		</option>
		<option name="SASS_CONSTANT">
			<value>
				<option name="FOREGROUND" value="d0d0ff" />
			</value>
		</option>
		<option name="SASS_COMMENT">
			<value>
				<option name="FONT_TYPE" value="2" />
				<option name="FOREGROUND" value="bc9455" />
			</value>
		</option>
		<option name="SASS_ATTRIBUTE">
			<value>
				<option name="FOREGROUND" value="6d9cbe" />
			</value>
		</option>
		<option name="REST$ITALIC">
			<value>
				<option name="FONT_TYPE" value="2" />
			</value>
		</option>
		<option name="REST$INTERPRETED">
			<value>
				<option name="BACKGROUND" value="15463c" />
			</value>
		</option>
		<option name="REST$INLINE">
			<value>
				<option name="BACKGROUND" value="236423" />
			</value>
		</option>
		<option name="REST$FIXED">
			<value>
				<option name="BACKGROUND" value="a3a08" />
			</value>
		</option>
		<option name="REST$BOLD">
			<value>
				<option name="FONT_TYPE" value="1" />
			</value>
		</option>
		<option name="REQUIRE_GEM_CALL">
			<value>
				<option name="FONT_TYPE" value="1" />
			</value>
		</option>
		<option name="REGEXP$REDUNDANT_ESCAPE">
			<value>
				<option name="FONT_TYPE" value="1" />
				<option name="FOREGROUND" value="9396c0" />
			</value>
		</option>
		<option name="REGEXP$QUOTE_CHARACTER">
			<value>
				<option name="FONT_TYPE" value="1" />
				<option name="FOREGROUND" value="cc7832" />
			</value>
		</option>
		<option name="REGEXP$PARENTHS">
			<value>
				<option name="FOREGROUND" value="e8bf6a" />
			</value>
		</option>
		<option name="REGEXP$META">
			<value>
				<option name="FONT_TYPE" value="1" />
				<option name="FOREGROUND" value="cc7832" />
			</value>
		</option>
		<option name="REGEXP$INVALID_STRING_ESCAPE">
			<value>
				<option name="FOREGROUND" value="4cd6a3" />
				<option name="BACKGROUND" value="3d0909" />
				<option name="EFFECT_TYPE" value="2" />
				<option name="EFFECT_COLOR" value="bc3f3c" />
			</value>
		</option>
		<option name="REGEXP$ESC_CHARACTER">
			<value>
				<option name="FONT_TYPE" value="1" />
				<option name="FOREGROUND" value="cc7832" />
			</value>
		</option>
		<option name="REGEXP$CHAR_CLASS">
			<value>
				<option name="FONT_TYPE" value="1" />
				<option name="FOREGROUND" value="e8bf6a" />
			</value>
		</option>
		<option name="REGEXP$BRACKETS">
			<value>
				<option name="FOREGROUND" value="e8bf6a" />
			</value>
		</option>
		<option name="REGEXP$BRACES">
			<value>
				<option name="FOREGROUND" value="e8bf6a" />
			</value>
		</option>
		<option name="PY$BUILTIN_NAME">
			<value>
				<option name="FOREGROUND" value="8888c6" />
			</value>
		</option>
		<option name="PROTOCOL_REFERENCE">
			<value>
				<option name="FOREGROUND" value="219598" />
				<option name="EFFECT_TYPE" value="-1" />
			</value>
		</option>
		<option name="PROPERTIES$VALUE">
			<value>
				<option name="FOREGROUND" value="6a8759" />
			</value>
		</option>
		<option name="PROPERTIES$VALID_STRING_ESCAPE">
			<value>
			</value>
		</option>
		<option name="PROPERTIES$KEY_VALUE_SEPARATOR">
			<value>
				<option name="FOREGROUND" value="808080" />
			</value>
		</option>
		<option name="PROPERTIES$KEY">
			<value>
				<option name="FOREGROUND" value="cc7832" />
				<option name="EFFECT_TYPE" value="1" />
			</value>
		</option>
		<option name="PROPERTIES$INVALID_STRING_ESCAPE">
			<value>
				<option name="FOREGROUND" value="ffc66d" />
				<option name="BACKGROUND" value="450505" />
				<option name="EFFECT_TYPE" value="2" />
				<option name="EFFECT_COLOR" value="ff0000" />
			</value>
		</option>
		<option name="PHP_EXEC_COMMAND_ID">
			<value>
				<option name="FOREGROUND" value="a5c25c" />
				<option name="BACKGROUND" value="5e6465" />
			</value>
		</option>
		<option name="OC_FORMAT_TOKEN">
			<value>
				<option name="FOREGROUND" value="cc7832" />
			</value>
		</option>
		<option name="OC$STRUCT_FIELD">
			<value>
				<option name="FOREGROUND" value="9373a5" />
				<option name="EFFECT_TYPE" value="-1" />
			</value>
		</option>
		<option name="OC$STRING">
			<value>
				<option name="FOREGROUND" value="6a8759" />
			</value>
		</option>
		<option name="OC$SELFSUPERTHIS">
			<value>
				<option name="FOREGROUND" value="cc7832" />
			</value>
		</option>
		<option name="OC$PROPERTY">
			<value>
				<option name="FOREGROUND" value="cdbcac" />
				<option name="EFFECT_TYPE" value="-1" />
			</value>
		</option>
		<option name="OC$NUMBER">
			<value>
				<option name="FOREGROUND" value="6897bb" />
			</value>
		</option>
		<option name="OC$KEYWORD">
			<value>
				<option name="FOREGROUND" value="cc7832" />
			</value>
		</option>
		<option name="OC$DIRECTIVE">
			<value>
				<option name="FOREGROUND" value="80b000" />
				<option name="EFFECT_TYPE" value="-1" />
			</value>
		</option>
		<option name="OC$CPP_KEYWORD">
			<value>
				<option name="FOREGROUND" value="cc7832" />
			</value>
		</option>
		<option name="Number">
			<value>
				<option name="FOREGROUND" value="6897bb" />
			</value>
		</option>
		<option name="NOT_USED_ELEMENT_ATTRIBUTES">
			<value>
				<option name="FOREGROUND" value="808080" />
				<option name="EFFECT_TYPE" value="2" />
				<option name="EFFECT_COLOR" value="808080" />
			</value>
		</option>
		<option name="Map key">
			<value>
				<option name="FOREGROUND" value="d0d0ff" />
			</value>
		</option>
		<option name="METHOD_DECLARATION_ATTRIBUTES">
			<value>
				<option name="FOREGROUND" value="ffc66d" />
			</value>
		</option>
		<option name="MESSAGE_ARGUMENT">
			<value>
				<option name="FOREGROUND" value="c4b3a3" />
				<option name="EFFECT_TYPE" value="-1" />
			</value>
		</option>
		<option name="MATCHED_BRACE_ATTRIBUTES">
			<value>
				<option name="FONT_TYPE" value="1" />
				<option name="FOREGROUND" value="ffef28" />
				<option name="BACKGROUND" value="3b514d" />
			</value>
		</option>
		<option name="MACRO_PARAMETER">
			<value>
				<option name="EFFECT_TYPE" value="-1" />
			</value>
		</option>
		<option name="MACRONAME">
			<value>
				<option name="FOREGROUND" value="908b25" />
				<option name="EFFECT_TYPE" value="-1" />
			</value>
		</option>
		<option name="List/map to object conversion">
			<value>
				<option name="FONT_TYPE" value="1" />
				<option name="FOREGROUND" value="e8bf6a" />
			</value>
		</option>
		<option name="LOG_WARNING_OUTPUT">
			<value>
				<option name="FOREGROUND" value="ffa500" />
			</value>
		</option>
		<option name="LOG_EXPIRED_ENTRY">
			<value>
				<option name="FOREGROUND" value="555555" />
			</value>
		</option>
		<option name="LOG_ERROR_OUTPUT">
			<value>
				<option name="FOREGROUND" value="ff6b68" />
			</value>
		</option>
		<option name="LIVE_TEMPLATE_ATTRIBUTES">
			<value>
				<option name="EFFECT_COLOR" value="ff0000" />
			</value>
		</option>
		<option name="LINE_PARTIAL_COVERAGE">
			<value>
				<option name="FONT_TYPE" value="1" />
				<option name="FOREGROUND" value="80805a" />
			</value>
		</option>
		<option name="LINE_NONE_COVERAGE">
			<value>
				<option name="FONT_TYPE" value="1" />
				<option name="FOREGROUND" value="715353" />
			</value>
		</option>
		<option name="LINE_FULL_COVERAGE">
			<value>
				<option name="FONT_TYPE" value="1" />
				<option name="FOREGROUND" value="485848" />
			</value>
		</option>
		<option name="LESS_VARIABLE">
			<value>
				<option name="FOREGROUND" value="d0d0ff" />
			</value>
		</option>
		<option name="LABEL">
			<value>
				<option name="FONT_TYPE" value="2" />
				<option name="EFFECT_TYPE" value="-1" />
			</value>
		</option>
		<option name="JSP_SCRIPTING_BACKGROUND">
			<value>
				<option name="FOREGROUND" value="cc7832" />
			</value>
		</option>
		<option name="JSP_DIRECTIVE_NAME">
			<value>
				<option name="FONT_TYPE" value="1" />
				<option name="FOREGROUND" value="cc7832" />
			</value>
		</option>
		<option name="JS$PARAMETER">
			<value>
				<option name="EFFECT_TYPE" value="1" />
				<option name="EFFECT_COLOR" value="a9b7c6" />
			</value>
		</option>
		<option name="JS$ATTRIBUTE">
			<value>
				<option name="EFFECT_TYPE" value="-1" />
			</value>
		</option>
		<option name="JFLEX_STATE_REF">
			<value>
				<option name="FONT_TYPE" value="1" />
				<option name="FOREGROUND" value="658665" />
				<option name="EFFECT_TYPE" value="-1" />
			</value>
		</option>
		<option name="JFLEX_REGEXP_SYMBOL">
			<value>
				<option name="FOREGROUND" value="999975" />
				<option name="EFFECT_TYPE" value="-1" />
			</value>
		</option>
		<option name="JFLEX_REGEXP_CLASS_SYMBOL">
			<value>
				<option name="FONT_TYPE" value="1" />
				<option name="FOREGROUND" value="999975" />
				<option name="EFFECT_TYPE" value="-1" />
			</value>
		</option>
		<option name="JFLEX_REGEXP_BACKGROUND">
			<value>
				<option name="EFFECT_TYPE" value="-1" />
			</value>
		</option>
		<option name="JFLEX_OPTION_BACKGROUND">
			<value>
				<option name="EFFECT_TYPE" value="-1" />
			</value>
		</option>
		<option name="JFLEX_MACROS_REF">
			<value>
				<option name="FOREGROUND" value="9876aa" />
				<option name="EFFECT_TYPE" value="-1" />
			</value>
		</option>
		<option name="JFLEX_MACROS">
			<value>
				<option name="FONT_TYPE" value="1" />
				<option name="FOREGROUND" value="c63c41" />
				<option name="EFFECT_TYPE" value="-1" />
			</value>
		</option>
		<option name="JFLEX_COMMA">
			<value>
			</value>
		</option>
		<option name="JFLEX_ANGLE_BRACKETS">
			<value>
				<option name="FOREGROUND" value="658665" />
			</value>
		</option>
		<option name="JFLEX$SECTION_SIGN">
			<value>
				<option name="FONT_TYPE" value="1" />
				<option name="EFFECT_TYPE" value="3" />
			</value>
		</option>
		<option name="JFLEX$OPTION_SIGN">
			<value>
				<option name="EFFECT_TYPE" value="4" />
			</value>
		</option>
		<option name="JFLEX$OPTION_PARAMETER">
			<value>
				<option name="EFFECT_TYPE" value="-1" />
			</value>
		</option>
		<option name="JFLEX$OPTION_KEYWORD">
			<value>
				<option name="FONT_TYPE" value="1" />
				<option name="FOREGROUND" value="c69d9d" />
				<option name="EFFECT_TYPE" value="-1" />
			</value>
		</option>
		<option name="JFLEX$JAVA_CODE">
			<value>
				<option name="EFFECT_TYPE" value="-1" />
			</value>
		</option>
		<option name="JAVA_VALID_STRING_ESCAPE">
			<value>
				<option name="FOREGROUND" value="cc7832" />
			</value>
		</option>
		<option name="JAVA_STRING">
			<value>
				<option name="FOREGROUND" value="6a8759" />
			</value>
		</option>
		<option name="JAVA_SEMICOLON">
			<value>
				<option name="FOREGROUND" value="cc7832" />
			</value>
		</option>
		<option name="JAVA_NUMBER">
			<value>
				<option name="FOREGROUND" value="6897bb" />
			</value>
		</option>
		<option name="JAVA_LINE_COMMENT">
			<value>
				<option name="FOREGROUND" value="808080" />
			</value>
		</option>
		<option name="JAVA_KEYWORD">
			<value>
				<option name="FOREGROUND" value="cc7832" />
			</value>
		</option>
		<option name="JAVA_INVALID_STRING_ESCAPE">
			<value>
				<option name="FOREGROUND" value="6a8759" />
				<option name="EFFECT_TYPE" value="2" />
				<option name="EFFECT_COLOR" value="ff0000" />
			</value>
		</option>
		<option name="JAVA_DOC_TAG">
			<value>
				<option name="EFFECT_TYPE" value="1" />
			</value>
		</option>
		<option name="JAVA_DOC_MARKUP">
			<value>
			</value>
		</option>
		<option name="JAVA_DOC_COMMENT">
			<value>
				<option name="FOREGROUND" value="629755" />
			</value>
		</option>
		<option name="JAVA_COMMA">
			<value>
				<option name="FOREGROUND" value="cc7832" />
			</value>
		</option>
		<option name="Invalid string escape">
			<value>
				<option name="EFFECT_TYPE" value="2" />
				<option name="EFFECT_COLOR" value="ff0000" />
			</value>
		</option>
		<option name="Instance property reference ID">
			<value>
				<option name="FOREGROUND" value="9876aa" />
			</value>
		</option>
		<option name="Instance field">
			<value>
				<option name="FOREGROUND" value="9876aa" />
			</value>
		</option>
		<option name="Implicit conversion second part">
			<value>
				<option name="FOREGROUND" value="1e7866" />
				<option name="EFFECT_TYPE" value="-1" />
			</value>
		</option>
		<option name="Implicit conversion first part">
			<value>
				<option name="FOREGROUND" value="1a5746" />
				<option name="EFFECT_TYPE" value="-1" />
			</value>
		</option>
		<option name="IVAR">
			<value>
				<option name="FOREGROUND" value="9373a5" />
				<option name="EFFECT_TYPE" value="-1" />
			</value>
		</option>
		<option name="INTELLIJ_LOCAL_CHANGE">
			<value>
				<option name="FOREGROUND" value="d0d0ff" />
				<option name="EFFECT_TYPE" value="-1" />
			</value>
		</option>
		<option name="INSTANCE_FIELD_ATTRIBUTES">
			<value>
				<option name="FOREGROUND" value="9876aa" />
				<option name="EFFECT_TYPE" value="1" />
			</value>
		</option>
		<option name="INSPECTION_MULTIPLE_RESOLVE_WARNING_ID">
			<value>
			</value>
		</option>
		<option name="INJECTED_LANGUAGE_FRAGMENT">
			<value>
			</value>
		</option>
		<option name="INFO_ATTRIBUTES">
			<value>
				<option name="EFFECT_TYPE" value="2" />
				<option name="EFFECT_COLOR" value="a8a8a8" />
			</value>
		</option>
		<option name="INCLUDE_JAVA_CALL">
			<value>
				<option name="FONT_TYPE" value="1" />
				<option name="FOREGROUND" value="f7b891" />
			</value>
		</option>
		<option name="IMPLICIT_ANONYMOUS_CLASS_PARAMETER_ATTRIBUTES">
			<value>
				<option name="FOREGROUND" value="b389c5" />
				<option name="EFFECT_TYPE" value="1" />
				<option name="EFFECT_COLOR" value="b389c5" />
			</value>
		</option>
		<option name="IDENTIFIER_UNDER_CARET_ATTRIBUTES">
			<value>
				<option name="ERROR_STRIPE_COLOR" value="5d8e48" />
				<option name="EFFECT_TYPE" value="1" />
				<option name="EFFECT_COLOR" value="5d8730" />
			</value>
		</option>
		<option name="HYPERLINK_ATTRIBUTES">
			<value>
				<option name="FOREGROUND" value="5f9add" />
				<option name="EFFECT_TYPE" value="1" />
				<option name="EFFECT_COLOR" value="5f9add" />
			</value>
		</option>
		<option name="HTML_TAG_NAME">
			<value>
				<option name="FOREGROUND" value="969696" />
			</value>
		</option>
		<option name="HTML_TAG">
			<value>
				<option name="FOREGROUND" value="8c8c8c" />
			</value>
		</option>
		<option name="HTML_ENTITY_REFERENCE">
			<value>
				<option name="FOREGROUND" value="6d9cbe" />
			</value>
		</option>
		<option name="HTML_COMMENT">
			<value>
				<option name="FONT_TYPE" value="2" />
				<option name="FOREGROUND" value="808080" />
			</value>
		</option>
		<option name="HTML_CODE">
			<value>
				<option name="FOREGROUND" value="eae7f3" />
				<option name="BACKGROUND" value="2b2b2b" />
				<option name="EFFECT_TYPE" value="5" />
			</value>
		</option>
		<option name="HTML_ATTRIBUTE_VALUE">
			<value>
				<option name="FOREGROUND" value="a86cff" />
			</value>
		</option>
		<option name="HTML_ATTRIBUTE_NAME">
			<value>
				<option name="FOREGROUND" value="ebebeb" />
			</value>
		</option>
		<option name="HAML_XHTML">
			<value>
			</value>
		</option>
		<option name="HAML_TEXT">
			<value>
				<option name="EFFECT_TYPE" value="2" />
			</value>
		</option>
		<option name="HAML_TAG">
			<value>
				<option name="FOREGROUND" value="e8bf6a" />
			</value>
		</option>
		<option name="HAML_RUBY_START">
			<value>
			</value>
		</option>
		<option name="HAML_RUBY_CODE">
			<value>
				<option name="BACKGROUND" value="232323" />
			</value>
		</option>
		<option name="HAML_ID">
			<value>
				<option name="FOREGROUND" value="e8bf6a" />
			</value>
		</option>
		<option name="HAML_FILTER_CONTENT">
			<value>
			</value>
		</option>
		<option name="HAML_FILTER">
			<value>
			</value>
		</option>
		<option name="HAML_COMMENT">
			<value>
				<option name="FONT_TYPE" value="2" />
				<option name="FOREGROUND" value="bc9458" />
			</value>
		</option>
		<option name="HAML_CLASS">
			<value>
				<option name="FOREGROUND" value="e8bf6a" />
			</value>
		</option>
		<option name="Groovydoc tag">
			<value>
				<option name="FOREGROUND" value="7cb36f" />
				<option name="EFFECT_TYPE" value="1" />
			</value>
		</option>
		<option name="Groovydoc comment">
			<value>
				<option name="FONT_TYPE" value="2" />
				<option name="FOREGROUND" value="629755" />
			</value>
		</option>
		<option name="Groovy method declaration">
			<value>
			</value>
		</option>
		<option name="GString">
			<value>
				<option name="FOREGROUND" value="6a8759" />
			</value>
		</option>
		<option name="GROOVY_KEYWORD">
			<value>
				<option name="FOREGROUND" value="cc7832" />
			</value>
		</option>
		<option name="GRADLE_NO_CHANGE">
			<value>
				<option name="EFFECT_TYPE" value="-1" />
			</value>
		</option>
		<option name="GRADLE_CHANGE_CONFLICT">
			<value>
				<option name="FOREGROUND" value="db4233" />
				<option name="EFFECT_TYPE" value="-1" />
			</value>
		</option>
		<option name="GITIGNORE$SECTION">
			<value>
				<option name="FOREGROUND" value="8c8c8c" />
				<option name="BACKGROUND" value="3a3a3a" />
			</value>
		</option>
		<option name="GITIGNORE$NEGATION">
			<value>
				<option name="FONT_TYPE" value="1" />
				<option name="FOREGROUND" value="cc7832" />
			</value>
		</option>
		<option name="GITIGNORE$HEADER">
			<value>
				<option name="FONT_TYPE" value="1" />
				<option name="FOREGROUND" value="8c8c8c" />
				<option name="BACKGROUND" value="3a3a3a" />
			</value>
		</option>
		<option name="GITIGNORE$ENTRY_FILE">
			<value>
				<option name="FOREGROUND" value="629755" />
			</value>
		</option>
		<option name="GITIGNORE$ENTRY_DIRECTORY">
			<value>
				<option name="FOREGROUND" value="6897bb" />
			</value>
		</option>
		<option name="GITIGNORE$COMMENT">
			<value>
				<option name="FOREGROUND" value="808080" />
			</value>
		</option>
		<option name="GHERKIN_REGEXP_PARAMETER">
			<value>
				<option name="FONT_TYPE" value="1" />
				<option name="FOREGROUND" value="297bde" />
			</value>
		</option>
		<option name="GENERIC_SERVER_ERROR_OR_WARNING">
			<value>
				<option name="ERROR_STRIPE_COLOR" value="f49810" />
				<option name="EFFECT_TYPE" value="1" />
				<option name="EFFECT_COLOR" value="f49810" />
			</value>
		</option>
		<option name="FOLLOWED_HYPERLINK_ATTRIBUTES">
			<value>
				<option name="FOREGROUND" value="5f9add" />
				<option name="EFFECT_TYPE" value="1" />
				<option name="EFFECT_COLOR" value="5f9add" />
			</value>
		</option>
		<option name="FOLDED_TEXT_ATTRIBUTES">
			<value>
				<option name="FOREGROUND" value="8c8c8c" />
				<option name="BACKGROUND" value="3a3a3a" />
			</value>
		</option>
		<option name="EXECUTIONPOINT_ATTRIBUTES">
			<value>
				<option name="BACKGROUND" value="2d6099" />
			</value>
		</option>
		<option name="ERRORS_ATTRIBUTES">
			<value>
				<option name="ERROR_STRIPE_COLOR" value="bc3f3c" />
				<option name="EFFECT_TYPE" value="2" />
				<option name="EFFECT_COLOR" value="bc3f3c" />
			</value>
		</option>
		<option name="ENUM_CONST">
			<value>
				<option name="FOREGROUND" value="9373a5" />
				<option name="EFFECT_TYPE" value="-1" />
			</value>
		</option>
		<option name="DUPLICATE_FROM_SERVER">
			<value>
				<option name="BACKGROUND" value="5e5339" />
			</value>
		</option>
		<option name="DOC_COMMENT_TAG_VALUE">
			<value>
				<option name="FOREGROUND" value="8a653b" />
			</value>
		</option>
		<option name="DIFF_MODIFIED">
			<value>
				<option name="BACKGROUND" value="385570" />
				<option name="ERROR_STRIPE_COLOR" value="43698d" />
			</value>
		</option>
		<option name="DIFF_INSERTED">
			<value>
				<option name="BACKGROUND" value="294436" />
				<option name="ERROR_STRIPE_COLOR" value="447152" />
			</value>
		</option>
		<option name="DIFF_DELETED">
			<value>
				<option name="BACKGROUND" value="484a4a" />
				<option name="ERROR_STRIPE_COLOR" value="656e76" />
			</value>
		</option>
		<option name="DIFF_CONFLICT">
			<value>
				<option name="BACKGROUND" value="45302b" />
				<option name="ERROR_STRIPE_COLOR" value="8f5247" />
			</value>
		</option>
		<option name="DEPRECATED_ATTRIBUTES">
			<value>
				<option name="EFFECT_TYPE" value="3" />
				<option name="EFFECT_COLOR" value="c3c3c3" />
			</value>
		</option>
		<option name="DELETED_TEXT_ATTRIBUTES">
			<value>
				<option name="FOREGROUND" value="bbbbbb" />
				<option name="BACKGROUND" value="450505" />
				<option name="EFFECT_TYPE" value="3" />
				<option name="EFFECT_COLOR" value="c3c3c3" />
			</value>
		</option>
		<option name="DEFAULT_VALID_STRING_ESCAPE">
			<value>
				<option name="FOREGROUND" value="5f9add" />
			</value>
		</option>
		<option name="DEFAULT_STRING">
			<value>
				<option name="FOREGROUND" value="779a89" />
			</value>
		</option>
		<option name="DEFAULT_STATIC_METHOD">
			<value>
				<option name="FONT_TYPE" value="2" />
				<option name="FOREGROUND" value="a86cff" />
			</value>
		</option>
		<option name="DEFAULT_STATIC_FIELD">
			<value>
				<option name="FONT_TYPE" value="2" />
				<option name="FOREGROUND" value="e7e7e7" />
			</value>
		</option>
		<option name="DEFAULT_SEMICOLON">
			<value>
				<option name="FOREGROUND" value="e9e8f1" />
			</value>
		</option>
		<option name="DEFAULT_PARENTHS">
			<value>
			</value>
		</option>
		<option name="DEFAULT_PARAMETER">
			<value>
				<option name="FOREGROUND" value="d6d6d6" />
			</value>
		</option>
		<option name="DEFAULT_OPERATION_SIGN">
			<value>
			</value>
		</option>
		<option name="DEFAULT_NUMBER">
			<value>
				<option name="FOREGROUND" value="e7e7e7" />
			</value>
		</option>
		<option name="DEFAULT_METADATA">
			<value>
				<option name="FOREGROUND" value="5f9add" />
			</value>
		</option>
		<option name="DEFAULT_LOCAL_VARIABLE">
			<value>
				<option name="FOREGROUND" value="e7e7e7" />
			</value>
		</option>
		<option name="DEFAULT_LINE_COMMENT">
			<value>
				<option name="FOREGROUND" value="888888" />
			</value>
		</option>
		<option name="DEFAULT_KEYWORD">
			<value>
				<option name="FOREGROUND" value="5f9add" />
			</value>
		</option>
		<option name="DEFAULT_INVALID_STRING_ESCAPE">
			<value>
				<option name="FOREGROUND" value="6a8759" />
				<option name="EFFECT_TYPE" value="2" />
				<option name="EFFECT_COLOR" value="ff0000" />
			</value>
		</option>
		<option name="DEFAULT_INSTANCE_FIELD">
			<value>
				<option name="FOREGROUND" value="e7e7e7" />
			</value>
		</option>
		<option name="DEFAULT_IDENTIFIER">
			<value>
				<option name="FOREGROUND" value="9a68f3" />
			</value>
		</option>
		<option name="DEFAULT_DOT">
			<value>
			</value>
		</option>
		<option name="DEFAULT_DOC_MARKUP">
			<value>
				<option name="FOREGROUND" value="779a89" />
			</value>
		</option>
		<option name="DEFAULT_DOC_COMMENT_TAG">
			<value>
				<option name="FONT_TYPE" value="3" />
				<option name="FOREGROUND" value="7f7f7f" />
				<option name="EFFECT_TYPE" value="1" />
				<option name="EFFECT_COLOR" value="747474" />
			</value>
		</option>
		<option name="DEFAULT_DOC_COMMENT">
			<value>
				<option name="FOREGROUND" value="888888" />
			</value>
		</option>
		<option name="DEFAULT_CONSTANT">
			<value>
				<option name="FONT_TYPE" value="2" />
				<option name="FOREGROUND" value="e9e9e9" />
			</value>
		</option>
		<option name="DEFAULT_COMMA">
			<value>
				<option name="FOREGROUND" value="e0d4d4" />
			</value>
		</option>
		<option name="DEFAULT_CLASS_REFERENCE">
			<value>
				<option name="FOREGROUND" value="769aa5" />
			</value>
		</option>
		<option name="DEFAULT_BRACKETS">
			<value>
			</value>
		</option>
		<option name="DEFAULT_BRACES">
			<value>
			</value>
		</option>
		<option name="DEFAULT_BLOCK_COMMENT">
			<value>
				<option name="FONT_TYPE" value="2" />
				<option name="FOREGROUND" value="888888" />
			</value>
		</option>
		<option name="Class">
			<value>
			</value>
		</option>
		<option name="CUSTOM_VALID_STRING_ESCAPE_ATTRIBUTES">
			<value>
				<option name="FOREGROUND" value="4646f1" />
			</value>
		</option>
		<option name="CUSTOM_STRING_ATTRIBUTES">
			<value>
				<option name="FOREGROUND" value="6a8759" />
			</value>
		</option>
		<option name="CUSTOM_NUMBER_ATTRIBUTES">
			<value>
				<option name="FOREGROUND" value="6897bb" />
			</value>
		</option>
		<option name="CUSTOM_MULTI_LINE_COMMENT_ATTRIBUTES">
			<value>
				<option name="FONT_TYPE" value="2" />
				<option name="FOREGROUND" value="808080" />
			</value>
		</option>
		<option name="CUSTOM_LINE_COMMENT_ATTRIBUTES">
			<value>
				<option name="FONT_TYPE" value="2" />
				<option name="FOREGROUND" value="808080" />
			</value>
		</option>
		<option name="CUSTOM_KEYWORD4_ATTRIBUTES">
			<value>
				<option name="FOREGROUND" value="c93b48" />
				<option name="EFFECT_TYPE" value="1" />
			</value>
		</option>
		<option name="CUSTOM_KEYWORD3_ATTRIBUTES">
			<value>
				<option name="FOREGROUND" value="f9795" />
			</value>
		</option>
		<option name="CUSTOM_KEYWORD2_ATTRIBUTES">
			<value>
				<option name="FOREGROUND" value="ab51ba" />
			</value>
		</option>
		<option name="CUSTOM_KEYWORD1_ATTRIBUTES">
			<value>
				<option name="FOREGROUND" value="cc7832" />
			</value>
		</option>
		<option name="CUSTOM_INVALID_STRING_ESCAPE_ATTRIBUTES">
			<value>
				<option name="FOREGROUND" value="8000" />
				<option name="BACKGROUND" value="ffcccc" />
			</value>
		</option>
		<option name="CTRL_CLICKABLE">
			<value>
				<option name="FOREGROUND" value="589df6" />
				<option name="EFFECT_TYPE" value="1" />
				<option name="EFFECT_COLOR" value="589df6" />
			</value>
		</option>
		<option name="CSS$URL">
			<value>
				<option name="FOREGROUND" value="287bde" />
			</value>
		</option>
		<option name="CSS$TAG_NAME">
			<value>
				<option name="FOREGROUND" value="cc7832" />
			</value>
		</option>
		<option name="CSS$STRING">
			<value>
				<option name="FOREGROUND" value="a5c261" />
			</value>
		</option>
		<option name="CSS$PROPERTY_VALUE">
			<value>
				<option name="FOREGROUND" value="a9b7c6" />
			</value>
		</option>
		<option name="CSS$PROPERTY_NAME">
			<value>
				<option name="FOREGROUND" value="a86cff" />
			</value>
		</option>
		<option name="CSS$NUMBER">
			<value>
				<option name="FOREGROUND" value="6897bb" />
			</value>
		</option>
		<option name="CSS$KEYWORD">
			<value>
				<option name="FOREGROUND" value="cc7832" />
			</value>
		</option>
		<option name="CSS$IMPORTANT">
			<value>
				<option name="FONT_TYPE" value="1" />
				<option name="FOREGROUND" value="cc7832" />
			</value>
		</option>
		<option name="CSS$IDENT">
			<value>
				<option name="FOREGROUND" value="e7e7e7" />
			</value>
		</option>
		<option name="CSS$FUNCTION">
			<value>
				<option name="FOREGROUND" value="ffc66d" />
			</value>
		</option>
		<option name="CSS$COMMENT">
			<value>
				<option name="FOREGROUND" value="808080" />
			</value>
		</option>
		<option name="CSS$COLOR">
			<value>
				<option name="FOREGROUND" value="6897bb" />
			</value>
		</option>
		<option name="CONSOLE_YELLOW_OUTPUT">
			<value>
				<option name="FOREGROUND" value="cdcd00" />
			</value>
		</option>
		<option name="CONSOLE_YELLOW_BRIGHT_OUTPUT">
			<value>
				<option name="FOREGROUND" value="ffff00" />
			</value>
		</option>
		<option name="CONSOLE_WHITE_OUTPUT">
			<value>
				<option name="FOREGROUND" value="bbbbbb" />
			</value>
		</option>
		<option name="CONSOLE_USER_INPUT">
			<value>
				<option name="FONT_TYPE" value="2" />
				<option name="FOREGROUND" value="7f00" />
			</value>
		</option>
		<option name="CONSOLE_SYSTEM_OUTPUT">
			<value>
				<option name="FOREGROUND" value="bbbbbb" />
			</value>
		</option>
		<option name="CONSOLE_RED_OUTPUT">
			<value>
				<option name="FOREGROUND" value="ff6b68" />
			</value>
		</option>
		<option name="CONSOLE_RED_BRIGHT_OUTPUT">
			<value>
				<option name="FOREGROUND" value="ff8785" />
			</value>
		</option>
		<option name="CONSOLE_RANGE_TO_EXECUTE">
			<value>
				<option name="BACKGROUND" value="3e3850" />
			</value>
		</option>
		<option name="CONSOLE_OUTPUT">
			<value>
				<option name="BACKGROUND" value="454545" />
			</value>
		</option>
		<option name="CONSOLE_NORMAL_OUTPUT">
			<value>
				<option name="FOREGROUND" value="bbbbbb" />
			</value>
		</option>
		<option name="CONSOLE_MAGENTA_OUTPUT">
			<value>
				<option name="FOREGROUND" value="ff70ff" />
			</value>
		</option>
		<option name="CONSOLE_MAGENTA_BRIGHT_OUTPUT">
			<value>
				<option name="FOREGROUND" value="ff99ff" />
			</value>
		</option>
		<option name="CONSOLE_GREEN_OUTPUT">
			<value>
				<option name="FOREGROUND" value="7f00" />
			</value>
		</option>
		<option name="CONSOLE_GREEN_BRIGHT_OUTPUT">
			<value>
				<option name="FOREGROUND" value="70ff70" />
			</value>
		</option>
		<option name="CONSOLE_GRAY_OUTPUT">
			<value>
				<option name="FOREGROUND" value="999999" />
			</value>
		</option>
		<option name="CONSOLE_ERROR_OUTPUT">
			<value>
				<option name="FOREGROUND" value="ff6b68" />
			</value>
		</option>
		<option name="CONSOLE_DARKGRAY_OUTPUT">
			<value>
				<option name="FOREGROUND" value="555555" />
			</value>
		</option>
		<option name="CONSOLE_CYAN_OUTPUT">
			<value>
				<option name="FOREGROUND" value="33cccc" />
			</value>
		</option>
		<option name="CONSOLE_CYAN_BRIGHT_OUTPUT">
			<value>
				<option name="FOREGROUND" value="6cdada" />
			</value>
		</option>
		<option name="CONSOLE_BLUE_OUTPUT">
			<value>
				<option name="FOREGROUND" value="5394ec" />
			</value>
		</option>
		<option name="CONSOLE_BLUE_BRIGHT_OUTPUT">
			<value>
				<option name="FOREGROUND" value="7eaef1" />
			</value>
		</option>
		<option name="CONSOLE_BLACK_OUTPUT">
			<value>
				<option name="FOREGROUND" value="0" />
			</value>
		</option>
		<option name="CONDITIONALLY_NOT_COMPILED">
			<value>
				<option name="FOREGROUND" value="536c46" />
				<option name="EFFECT_TYPE" value="-1" />
			</value>
		</option>
		<option name="COFFEESCRIPT$PARAMETER">
			<value>
				<option name="EFFECT_TYPE" value="1" />
				<option name="EFFECT_COLOR" value="a9b7c6" />
			</value>
		</option>
		<option name="COFFEESCRIPT$LOCAL_VARIABLE">
			<value>
				<option name="EFFECT_TYPE" value="-1" />
			</value>
		</option>
		<option name="COFFEESCRIPT$JAVASCRIPT_CONTENT">
			<value>
				<option name="FOREGROUND" value="a9b7c6" />
				<option name="EFFECT_TYPE" value="5" />
			</value>
		</option>
		<option name="COFFEESCRIPT$GLOBAL_VARIABLE">
			<value>
				<option name="FONT_TYPE" value="2" />
				<option name="EFFECT_TYPE" value="1" />
			</value>
		</option>
		<option name="COFFEESCRIPT$EXPRESSIONS_SUBSTITUTION_MARK">
			<value>
				<option name="FOREGROUND" value="a9b7c6" />
				<option name="EFFECT_TYPE" value="5" />
			</value>
		</option>
		<option name="CLASS_REFERENCE">
			<value>
				<option name="FOREGROUND" value="769aa5" />
				<option name="EFFECT_TYPE" value="-1" />
			</value>
		</option>
		<option name="Bad character">
			<value>
				<option name="FOREGROUND" value="ff0000" />
				<option name="ERROR_STRIPE_COLOR" value="ff0000" />
				<option name="EFFECT_TYPE" value="2" />
			</value>
		</option>
		<option name="BROWSEWORDATCARET">
			<value>
				<option name="ERROR_STRIPE_COLOR" value="273955" />
				<option name="EFFECT_COLOR" value="526da5" />
			</value>
		</option>
		<option name="BREAKPOINT_ATTRIBUTES">
			<value>
				<option name="BACKGROUND" value="3a2323" />
			</value>
		</option>
		<option name="BOOKMARKS_ATTRIBUTES">
			<value>
				<option name="ERROR_STRIPE_COLOR" value="0" />
			</value>
		</option>
		<option name="BNF_TOKEN">
			<value>
			</value>
		</option>
		<option name="BNF_STRING">
			<value>
				<option name="FOREGROUND" value="629755" />
			</value>
		</option>
		<option name="BNF_RULE">
			<value>
				<option name="FOREGROUND" value="da4939" />
			</value>
		</option>
		<option name="BNF_NUMBER">
			<value>
				<option name="FOREGROUND" value="6897bb" />
			</value>
		</option>
		<option name="BNF_KEYWORD">
			<value>
				<option name="FOREGROUND" value="cc7832" />
			</value>
		</option>
		<option name="BNF_ILLEGAL">
			<value>
				<option name="FOREGROUND" value="ff0000" />
			</value>
		</option>
		<option name="BNF_EXTERNAL">
			<value>
				<option name="FONT_TYPE" value="2" />
			</value>
		</option>
		<option name="BAD_CHARACTER">
			<value>
				<option name="EFFECT_TYPE" value="2" />
				<option name="EFFECT_COLOR" value="ff0000" />
			</value>
		</option>
		<option name="ATTR_INTERNAL_CALL_ID">
			<value>
				<option name="FONT_TYPE" value="1" />
				<option name="FOREGROUND" value="a2cff5" />
			</value>
		</option>
		<option name="ANNOTATION_NAME_ATTRIBUTES">
			<value>
				<option name="FOREGROUND" value="bbb529" />
				<option name="EFFECT_TYPE" value="1" />
			</value>
		</option>
		<option name="ANNOTATION_ATTRIBUTE_NAME_ATTRIBUTES">
			<value>
				<option name="FOREGROUND" value="d0d0ff" />
			</value>
		</option>
	</attributes>
</scheme>