<?xml version="1.0" encoding="UTF-8"?>
<scheme name="Solarized dark by vpavkin" version="1" parent_scheme="Default">
	<option name="LINE_SPACING" value="1.0" />
	<option name="EDITOR_FONT_SIZE" value="12" />
	<option name="EDITOR_FONT_NAME" value="Menlo" />
	<colors>
		<option name="ADDED_LINES_COLOR" value="5f815f" />
		<option name="ANNOTATIONS_COLOR" value="a3ff1b" />
		<option name="CARET_COLOR" value="c0c5ce" />
		<option name="CARET_ROW_COLOR" value="000000" />
		<option name="CONSOLE_BACKGROUND_KEY" value="1b2b34" />
		<option name="FILESTATUS_ADDED" value="10b300" />
		<option name="FILESTATUS_MODIFIED" value="3b76e1" />
		<option name="FILESTATUS_UNKNOWN" value="af4d5f" />
		<option name="FOLDING_TREE_COLOR" value="ffffff" />
		<option name="GUTTER_BACKGROUND" value="1b2b34" />
		<option name="LINE_NUMBERS_COLOR" value="cdd3de" />
		<option name="METHOD_SEPARATORS_COLOR" value="202020" />
		<option name="MODIFIED_LINES_COLOR" value="4a6d93" />
		<option name="READONLY_FRAGMENT_BACKGROUND" value="000000" />
		<option name="RIGHT_MARGIN_COLOR" value="0d1622" />
		<option name="SELECTED_FOLDING_TREE_COLOR" value="ffffff" />
		<option name="SELECTED_INDENT_GUIDE" value="cdd3de" />
		<option name="SELECTION_BACKGROUND" value="4f5b66" />
		<option name="SELECTION_FOREGROUND" value="a7adba" />
		<option name="WHITESPACES_MODIFIED_LINES_COLOR" value="324865" />
	</colors>
	<attributes>
		<option name="ABSTRACT_CLASS_NAME_ATTRIBUTES">
			<value>
				<option name="FOREGROUND" value="fac863" />
			</value>
		</option>
		<option name="ANNOTATION_ATTRIBUTE_NAME_ATTRIBUTES">
			<value>
				<option name="FOREGROUND" value="eb606b" />
			</value>
		</option>
		<option name="ANNOTATION_NAME_ATTRIBUTES">
			<value>
				<option name="FOREGROUND" value="28b84e" />
				<option name="EFFECT_TYPE" value="1" />
			</value>
		</option>
		<option name="ANONYMOUS_CLASS_NAME_ATTRIBUTES">
			<value>
				<option name="FOREGROUND" value="fac863" />
			</value>
		</option>
		<option name="ATTR_INTERNAL_CALL_ID">
			<value>
				<option name="FONT_TYPE" value="1" />
			</value>
		</option>
		<option name="Annotation">
			<value>
				<option name="FOREGROUND" value="0099ff" />
				<option name="EFFECT_TYPE" value="1" />
			</value>
		</option>
		<option name="BAD_CHARACTER">
			<value>
				<option name="EFFECT_TYPE" value="2" />
				<option name="EFFECT_COLOR" value="ff0000" />
			</value>
		</option>
		<option name="BREAKPOINT_ATTRIBUTES">
			<value>
				<option name="BACKGROUND" value="370707" />
			</value>
		</option>
		<option name="Bad character">
			<value>
				<option name="EFFECT_TYPE" value="2" />
				<option name="EFFECT_COLOR" value="ff0000" />
			</value>
		</option>
		<option name="Block comment">
			<value>
				<option name="FONT_TYPE" value="2" />
				<option name="FOREGROUND" value="a6a684" />
			</value>
		</option>
		<option name="CLASS_NAME_ATTRIBUTES">
			<value>
				<option name="FOREGROUND" value="fac863" />
			</value>
		</option>
		<option name="CONSOLE_BLUE_OUTPUT">
			<value>
				<option name="FOREGROUND" value="6699cc" />
			</value>
		</option>
		<option name="CONSOLE_CYAN_OUTPUT">
			<value>
				<option name="FOREGROUND" value="5fb3b3" />
			</value>
		</option>
		<option name="CONSOLE_DARKGRAY_OUTPUT">
			<value>
				<option name="FOREGROUND" value="343d46" />
			</value>
		</option>
		<option name="CONSOLE_ERROR_OUTPUT">
			<value>
				<option name="FOREGROUND" value="eb3e53" />
			</value>
		</option>
		<option name="CONSOLE_GRAY_OUTPUT">
			<value>
				<option name="FOREGROUND" value="4f5b66" />
			</value>
		</option>
		<option name="CONSOLE_GREEN_OUTPUT">
			<value>
				<option name="FOREGROUND" value="99c794" />
			</value>
		</option>
		<option name="CONSOLE_MAGENTA_OUTPUT">
			<value>
				<option name="FOREGROUND" value="c594c5" />
			</value>
		</option>
		<option name="CONSOLE_NORMAL_OUTPUT">
			<value>
				<option name="FOREGROUND" value="cdd3de" />
			</value>
		</option>
		<option name="CONSOLE_RED_OUTPUT">
			<value>
				<option name="FOREGROUND" value="eb3e53" />
			</value>
		</option>
		<option name="CONSOLE_SYSTEM_OUTPUT">
			<value>
				<option name="FOREGROUND" value="84cc71" />
			</value>
		</option>
		<option name="CONSOLE_USER_INPUT">
			<value>
				<option name="FONT_TYPE" value="2" />
				<option name="FOREGROUND" value="99c794" />
			</value>
		</option>
		<option name="CONSOLE_YELLOW_OUTPUT">
			<value>
				<option name="FOREGROUND" value="fac863" />
			</value>
		</option>
		<option name="CONSTRUCTOR_CALL_ATTRIBUTES">
			<value>
				<option name="FOREGROUND" value="fac863" />
			</value>
		</option>
		<option name="CONSTRUCTOR_DECLARATION_ATTRIBUTES">
			<value>
				<option name="FOREGROUND" value="fac863" />
			</value>
		</option>
		<option name="CUSTOM_INVALID_STRING_ESCAPE_ATTRIBUTES">
			<value>
				<option name="FOREGROUND" value="008000" />
				<option name="EFFECT_TYPE" value="2" />
				<option name="EFFECT_COLOR" value="ff0000" />
			</value>
		</option>
		<option name="CUSTOM_KEYWORD1_ATTRIBUTES">
			<value>
				<option name="FOREGROUND" value="0099ff" />
			</value>
		</option>
		<option name="CUSTOM_KEYWORD2_ATTRIBUTES">
			<value>
				<option name="FOREGROUND" value="660e7a" />
			</value>
		</option>
		<option name="CUSTOM_KEYWORD3_ATTRIBUTES">
			<value>
				<option name="FOREGROUND" value="006666" />
			</value>
		</option>
		<option name="CUSTOM_KEYWORD4_ATTRIBUTES">
			<value>
				<option name="FOREGROUND" value="660000" />
			</value>
		</option>
		<option name="CUSTOM_LINE_COMMENT_ATTRIBUTES">
			<value>
				<option name="FONT_TYPE" value="2" />
				<option name="FOREGROUND" value="a6a684" />
			</value>
		</option>
		<option name="CUSTOM_MULTI_LINE_COMMENT_ATTRIBUTES">
			<value>
				<option name="FONT_TYPE" value="2" />
				<option name="FOREGROUND" value="a6a684" />
			</value>
		</option>
		<option name="CUSTOM_NUMBER_ATTRIBUTES">
			<value>
				<option name="FOREGROUND" value="99ff00" />
			</value>
		</option>
		<option name="CUSTOM_STRING_ATTRIBUTES">
			<value>
				<option name="FONT_TYPE" value="1" />
				<option name="FOREGROUND" value="99ff99" />
			</value>
		</option>
		<option name="CUSTOM_VALID_STRING_ESCAPE_ATTRIBUTES">
			<value>
				<option name="FONT_TYPE" value="1" />
				<option name="FOREGROUND" value="af69f2" />
			</value>
		</option>
		<option name="DEFAULT_ATTRIBUTE">
			<value>
				<option name="FOREGROUND" value="c594c5" />
				<option name="EFFECT_TYPE" value="5" />
			</value>
		</option>
		<option name="DEFAULT_BLOCK_COMMENT">
			<value>
				<option name="FONT_TYPE" value="2" />
				<option name="FOREGROUND" value="65737e" />
			</value>
		</option>
		<option name="DEFAULT_BRACES">
			<value>
				<option name="FOREGROUND" value="5fb3b3" />
			</value>
		</option>
		<option name="DEFAULT_BRACKETS">
			<value>
				<option name="FOREGROUND" value="5fb3b3" />
			</value>
		</option>
		<option name="DEFAULT_CLASS_NAME">
			<value>
				<option name="FOREGROUND" value="fac863" />
				<option name="EFFECT_TYPE" value="5" />
			</value>
		</option>
		<option name="DEFAULT_COMMA">
			<value>
				<option name="FOREGROUND" value="5fb3b3" />
			</value>
		</option>
		<option name="DEFAULT_CONSTANT">
			<value>
				<option name="FOREGROUND" value="f99157" />
				<option name="EFFECT_TYPE" value="5" />
			</value>
		</option>
		<option name="DEFAULT_DOC_COMMENT">
			<value>
				<option name="FONT_TYPE" value="2" />
				<option name="FOREGROUND" value="65737e" />
			</value>
		</option>
		<option name="DEFAULT_DOC_MARKUP">
			<value>
				<option name="FOREGROUND" value="eb606b" />
			</value>
		</option>
		<option name="DEFAULT_DOT">
			<value>
				<option name="FOREGROUND" value="5fb3b3" />
			</value>
		</option>
		<option name="DEFAULT_ENTITY">
			<value>
				<option name="FOREGROUND" value="eb606b" />
				<option name="EFFECT_TYPE" value="5" />
			</value>
		</option>
		<option name="DEFAULT_FUNCTION_CALL">
			<value>
				<option name="FOREGROUND" value="6699cc" />
				<option name="EFFECT_TYPE" value="2" />
			</value>
		</option>
		<option name="DEFAULT_FUNCTION_DECLARATION">
			<value>
				<option name="FOREGROUND" value="6699cc" />
				<option name="EFFECT_TYPE" value="5" />
			</value>
		</option>
		<option name="DEFAULT_GLOBAL_VARIABLE">
			<value>
				<option name="FOREGROUND" value="fac863" />
				<option name="EFFECT_TYPE" value="5" />
			</value>
		</option>
		<option name="DEFAULT_INVALID_STRING_ESCAPE">
			<value>
				<option name="FOREGROUND" value="99c794" />
				<option name="EFFECT_TYPE" value="2" />
				<option name="EFFECT_COLOR" value="ff0000" />
			</value>
		</option>
		<option name="DEFAULT_KEYWORD">
			<value>
				<option name="FOREGROUND" value="c594c5" />
				<option name="BACKGROUND" value="1b2b34" />
			</value>
		</option>
		<option name="DEFAULT_LINE_COMMENT">
			<value>
				<option name="FONT_TYPE" value="2" />
				<option name="FOREGROUND" value="65737e" />
			</value>
		</option>
		<option name="DEFAULT_NUMBER">
			<value>
				<option name="FOREGROUND" value="f99157" />
			</value>
		</option>
		<option name="DEFAULT_OPERATION_SIGN">
			<value>
				<option name="FOREGROUND" value="5fb3b3" />
			</value>
		</option>
		<option name="DEFAULT_PARAMETER">
			<value>
				<option name="FOREGROUND" value="f99157" />
				<option name="EFFECT_TYPE" value="2" />
			</value>
		</option>
		<option name="DEFAULT_PARENTHS">
			<value>
				<option name="FOREGROUND" value="5fb3b3" />
			</value>
		</option>
		<option name="DEFAULT_PREDEFINED_SYMBOL">
			<value>
				<option name="FOREGROUND" value="f99157" />
				<option name="EFFECT_TYPE" value="2" />
			</value>
		</option>
		<option name="DEFAULT_SEMICOLON">
			<value>
				<option name="FOREGROUND" value="5fb3b3" />
			</value>
		</option>
		<option name="DEFAULT_STRING">
			<value>
				<option name="FOREGROUND" value="99c794" />
			</value>
		</option>
		<option name="DEFAULT_TAG">
			<value>
				<option name="FOREGROUND" value="eb606b" />
				<option name="EFFECT_TYPE" value="2" />
			</value>
		</option>
		<option name="DEFAULT_VALID_STRING_ESCAPE">
			<value>
				<option name="FONT_TYPE" value="1" />
				<option name="FOREGROUND" value="99c794" />
			</value>
		</option>
		<option name="DELETED_TEXT_ATTRIBUTES">
			<value>
				<option name="FOREGROUND" value="c3c3c3" />
				<option name="BACKGROUND" value="151617" />
				<option name="EFFECT_TYPE" value="1" />
			</value>
		</option>
		<option name="DEPRECATED_ATTRIBUTES">
			<value>
				<option name="EFFECT_TYPE" value="3" />
				<option name="EFFECT_COLOR" value="ffffff" />
			</value>
		</option>
		<option name="DIFF_CONFLICT">
			<value>
				<option name="BACKGROUND" value="eb3a37" />
				<option name="ERROR_STRIPE_COLOR" value="eb3a37" />
			</value>
		</option>
		<option name="DIFF_DELETED">
			<value>
				<option name="BACKGROUND" value="b05156" />
				<option name="ERROR_STRIPE_COLOR" value="cb3f38" />
			</value>
		</option>
		<option name="DIFF_INSERTED">
			<value>
				<option name="BACKGROUND" value="3b774f" />
				<option name="ERROR_STRIPE_COLOR" value="42b653" />
			</value>
		</option>
		<option name="DIFF_MODIFIED">
			<value>
				<option name="BACKGROUND" value="2d5591" />
				<option name="ERROR_STRIPE_COLOR" value="3471ff" />
			</value>
		</option>
		<option name="DOC_COMMENT_TAG_VALUE">
			<value>
				<option name="FONT_TYPE" value="3" />
				<option name="FOREGROUND" value="65737e" />
			</value>
		</option>
		<option name="DUPLICATE_FROM_SERVER">
			<value>
				<option name="EFFECT_TYPE" value="2" />
				<option name="EFFECT_COLOR" value="ff0000" />
			</value>
		</option>
		<option name="ECMAL4$ATTRIBUTE">
			<value>
				<option name="FOREGROUND" value="1cab2b" />
			</value>
		</option>
		<option name="ECMAL4$BADCHARACTER">
			<value>
				<option name="BACKGROUND" value="5e0606" />
			</value>
		</option>
		<option name="ECMAL4$CLASS">
			<value>
				<option name="FOREGROUND" value="80ffe9" />
			</value>
		</option>
		<option name="ECMAL4$DOC_MARKUP">
			<value>
				<option name="FOREGROUND" value="ffbe80" />
			</value>
		</option>
		<option name="ECMAL4$DOC_TAG">
			<value>
				<option name="FOREGROUND" value="96c8ff" />
			</value>
		</option>
		<option name="ECMAL4$GLOBAL_FUNCTION">
			<value>
				<option name="FONT_TYPE" value="2" />
				<option name="FOREGROUND" value="ffa52f" />
			</value>
		</option>
		<option name="ECMAL4$GLOBAL_VARIABLE">
			<value>
				<option name="FONT_TYPE" value="3" />
				<option name="FOREGROUND" value="b3d660" />
			</value>
		</option>
		<option name="ECMAL4$INSTANCE_MEMBER_VARIABLE">
			<value>
				<option name="FONT_TYPE" value="1" />
			</value>
		</option>
		<option name="ECMAL4$INTERFACE">
			<value>
				<option name="FOREGROUND" value="80ffe9" />
			</value>
		</option>
		<option name="ECMAL4$INVALID_STRING_ESCAPE">
			<value>
				<option name="FOREGROUND" value="008000" />
				<option name="BACKGROUND" value="5e0606" />
			</value>
		</option>
		<option name="ECMAL4$KEYWORD">
			<value>
				<option name="FONT_TYPE" value="1" />
				<option name="FOREGROUND" value="0099ff" />
			</value>
		</option>
		<option name="ECMAL4$NUMBER">
			<value>
				<option name="FOREGROUND" value="09e813" />
			</value>
		</option>
		<option name="ECMAL4$PARAMETER">
			<value>
				<option name="FOREGROUND" value="87a2bd" />
				<option name="EFFECT_TYPE" value="1" />
				<option name="EFFECT_COLOR" value="000000" />
			</value>
		</option>
		<option name="ECMAL4$REGEXP">
			<value>
				<option name="FOREGROUND" value="af69f2" />
			</value>
		</option>
		<option name="ECMAL4$STATIC_MEMBER_VARIABLE">
			<value>
				<option name="FONT_TYPE" value="3" />
			</value>
		</option>
		<option name="ECMAL4$STRING">
			<value>
				<option name="FONT_TYPE" value="1" />
				<option name="FOREGROUND" value="99ff99" />
			</value>
		</option>
		<option name="ECMAL4$VALID_STRING_ESCAPE">
			<value>
				<option name="FONT_TYPE" value="1" />
				<option name="FOREGROUND" value="af69f2" />
			</value>
		</option>
		<option name="EL$NUMBER">
			<value>
				<option name="FOREGROUND" value="99ff00" />
			</value>
		</option>
		<option name="EL$STRING">
			<value>
				<option name="FONT_TYPE" value="1" />
				<option name="FOREGROUND" value="99ff99" />
			</value>
		</option>
		<option name="EXECUTIONPOINT_ATTRIBUTES">
			<value>
				<option name="BACKGROUND" value="000080" />
			</value>
		</option>
		<option name="FOLDED_TEXT_ATTRIBUTES">
			<value>
				<option name="FOREGROUND" value="65737e" />
				<option name="EFFECT_TYPE" value="1" />
				<option name="EFFECT_COLOR" value="808080" />
			</value>
		</option>
		<option name="FOLLOWED_HYPERLINK_ATTRIBUTES">
			<value>
				<option name="FONT_TYPE" value="2" />
				<option name="FOREGROUND" value="af69f2" />
				<option name="EFFECT_TYPE" value="1" />
				<option name="EFFECT_COLOR" value="af69f2" />
			</value>
		</option>
		<option name="GENERIC_SERVER_ERROR_OR_WARNING">
			<value>
				<option name="ERROR_STRIPE_COLOR" value="f49810" />
				<option name="EFFECT_TYPE" value="2" />
				<option name="EFFECT_COLOR" value="f49810" />
			</value>
		</option>
		<option name="GROOVY_KEYWORD">
			<value>
				<option name="FONT_TYPE" value="1" />
				<option name="FOREGROUND" value="96c8ff" />
			</value>
		</option>
		<option name="GString">
			<value>
				<option name="FOREGROUND" value="99ff99" />
			</value>
		</option>
		<option name="Groovydoc comment">
			<value>
				<option name="FONT_TYPE" value="2" />
				<option name="FOREGROUND" value="a6a684" />
			</value>
		</option>
		<option name="HTML_TAG_NAME">
			<value>
				<option name="FOREGROUND" value="eb606b" />
			</value>
		</option>
		<option name="HYPERLINK_ATTRIBUTES">
			<value>
				<option name="FONT_TYPE" value="2" />
				<option name="FOREGROUND" value="f2777a" />
				<option name="EFFECT_TYPE" value="1" />
				<option name="EFFECT_COLOR" value="f2777a" />
			</value>
		</option>
		<option name="IMPLICIT_ANONYMOUS_CLASS_PARAMETER_ATTRIBUTES">
			<value>
				<option name="FOREGROUND" value="eb606b" />
			</value>
		</option>
		<option name="INFO_ATTRIBUTES">
			<value>
				<option name="ERROR_STRIPE_COLOR" value="ffffcc" />
				<option name="EFFECT_TYPE" value="2" />
				<option name="EFFECT_COLOR" value="cccccc" />
			</value>
		</option>
		<option name="INJECTED_LANGUAGE_FRAGMENT">
			<value>
				<option name="BACKGROUND" value="474747" />
			</value>
		</option>
		<option name="INSTANCE_FIELD_ATTRIBUTES">
			<value>
				<option name="FONT_TYPE" value="1" />
			</value>
		</option>
		<option name="INTERFACE_NAME_ATTRIBUTES">
			<value>
				<option name="FOREGROUND" value="28b84e" />
			</value>
		</option>
		<option name="Implicit conversion">
			<value>
				<option name="FOREGROUND" value="5fb3b3" />
				<option name="EFFECT_TYPE" value="5" />
			</value>
		</option>
		<option name="Instance property reference ID">
			<value>
				<option name="FOREGROUND" value="9876aa" />
			</value>
		</option>
		<option name="JAVA_BLOCK_COMMENT">
			<value>
				<option name="FONT_TYPE" value="2" />
				<option name="FOREGROUND" value="65737e" />
			</value>
		</option>
		<option name="JS$ATTRIBUTE">
			<value>
				<option name="FOREGROUND" value="008000" />
			</value>
		</option>
		<option name="JS$BADCHARACTER">
			<value>
				<option name="EFFECT_TYPE" value="2" />
				<option name="EFFECT_COLOR" value="ff0000" />
			</value>
		</option>
		<option name="JS$INSTANCE_MEMBER_VARIABLE">
			<value>
				<option name="FONT_TYPE" value="1" />
			</value>
		</option>
		<option name="JS$REGEXP">
			<value>
				<option name="FOREGROUND" value="eb606b" />
			</value>
		</option>
		<option name="JS$STATIC_MEMBER_VARIABLE">
			<value>
				<option name="FONT_TYPE" value="3" />
			</value>
		</option>
		<option name="JSP_ATTRIBUTE_VALUE">
			<value>
				<option name="FOREGROUND" value="99ff99" />
			</value>
		</option>
		<option name="JSP_COMMENT">
			<value>
				<option name="FONT_TYPE" value="2" />
				<option name="FOREGROUND" value="a6a684" />
			</value>
		</option>
		<option name="JSP_SCRIPTING_BACKGROUND">
			<value>
				<option name="FOREGROUND" value="ffffff" />
			</value>
		</option>
		<option name="Keyword">
			<value>
				<option name="FOREGROUND" value="0099ff" />
			</value>
		</option>
		<option name="LOG_ERROR_OUTPUT">
			<value>
				<option name="FOREGROUND" value="eb3e53" />
			</value>
		</option>
		<option name="LOG_EXPIRED_ENTRY">
			<value>
				<option name="FOREGROUND" value="65737e" />
			</value>
		</option>
		<option name="LOG_WARNING_OUTPUT">
			<value>
				<option name="FOREGROUND" value="fac863" />
			</value>
		</option>
		<option name="Line comment">
			<value>
				<option name="FONT_TYPE" value="2" />
				<option name="FOREGROUND" value="a6a684" />
			</value>
		</option>
		<option name="List/map to object conversion">
			<value>
				<option name="FONT_TYPE" value="1" />
				<option name="FOREGROUND" value="589df6" />
				<option name="BACKGROUND" value="2b2b2b" />
				<option name="EFFECT_TYPE" value="5" />
			</value>
		</option>
		<option name="MARKDOWN$HEADER_LEVEL_1">
			<value>
				<option name="FONT_TYPE" value="1" />
			</value>
		</option>
		<option name="MATCHED_BRACE_ATTRIBUTES">
			<value>
				<option name="FONT_TYPE" value="1" />
				<option name="FOREGROUND" value="eb3e53" />
				<option name="EFFECT_TYPE" value="5" />
			</value>
		</option>
		<option name="METHOD_CALL_ATTRIBUTES">
			<value>
				<option name="FOREGROUND" value="6699cc" />
			</value>
		</option>
		<option name="METHOD_DECLARATION_ATTRIBUTES">
			<value>
				<option name="FOREGROUND" value="6699cc" />
			</value>
		</option>
		<option name="Map key">
			<value>
				<option name="FOREGROUND" value="008000" />
				<option name="BACKGROUND" value="2b2b2b" />
				<option name="EFFECT_TYPE" value="5" />
			</value>
		</option>
		<option name="NOT_TOP_FRAME_ATTRIBUTES">
			<value>
				<option name="BACKGROUND" value="714141" />
			</value>
		</option>
		<option name="NOT_USED_ELEMENT_ATTRIBUTES">
			<value>
				<option name="FOREGROUND" value="65737e" />
				<option name="EFFECT_TYPE" value="2" />
				<option name="EFFECT_COLOR" value="008000" />
			</value>
		</option>
		<option name="Number">
			<value>
				<option name="FOREGROUND" value="99ff00" />
			</value>
		</option>
		<option name="PARAMETER_ATTRIBUTES">
			<value>
				<option name="FOREGROUND" value="f99157" />
			</value>
		</option>
		<option name="PROPERTIES$INVALID_STRING_ESCAPE">
			<value>
				<option name="EFFECT_TYPE" value="2" />
				<option name="EFFECT_COLOR" value="ff0000" />
			</value>
		</option>
		<option name="PROPERTIES$KEY">
			<value>
				<option name="FONT_TYPE" value="1" />
				<option name="FOREGROUND" value="0099ff" />
				<option name="EFFECT_TYPE" value="1" />
			</value>
		</option>
		<option name="PROPERTIES$LINE_COMMENT">
			<value>
				<option name="FONT_TYPE" value="2" />
				<option name="FOREGROUND" value="a6a684" />
			</value>
		</option>
		<option name="PROPERTIES$VALUE">
			<value>
				<option name="FONT_TYPE" value="1" />
				<option name="FOREGROUND" value="3adf3a" />
			</value>
		</option>
		<option name="RHTML_COMMENT_ID">
			<value>
				<option name="FONT_TYPE" value="2" />
				<option name="FOREGROUND" value="a6a684" />
			</value>
		</option>
		<option name="RHTML_EXPRESSION_END_ID">
			<value>
				<option name="FONT_TYPE" value="1" />
			</value>
		</option>
		<option name="RHTML_EXPRESSION_START_ID">
			<value>
				<option name="FONT_TYPE" value="1" />
			</value>
		</option>
		<option name="RHTML_OMIT_NEW_LINE_ID">
			<value>
				<option name="FONT_TYPE" value="1" />
			</value>
		</option>
		<option name="RHTML_SCRIPTLET_END_ID">
			<value>
				<option name="FONT_TYPE" value="1" />
			</value>
		</option>
		<option name="RHTML_SCRIPTLET_START_ID">
			<value>
				<option name="FONT_TYPE" value="1" />
			</value>
		</option>
		<option name="RUBY_ATTR_ACCESSOR_CALL">
			<value>
				<option name="FONT_TYPE" value="1" />
			</value>
		</option>
		<option name="RUBY_ATTR_READER_CALL">
			<value>
				<option name="FONT_TYPE" value="1" />
			</value>
		</option>
		<option name="RUBY_ATTR_WRITER_CALL">
			<value>
				<option name="FONT_TYPE" value="1" />
			</value>
		</option>
		<option name="RUBY_BACK_REF">
			<value>
				<option name="FONT_TYPE" value="1" />
				<option name="FOREGROUND" value="0099ff" />
			</value>
		</option>
		<option name="RUBY_BAD_CHARACTER">
			<value>
				<option name="FOREGROUND" value="ffcdcd" />
			</value>
		</option>
		<option name="RUBY_COMMENT">
			<value>
				<option name="FONT_TYPE" value="2" />
				<option name="FOREGROUND" value="a6a684" />
			</value>
		</option>
		<option name="RUBY_CONSTANT">
			<value>
				<option name="FOREGROUND" value="99ccff" />
			</value>
		</option>
		<option name="RUBY_CONSTANT_DEF_ID">
			<value>
				<option name="FONT_TYPE" value="3" />
				<option name="FOREGROUND" value="99ccff" />
			</value>
		</option>
		<option name="RUBY_CVAR">
			<value>
				<option name="FONT_TYPE" value="3" />
				<option name="FOREGROUND" value="ffff66" />
			</value>
		</option>
		<option name="RUBY_ESCAPE_SEQUENCE">
			<value>
				<option name="FONT_TYPE" value="1" />
				<option name="FOREGROUND" value="0000c2" />
			</value>
		</option>
		<option name="RUBY_EXPR_IN_STRING">
			<value>
				<option name="FOREGROUND" value="ebebeb" />
			</value>
		</option>
		<option name="RUBY_GVAR">
			<value>
				<option name="FONT_TYPE" value="2" />
				<option name="FOREGROUND" value="eddd3d" />
			</value>
		</option>
		<option name="RUBY_HASH_ASSOC">
			<value>
				<option name="FONT_TYPE" value="1" />
				<option name="FOREGROUND" value="ffcccc" />
			</value>
		</option>
		<option name="RUBY_HEREDOC_CONTENT">
			<value>
				<option name="FONT_TYPE" value="1" />
				<option name="FOREGROUND" value="99ff99" />
			</value>
		</option>
		<option name="RUBY_HEREDOC_ID">
			<value>
				<option name="FONT_TYPE" value="1" />
				<option name="FOREGROUND" value="99ff99" />
				<option name="EFFECT_TYPE" value="1" />
				<option name="EFFECT_COLOR" value="000000" />
			</value>
		</option>
		<option name="RUBY_IDENTIFIER">
			<value>
				<option name="FOREGROUND" value="99ccff" />
			</value>
		</option>
		<option name="RUBY_IMPORT_CALL">
			<value>
				<option name="FONT_TYPE" value="1" />
			</value>
		</option>
		<option name="RUBY_INVALID_ESCAPE_SEQUENCE">
			<value>
				<option name="FOREGROUND" value="ffcdcd" />
				<option name="ERROR_STRIPE_COLOR" value="ff0000" />
			</value>
		</option>
		<option name="RUBY_IVAR">
			<value>
				<option name="FONT_TYPE" value="1" />
				<option name="FOREGROUND" value="ffcc33" />
			</value>
		</option>
		<option name="RUBY_KEYWORD">
			<value>
				<option name="FOREGROUND" value="0099ff" />
			</value>
		</option>
		<option name="RUBY_LINE_CONTINUATION">
			<value>
				<option name="BACKGROUND" value="666666" />
			</value>
		</option>
		<option name="RUBY_LOCAL_VAR_ID">
			<value>
				<option name="FOREGROUND" value="ffffff" />
			</value>
		</option>
		<option name="RUBY_METHOD_NAME">
			<value>
				<option name="FONT_TYPE" value="2" />
				<option name="FOREGROUND" value="0099ff" />
				<option name="EFFECT_TYPE" value="2" />
			</value>
		</option>
		<option name="RUBY_NTH_REF">
			<value>
				<option name="FONT_TYPE" value="1" />
				<option name="FOREGROUND" value="0099ff" />
			</value>
		</option>
		<option name="RUBY_NUMBER">
			<value>
				<option name="FOREGROUND" value="99ff00" />
			</value>
		</option>
		<option name="RUBY_OPERATION_SIGN">
			<value>
				<option name="FOREGROUND" value="ffccff" />
			</value>
		</option>
		<option name="RUBY_PARAMETER_ID">
			<value>
				<option name="FONT_TYPE" value="2" />
				<option name="FOREGROUND" value="8aa6c1" />
				<option name="EFFECT_TYPE" value="2" />
			</value>
		</option>
		<option name="RUBY_PUBLIC_CALL">
			<value>
				<option name="FONT_TYPE" value="1" />
			</value>
		</option>
		<option name="RUBY_REGEXP">
			<value>
				<option name="FONT_TYPE" value="1" />
				<option name="FOREGROUND" value="9933cc" />
			</value>
		</option>
		<option name="RUBY_STRING">
			<value>
				<option name="FONT_TYPE" value="2" />
				<option name="FOREGROUND" value="99ff99" />
			</value>
		</option>
		<option name="RUBY_SYMBOL">
			<value>
				<option name="FONT_TYPE" value="2" />
				<option name="FOREGROUND" value="ccff66" />
			</value>
		</option>
		<option name="RUBY_WORDS">
			<value>
				<option name="FONT_TYPE" value="1" />
				<option name="FOREGROUND" value="99ff99" />
			</value>
		</option>
		<option name="Regular expression">
			<value>
				<option name="FOREGROUND" value="9933cc" />
			</value>
		</option>
		<option name="SASS_ATTRIBUTE">
			<value>
				<option name="FONT_TYPE" value="1" />
				<option name="FOREGROUND" value="99ccff" />
			</value>
		</option>
		<option name="SASS_CONSTANT">
			<value>
				<option name="FONT_TYPE" value="1" />
				<option name="FOREGROUND" value="09e813" />
			</value>
		</option>
		<option name="SASS_DIRECTIVE">
			<value>
				<option name="FONT_TYPE" value="1" />
				<option name="FOREGROUND" value="0099ff" />
			</value>
		</option>
		<option name="SASS_MIXIN">
			<value>
				<option name="FONT_TYPE" value="1" />
				<option name="FOREGROUND" value="6699cc" />
			</value>
		</option>
		<option name="SASS_RULE">
			<value>
				<option name="FONT_TYPE" value="1" />
				<option name="FOREGROUND" value="f5942a" />
			</value>
		</option>
		<option name="SEARCH_RESULT_ATTRIBUTES">
			<value>
				<option name="FONT_TYPE" value="1" />
				<option name="BACKGROUND" value="99ff99" />
			</value>
		</option>
		<option name="SQL_COLUMN">
			<value>
				<option name="FONT_TYPE" value="1" />
				<option name="FOREGROUND" value="ffcc29" />
			</value>
		</option>
		<option name="SQL_COMMENT">
			<value>
				<option name="FONT_TYPE" value="2" />
				<option name="FOREGROUND" value="a6a684" />
			</value>
		</option>
		<option name="SQL_IDENT">
			<value>
				<option name="FOREGROUND" value="ffffff" />
				<option name="EFFECT_TYPE" value="2" />
			</value>
		</option>
		<option name="SQL_IDENT_DELIMITED">
			<value>
				<option name="FOREGROUND" value="ffffff" />
				<option name="EFFECT_TYPE" value="2" />
			</value>
		</option>
		<option name="SQL_KEYWORD">
			<value>
				<option name="FOREGROUND" value="0099ff" />
			</value>
		</option>
		<option name="SQL_NUMBER">
			<value>
				<option name="FOREGROUND" value="99ff00" />
			</value>
		</option>
		<option name="SQL_PARAMETER">
			<value>
				<option name="FONT_TYPE" value="2" />
				<option name="FOREGROUND" value="8aa6c1" />
			</value>
		</option>
		<option name="SQL_PROCEDURE">
			<value>
				<option name="FONT_TYPE" value="2" />
				<option name="FOREGROUND" value="ffffff" />
			</value>
		</option>
		<option name="SQL_STRING">
			<value>
				<option name="FOREGROUND" value="99ff99" />
			</value>
		</option>
		<option name="SQL_TABLE">
			<value>
				<option name="FONT_TYPE" value="2" />
				<option name="FOREGROUND" value="eddd3d" />
			</value>
		</option>
		<option name="STATIC_FIELD_ATTRIBUTES">
			<value>
				<option name="FONT_TYPE" value="1" />
				<option name="FOREGROUND" value="d33682" />
			</value>
		</option>
		<option name="STATIC_METHOD_ATTRIBUTES">
			<value>
				<option name="FONT_TYPE" value="2" />
				<option name="FOREGROUND" value="6699cc" />
			</value>
		</option>
		<option name="Scala Abstract class">
			<value>
				<option name="FOREGROUND" value="fac863" />
			</value>
		</option>
		<option name="Scala Annotation attribute name">
			<value>
				<option name="FOREGROUND" value="eb606b" />
			</value>
		</option>
		<option name="Scala Annotation name">
			<value>
				<option name="FOREGROUND" value="28b84e" />
				<option name="EFFECT_TYPE" value="1" />
			</value>
		</option>
		<option name="Scala Anonymous Parameter">
			<value>
				<option name="FOREGROUND" value="f99157" />
			</value>
		</option>
		<option name="Scala Assign">
			<value>
				<option name="FOREGROUND" value="5fb3b3" />
			</value>
		</option>
		<option name="Scala Bad character">
			<value>
				<option name="EFFECT_TYPE" value="2" />
				<option name="EFFECT_COLOR" value="ff0000" />
			</value>
		</option>
		<option name="Scala Block comment">
			<value>
				<option name="FONT_TYPE" value="2" />
				<option name="FOREGROUND" value="65737e" />
			</value>
		</option>
		<option name="Scala Braces">
			<value>
				<option name="FOREGROUND" value="5fb3b3" />
			</value>
		</option>
		<option name="Scala Brackets">
			<value>
				<option name="FOREGROUND" value="5fb3b3" />
			</value>
		</option>
		<option name="Scala Class">
			<value>
				<option name="FOREGROUND" value="fac863" />
			</value>
		</option>
		<option name="Scala Class method call">
			<value>
				<option name="FOREGROUND" value="6699cc" />
			</value>
		</option>
		<option name="Scala Colon">
			<value>
				<option name="FOREGROUND" value="5fb3b3" />
			</value>
		</option>
		<option name="Scala Comma">
			<value>
				<option name="FOREGROUND" value="5fb3b3" />
			</value>
		</option>
		<option name="Scala Dot">
			<value>
				<option name="FOREGROUND" value="5fb3b3" />
			</value>
		</option>
		<option name="Scala For statement value">
			<value>
				<option name="FOREGROUND" value="cdd3de" />
				<option name="BACKGROUND" value="1b2b34" />
				<option name="EFFECT_TYPE" value="5" />
			</value>
		</option>
		<option name="Scala Invalid escape in string">
			<value>
				<option name="FOREGROUND" value="99c794" />
				<option name="EFFECT_TYPE" value="2" />
				<option name="EFFECT_COLOR" value="ff0000" />
			</value>
		</option>
		<option name="Scala Keyword">
			<value>
				<option name="FOREGROUND" value="c594c5" />
				<option name="BACKGROUND" value="1b2b34" />
			</value>
		</option>
		<option name="Scala Line comment">
			<value>
				<option name="FONT_TYPE" value="2" />
				<option name="FOREGROUND" value="65737e" />
			</value>
		</option>
		<option name="Scala Local lazy val/var">
			<value>
				<option name="FOREGROUND" value="cdd3de" />
				<option name="BACKGROUND" value="1b2b34" />
				<option name="EFFECT_TYPE" value="5" />
			</value>
		</option>
		<option name="Scala Local method call">
			<value>
				<option name="FOREGROUND" value="6699cc" />
			</value>
		</option>
		<option name="Scala Local value">
			<value>
				<option name="FOREGROUND" value="cdd3de" />
				<option name="BACKGROUND" value="1b2b34" />
				<option name="EFFECT_TYPE" value="5" />
			</value>
		</option>
		<option name="Scala Method declaration">
			<value>
				<option name="FOREGROUND" value="6699cc" />
			</value>
		</option>
		<option name="Scala Number">
			<value>
				<option name="FOREGROUND" value="f99157" />
			</value>
		</option>
		<option name="Scala Object">
			<value>
				<option name="FOREGROUND" value="fac863" />
			</value>
		</option>
		<option name="Scala Object method call">
			<value>
				<option name="FONT_TYPE" value="2" />
				<option name="FOREGROUND" value="6699cc" />
			</value>
		</option>
		<option name="Scala Parameter">
			<value>
				<option name="FOREGROUND" value="f99157" />
			</value>
		</option>
		<option name="Scala Parentheses">
			<value>
				<option name="FOREGROUND" value="5fb3b3" />
			</value>
		</option>
		<option name="Scala Pattern value">
			<value>
				<option name="FOREGROUND" value="cdd3de" />
				<option name="BACKGROUND" value="1b2b34" />
				<option name="EFFECT_TYPE" value="5" />
			</value>
		</option>
		<option name="Scala Predefined types">
			<value>
				<option name="FOREGROUND" value="5fb3b3" />
			</value>
		</option>
		<option name="Scala Semicolon">
			<value>
				<option name="FOREGROUND" value="5fb3b3" />
			</value>
		</option>
		<option name="Scala String">
			<value>
				<option name="FOREGROUND" value="99c794" />
			</value>
		</option>
		<option name="Scala Template lazy val/var">
			<value>
				<option name="FONT_TYPE" value="1" />
				<option name="FOREGROUND" value="d33682" />
			</value>
		</option>
		<option name="Scala Template val">
			<value>
				<option name="FONT_TYPE" value="1" />
				<option name="FOREGROUND" value="d33682" />
			</value>
		</option>
		<option name="Scala Template var">
			<value>
				<option name="FONT_TYPE" value="1" />
				<option name="FOREGROUND" value="d33682" />
			</value>
		</option>
		<option name="Scala Trait">
			<value>
				<option name="FOREGROUND" value="28b84e" />
			</value>
		</option>
		<option name="Scala Type Alias">
			<value>
				<option name="FOREGROUND" value="ffa52f" />
			</value>
		</option>
		<option name="Scala Type parameter">
			<value>
				<option name="FOREGROUND" value="ffa52f" />
			</value>
		</option>
		<option name="Scala Valid escape in string">
			<value>
				<option name="FONT_TYPE" value="1" />
				<option name="FOREGROUND" value="99c794" />
			</value>
		</option>
		<option name="Scala XML attribute name">
			<value>
				<option name="FOREGROUND" value="c594c5" />
				<option name="EFFECT_TYPE" value="5" />
			</value>
		</option>
		<option name="Scala XML attribute value">
			<value>
				<option name="FOREGROUND" value="99c794" />
			</value>
		</option>
		<option name="Scala XML comment">
			<value>
				<option name="FONT_TYPE" value="2" />
				<option name="FOREGROUND" value="65737e" />
			</value>
		</option>
		<option name="Scala XML tag">
			<value>
				<option name="FOREGROUND" value="eb606b" />
				<option name="EFFECT_TYPE" value="2" />
			</value>
		</option>
		<option name="Scala XML tag data">
			<value>
				<option name="FOREGROUND" value="cdd3de" />
				<option name="BACKGROUND" value="1b2b34" />
				<option name="EFFECT_TYPE" value="5" />
			</value>
		</option>
		<option name="Scala XML tag name">
			<value>
				<option name="FOREGROUND" value="eb606b" />
			</value>
		</option>
		<option name="ScalaDoc @param value">
			<value>
				<option name="FONT_TYPE" value="1" />
				<option name="EFFECT_TYPE" value="1" />
				<option name="EFFECT_COLOR" value="808080" />
			</value>
		</option>
		<option name="ScalaDoc comment">
			<value>
				<option name="FONT_TYPE" value="2" />
				<option name="FOREGROUND" value="65737e" />
			</value>
		</option>
		<option name="ScalaDoc comment tag">
			<value>
				<option name="FONT_TYPE" value="1" />
				<option name="EFFECT_TYPE" value="1" />
				<option name="EFFECT_COLOR" value="808080" />
			</value>
		</option>
		<option name="ScalaDoc html escape sequences">
			<value>
				<option name="FOREGROUND" value="eb606b" />
			</value>
		</option>
		<option name="ScalaDoc html tag">
			<value>
				<option name="FOREGROUND" value="eb606b" />
			</value>
		</option>
		<option name="ScalaDoc wiki syntax elements">
			<value>
				<option name="FOREGROUND" value="eb606b" />
			</value>
		</option>
		<option name="Static field">
			<value>
				<option name="FONT_TYPE" value="2" />
				<option name="FOREGROUND" value="00ff00" />
			</value>
		</option>
		<option name="Static property reference ID">
			<value>
				<option name="FONT_TYPE" value="2" />
				<option name="FOREGROUND" value="d0d0ff" />
				<option name="EFFECT_TYPE" value="1" />
				<option name="EFFECT_COLOR" value="ffffff" />
			</value>
		</option>
		<option name="String">
			<value>
				<option name="FOREGROUND" value="99ff99" />
			</value>
		</option>
		<option name="TEMPLATE_VARIABLE_ATTRIBUTES">
			<value>
				<option name="FOREGROUND" value="5fb3b3" />
			</value>
		</option>
		<option name="TEXT">
			<value>
				<option name="FOREGROUND" value="cdd3de" />
				<option name="BACKGROUND" value="1b2b34" />
				<option name="EFFECT_TYPE" value="5" />
			</value>
		</option>
		<option name="TEXT_SEARCH_RESULT_ATTRIBUTES">
			<value>
				<option name="ERROR_STRIPE_COLOR" value="ff0000" />
			</value>
		</option>
		<option name="TODO_DEFAULT_ATTRIBUTES">
			<value>
				<option name="FONT_TYPE" value="3" />
				<option name="FOREGROUND" value="eb606b" />
			</value>
		</option>
		<option name="TYPE_PARAMETER_NAME_ATTRIBUTES">
			<value>
				<option name="FOREGROUND" value="ffa52f" />
			</value>
		</option>
		<option name="TYPO">
			<value>
				<option name="EFFECT_TYPE" value="2" />
				<option name="EFFECT_COLOR" value="008000" />
			</value>
		</option>
		<option name="UNMATCHED_BRACE_ATTRIBUTES">
			<value>
				<option name="BACKGROUND" value="eb3e53" />
			</value>
		</option>
		<option name="Unresolved reference access">
			<value>
				<option name="FOREGROUND" value="910800" />
				<option name="EFFECT_TYPE" value="1" />
				<option name="EFFECT_COLOR" value="808080" />
			</value>
		</option>
		<option name="Untyped member access">
			<value>
				<option name="EFFECT_TYPE" value="1" />
				<option name="EFFECT_COLOR" value="ff0000" />
			</value>
		</option>
		<option name="VELOCITY_COMMENT">
			<value>
				<option name="FONT_TYPE" value="2" />
				<option name="FOREGROUND" value="a6a684" />
			</value>
		</option>
		<option name="VELOCITY_KEYWORD">
			<value>
				<option name="FOREGROUND" value="0099ff" />
			</value>
		</option>
		<option name="VELOCITY_NUMBER">
			<value>
				<option name="FOREGROUND" value="99ff00" />
			</value>
		</option>
		<option name="VELOCITY_REFERENCE">
			<value>
				<option name="FONT_TYPE" value="1" />
				<option name="FOREGROUND" value="ffcc33" />
			</value>
		</option>
		<option name="VELOCITY_STRING">
			<value>
				<option name="FOREGROUND" value="99ff99" />
			</value>
		</option>
		<option name="Valid string escape">
			<value>
				<option name="FONT_TYPE" value="1" />
				<option name="FOREGROUND" value="f9b7ff" />
			</value>
		</option>
		<option name="WARNING_ATTRIBUTES">
			<value>
				<option name="ERROR_STRIPE_COLOR" value="ebc700" />
				<option name="EFFECT_TYPE" value="2" />
				<option name="EFFECT_COLOR" value="ffff00" />
			</value>
		</option>
		<option name="WRITE_SEARCH_RESULT_ATTRIBUTES">
			<value>
				<option name="BACKGROUND" value="474747" />
				<option name="EFFECT_COLOR" value="808080" />
			</value>
		</option>
		<option name="XML_TAG_NAME">
			<value>
				<option name="FOREGROUND" value="eb606b" />
			</value>
		</option>
		<option name="XPATH$KEYWORD">
			<value>
				<option name="FOREGROUND" value="0099ff" />
			</value>
		</option>
		<option name="XPATH$NUMBER">
			<value>
				<option name="FOREGROUND" value="99ff00" />
			</value>
		</option>
		<option name="XPATH$STRING">
			<value>
				<option name="FOREGROUND" value="99ff99" />
			</value>
		</option>
		<option name="YAML_SCALAR_DSTRING">
			<value>
				<option name="FONT_TYPE" value="1" />
				<option name="FOREGROUND" value="99ff99" />
			</value>
		</option>
		<option name="YAML_SCALAR_KEY">
			<value>
				<option name="FONT_TYPE" value="1" />
				<option name="FOREGROUND" value="0099ff" />
			</value>
		</option>
		<option name="YAML_SCALAR_LIST">
			<value>
				<option name="FOREGROUND" value="dae9f6" />
			</value>
		</option>
		<option name="YAML_SCALAR_STRING">
			<value>
				<option name="FONT_TYPE" value="1" />
				<option name="FOREGROUND" value="99ff99" />
			</value>
		</option>
	</attributes>
</scheme>