<?xml version="1.0" encoding="UTF-8"?>
<scheme name="Solarized Darcula" version="1" parent_scheme="Default">
	<option name="LINE_SPACING" value="1.0" />
	<option name="EDITOR_FONT_SIZE" value="12" />
	<option name="EDITOR_FONT_NAME" value="Menlo" />
	<colors>
		<option name="WHITESPACES" value="" />
		<option name="TEARLINE_COLOR" value="6a6d6f" />
		<option name="SOFT_WRAP_SIGN_COLOR" value="d2d8d9" />
		<option name="SELECTION_FOREGROUND" value="" />
		<option name="SELECTION_BACKGROUND" value="214283" />
		<option name="SELECTED_TEARLINE_COLOR" value="828687" />
		<option name="SELECTED_INDENT_GUIDE" value="6a6d6f" />
		<option name="RIGHT_MARGIN_COLOR" value="25292a" />
		<option name="RECURSIVE_CALL_ATTRIBUTES" value="d2d8d9" />
		<option name="READONLY_FRAGMENT_BACKGROUND" value="" />
		<option name="NOTIFICATION_BACKGROUND" value="b68800" />
		<option name="MODIFIED_LINES_COLOR" value="e74a93" />
		<option name="METHOD_SEPARATORS_COLOR" value="3d3f41" />
		<option name="LINE_NUMBERS_COLOR" value="525657" />
		<option name="INDENT_GUIDE" value="25292a" />
		<option name="HTML_TAG_TREE_LEVEL5" value="e74a93" />
		<option name="HTML_TAG_TREE_LEVEL4" value="797fd4" />
		<option name="HTML_TAG_TREE_LEVEL3" value="15968d" />
		<option name="HTML_TAG_TREE_LEVEL2" value="629655" />
		<option name="HTML_TAG_TREE_LEVEL1" value="b68800" />
		<option name="HTML_TAG_TREE_LEVEL0" value="f24840" />
		<option name="GUTTER_BACKGROUND" value="3d3f41" />
		<option name="FILESTATUS_MODIFIED" value="6897bb" />
		<option name="FILESTATUS_MERGED" value="9403ff" />
		<option name="FILESTATUS_IDEA_FILESTATUS_DELETED_FROM_FILE_SYSTEM" value="6c6c6c" />
		<option name="FILESTATUS_ADDED" value="629755" />
		<option name="CONSOLE_BACKGROUND_KEY" value="3d3f41" />
		<option name="CARET_ROW_COLOR" value="323232" />
		<option name="CARET_COLOR" value="f24840" />
		<option name="ANNOTATIONS_MERGED_COLOR" value="15968d" />
		<option name="ANNOTATIONS_COLOR" value="b8bbbd" />
		<option name="ADDED_LINES_COLOR" value="629655" />
	</colors>
	<attributes>
		<option name="go$variable">
			<value>
				<option name="FOREGROUND" value="808080" />
				<option name="EFFECT_TYPE" value="-1" />
			</value>
		</option>
		<option name="go$type$name">
			<value>
				<option name="FONT_TYPE" value="2" />
				<option name="FOREGROUND" value="d33682" />
				<option name="EFFECT_TYPE" value="-1" />
			</value>
		</option>
		<option name="go$string">
			<value>
				<option name="FOREGROUND" value="2aa198" />
				<option name="EFFECT_TYPE" value="-1" />
			</value>
		</option>
		<option name="go$operators">
			<value>
				<option name="EFFECT_TYPE" value="-1" />
			</value>
		</option>
		<option name="go$line$comment">
			<value>
				<option name="FONT_TYPE" value="2" />
				<option name="FOREGROUND" value="586e75" />
				<option name="EFFECT_TYPE" value="-1" />
			</value>
		</option>
		<option name="go$keyword">
			<value>
				<option name="FOREGROUND" value="b58900" />
				<option name="EFFECT_TYPE" value="-1" />
			</value>
		</option>
		<option name="go$identifier">
			<value>
				<option name="EFFECT_TYPE" value="-1" />
			</value>
		</option>
		<option name="go$brackets">
			<value>
				<option name="EFFECT_TYPE" value="-1" />
			</value>
		</option>
		<option name="go$block$comment">
			<value>
				<option name="FOREGROUND" value="586e75" />
				<option name="EFFECT_TYPE" value="-1" />
			</value>
		</option>
		<option name="XML_TAG_NAME">
			<value>
				<option name="FONT_TYPE" value="1" />
				<option name="FOREGROUND" value="268bd2" />
			</value>
		</option>
		<option name="XML_TAG_DATA">
			<value>
			</value>
		</option>
		<option name="XML_TAG">
			<value>
				<option name="FOREGROUND" value="586e75" />
			</value>
		</option>
		<option name="XML_PROLOGUE">
			<value>
				<option name="FONT_TYPE" value="1" />
				<option name="FOREGROUND" value="92a1a1" />
			</value>
		</option>
		<option name="XML_ENTITY_REFERENCE">
			<value>
				<option name="FOREGROUND" value="d43780" />
			</value>
		</option>
		<option name="XML_COMMENT">
			<value>
				<option name="FOREGROUND" value="586e75" />
			</value>
		</option>
		<option name="XML_ATTRIBUTE_VALUE">
			<value>
				<option name="FOREGROUND" value="2aa198" />
			</value>
		</option>
		<option name="XML_ATTRIBUTE_NAME">
			<value>
				<option name="FOREGROUND" value="657b83" />
			</value>
		</option>
		<option name="Wrong string literal">
			<value>
				<option name="EFFECT_TYPE" value="2" />
				<option name="EFFECT_COLOR" value="dc322f" />
			</value>
		</option>
		<option name="WRONG_REFERENCES_ATTRIBUTES">
			<value>
				<option name="FOREGROUND" value="f24840" />
				<option name="EFFECT_TYPE" value="2" />
			</value>
		</option>
		<option name="WRITE_SEARCH_RESULT_ATTRIBUTES">
			<value>
				<option name="FOREGROUND" value="3d3f41" />
				<option name="BACKGROUND" value="f24840" />
				<option name="ERROR_STRIPE_COLOR" value="f24840" />
				<option name="EFFECT_COLOR" value="d2d8d9" />
			</value>
		</option>
		<option name="WRITE_IDENTIFIER_UNDER_CARET_ATTRIBUTES">
			<value>
				<option name="FOREGROUND" value="3d3f41" />
				<option name="BACKGROUND" value="f24840" />
				<option name="ERROR_STRIPE_COLOR" value="f24840" />
				<option name="EFFECT_COLOR" value="d1d9db" />
			</value>
		</option>
		<option name="WARNING_ATTRIBUTES">
			<value>
				<option name="ERROR_STRIPE_COLOR" value="b68800" />
				<option name="EFFECT_TYPE" value="2" />
				<option name="EFFECT_COLOR" value="b68800" />
			</value>
		</option>
		<option name="Variable use of composed variable like ${A}">
			<value>
				<option name="FOREGROUND" value="cb4b16" />
			</value>
		</option>
		<option name="Variable use of built-in ($PATH, $$$)">
			<value>
				<option name="FOREGROUND" value="cb4b16" />
			</value>
		</option>
		<option name="Variable use $a">
			<value>
				<option name="FOREGROUND" value="cb4b16" />
			</value>
		</option>
		<option name="Variable declaration, e$g$ a=1">
			<value>
				<option name="FOREGROUND" value="2688d1" />
			</value>
		</option>
		<option name="Valid escape in string">
			<value>
				<option name="FONT_TYPE" value="1" />
				<option name="FOREGROUND" value="d43780" />
			</value>
		</option>
		<option name="Unresolved reference access">
			<value>
				<option name="EFFECT_TYPE" value="1" />
				<option name="EFFECT_COLOR" value="808080" />
			</value>
		</option>
		<option name="UNMATCHED_BRACE_ATTRIBUTES">
			<value>
				<option name="FOREGROUND" value="f24840" />
				<option name="BACKGROUND" value="d2d8d9" />
			</value>
		</option>
		<option name="Type parameter">
			<value>
				<option name="FOREGROUND" value="2688d1" />
			</value>
		</option>
		<option name="Type Alias">
			<value>
				<option name="FOREGROUND" value="2688d1" />
			</value>
		</option>
		<option name="Trait">
			<value>
				<option name="FOREGROUND" value="b58800" />
			</value>
		</option>
		<option name="Template var">
			<value>
				<option name="FONT_TYPE" value="2" />
				<option name="FOREGROUND" value="2aa198" />
			</value>
		</option>
		<option name="Template val">
			<value>
				<option name="FOREGROUND" value="2aa198" />
			</value>
		</option>
		<option name="Template lazy val/var">
			<value>
				<option name="FOREGROUND" value="2aa198" />
			</value>
		</option>
		<option name="TYPO">
			<value>
				<option name="EFFECT_TYPE" value="2" />
				<option name="EFFECT_COLOR" value="b68800" />
			</value>
		</option>
		<option name="TYPE_PARAMETER_NAME_ATTRIBUTES">
			<value>
				<option name="FOREGROUND" value="288dd5" />
			</value>
		</option>
		<option name="TODO_DEFAULT_ATTRIBUTES">
			<value>
				<option name="FONT_TYPE" value="1" />
				<option name="FOREGROUND" value="6a6d6f" />
				<option name="EFFECT_TYPE" value="5" />
			</value>
		</option>
		<option name="TEXT_SEARCH_RESULT_ATTRIBUTES">
			<value>
				<option name="FOREGROUND" value="3d3f41" />
				<option name="BACKGROUND" value="629655" />
				<option name="ERROR_STRIPE_COLOR" value="629655" />
			</value>
		</option>
		<option name="TEXT">
			<value>
				<option name="FOREGROUND" value="828687" />
				<option name="BACKGROUND" value="3d3f41" />
			</value>
		</option>
		<option name="TEMPLATE_VARIABLE_ATTRIBUTES">
			<value>
				<option name="FONT_TYPE" value="1" />
				<option name="FOREGROUND" value="e74a93" />
			</value>
		</option>
		<option name="Subshell command">
			<value>
				<option name="FOREGROUND" value="dc322f" />
			</value>
		</option>
		<option name="String '$$$'">
			<value>
				<option name="FOREGROUND" value="2aa198" />
			</value>
		</option>
		<option name="String "$$$"">
			<value>
				<option name="FOREGROUND" value="2aa198" />
			</value>
		</option>
		<option name="String">
			<value>
				<option name="FOREGROUND" value="2aa198" />
			</value>
		</option>
		<option name="Static property reference ID">
			<value>
				<option name="FOREGROUND" value="d33682" />
			</value>
		</option>
		<option name="Static field">
			<value>
				<option name="FOREGROUND" value="d33682" />
			</value>
		</option>
		<option name="Shebang (#!) comment">
			<value>
				<option name="FONT_TYPE" value="2" />
				<option name="FOREGROUND" value="ede6d3" />
			</value>
		</option>
		<option name="ScalaDoc comment tag">
			<value>
				<option name="FONT_TYPE" value="1" />
				<option name="FOREGROUND" value="859900" />
				<option name="EFFECT_TYPE" value="1" />
				<option name="EFFECT_COLOR" value="73642" />
			</value>
		</option>
		<option name="ScalaDoc comment">
			<value>
				<option name="FONT_TYPE" value="2" />
				<option name="FOREGROUND" value="586e75" />
			</value>
		</option>
		<option name="Scala Valid escape in string">
			<value>
				<option name="FONT_TYPE" value="1" />
				<option name="FOREGROUND" value="6c71c4" />
			</value>
		</option>
		<option name="Scala Type parameter">
			<value>
				<option name="FOREGROUND" value="268bd2" />
			</value>
		</option>
		<option name="Scala Type Alias">
			<value>
				<option name="FOREGROUND" value="cb4b16" />
			</value>
		</option>
		<option name="Scala Trait">
			<value>
				<option name="FOREGROUND" value="b58900" />
			</value>
		</option>
		<option name="Scala Template var">
			<value>
				<option name="FONT_TYPE" value="3" />
				<option name="FOREGROUND" value="839496" />
			</value>
		</option>
		<option name="Scala Template val">
			<value>
				<option name="FONT_TYPE" value="3" />
				<option name="FOREGROUND" value="839496" />
			</value>
		</option>
		<option name="Scala Template lazy val/var">
			<value>
				<option name="FONT_TYPE" value="3" />
				<option name="FOREGROUND" value="839496" />
			</value>
		</option>
		<option name="Scala String">
			<value>
				<option name="FONT_TYPE" value="1" />
				<option name="FOREGROUND" value="2aa198" />
			</value>
		</option>
		<option name="Scala Semicolon">
			<value>
				<option name="FOREGROUND" value="b58900" />
			</value>
		</option>
		<option name="Scala Predefined types">
			<value>
				<option name="FOREGROUND" value="cb4b16" />
			</value>
		</option>
		<option name="Scala Pattern value">
			<value>
				<option name="FOREGROUND" value="d33682" />
			</value>
		</option>
		<option name="Scala Parentheses">
			<value>
				<option name="FOREGROUND" value="839496" />
			</value>
		</option>
		<option name="Scala Parameter">
			<value>
				<option name="FOREGROUND" value="6c71c4" />
			</value>
		</option>
		<option name="Scala Object method call">
			<value>
				<option name="FONT_TYPE" value="2" />
				<option name="FOREGROUND" value="839496" />
			</value>
		</option>
		<option name="Scala Object">
			<value>
				<option name="FOREGROUND" value="839496" />
			</value>
		</option>
		<option name="Scala Number">
			<value>
				<option name="FOREGROUND" value="2aa198" />
			</value>
		</option>
		<option name="Scala Method declaration">
			<value>
				<option name="FOREGROUND" value="268bd2" />
			</value>
		</option>
		<option name="Scala Local variable">
			<value>
				<option name="FOREGROUND" value="839496" />
			</value>
		</option>
		<option name="Scala Local value">
			<value>
				<option name="FOREGROUND" value="839496" />
			</value>
		</option>
		<option name="Scala Local method call">
			<value>
				<option name="FOREGROUND" value="839496" />
			</value>
		</option>
		<option name="Scala Local lazy val/var">
			<value>
				<option name="FOREGROUND" value="6c71c4" />
			</value>
		</option>
		<option name="Scala Line comment">
			<value>
				<option name="FONT_TYPE" value="2" />
				<option name="FOREGROUND" value="586e75" />
			</value>
		</option>
		<option name="Scala Keyword">
			<value>
				<option name="FONT_TYPE" value="1" />
				<option name="FOREGROUND" value="93a1a1" />
			</value>
		</option>
		<option name="Scala Invalid escape in string">
			<value>
				<option name="FOREGROUND" value="d33682" />
			</value>
		</option>
		<option name="Scala Dot">
			<value>
				<option name="FOREGROUND" value="839496" />
			</value>
		</option>
		<option name="Scala Comma">
			<value>
				<option name="FOREGROUND" value="839496" />
			</value>
		</option>
		<option name="Scala Colon">
			<value>
				<option name="FOREGROUND" value="839496" />
			</value>
		</option>
		<option name="Scala Class method call">
			<value>
				<option name="FOREGROUND" value="268bd2" />
			</value>
		</option>
		<option name="Scala Class">
			<value>
				<option name="FOREGROUND" value="b58900" />
			</value>
		</option>
		<option name="Scala Brackets">
			<value>
				<option name="FOREGROUND" value="839496" />
			</value>
		</option>
		<option name="Scala Braces">
			<value>
				<option name="FOREGROUND" value="839496" />
			</value>
		</option>
		<option name="Scala Block comment">
			<value>
				<option name="FONT_TYPE" value="2" />
				<option name="FOREGROUND" value="586e75" />
			</value>
		</option>
		<option name="Scala Bad character">
			<value>
				<option name="FOREGROUND" value="d33682" />
			</value>
		</option>
		<option name="Scala Assign">
			<value>
				<option name="FOREGROUND" value="839496" />
			</value>
		</option>
		<option name="Scala Annotation name">
			<value>
				<option name="FOREGROUND" value="859900" />
				<option name="EFFECT_TYPE" value="1" />
			</value>
		</option>
		<option name="Scala Annotation attribute name">
			<value>
				<option name="FOREGROUND" value="839496" />
			</value>
		</option>
		<option name="Scala Abstract class">
			<value>
				<option name="FOREGROUND" value="b58900" />
			</value>
		</option>
		<option name="STATIC_METHOD_ATTRIBUTES">
			<value>
			</value>
		</option>
		<option name="STATIC_FIELD_ATTRIBUTES">
			<value>
				<option name="FOREGROUND" value="e74a93" />
			</value>
		</option>
		<option name="SQL_NUMBER">
			<value>
				<option name="FOREGROUND" value="ccccff" />
			</value>
		</option>
		<option name="SQL_KEYWORD">
			<value>
				<option name="FONT_TYPE" value="1" />
				<option name="FOREGROUND" value="eee6d3" />
			</value>
		</option>
		<option name="SQL_COLUMN">
			<value>
				<option name="FONT_TYPE" value="1" />
				<option name="FOREGROUND" value="2685ca" />
			</value>
		</option>
		<option name="SEARCH_RESULT_ATTRIBUTES">
			<value>
				<option name="FOREGROUND" value="3d3f41" />
				<option name="BACKGROUND" value="629655" />
				<option name="ERROR_STRIPE_COLOR" value="629655" />
				<option name="EFFECT_TYPE" value="1" />
				<option name="EFFECT_COLOR" value="d2d8d9" />
			</value>
		</option>
		<option name="SCOPE_KEY_schedule blocking">
			<value>
			</value>
		</option>
		<option name="SCOPE_KEY_log memory usage">
			<value>
			</value>
		</option>
		<option name="SCOPE_KEY_jars">
			<value>
			</value>
		</option>
		<option name="SCOPE_KEY_credit card tokenization">
			<value>
			</value>
		</option>
		<option name="SCOPE_KEY_VITL branding">
			<value>
			</value>
		</option>
		<option name="SCOPE_KEY_Updox Data">
			<value>
			</value>
		</option>
		<option name="SCOPE_KEY_Updated Chromium">
			<value>
			</value>
		</option>
		<option name="SCOPE_KEY_UNKNOWN">
			<value>
			</value>
		</option>
		<option name="SCOPE_KEY_Sign Off Encryption null Check$">
			<value>
			</value>
		</option>
		<option name="SCOPE_KEY_Portal billing">
			<value>
			</value>
		</option>
		<option name="SCOPE_KEY_Portal">
			<value>
			</value>
		</option>
		<option name="SCOPE_KEY_Phase 1">
			<value>
			</value>
		</option>
		<option name="SCOPE_KEY_Old image editor testing">
			<value>
			</value>
		</option>
		<option name="SCOPE_KEY_Manage Users UI change">
			<value>
			</value>
		</option>
		<option name="SCOPE_KEY_Mac Screenshot">
			<value>
			</value>
		</option>
		<option name="SCOPE_KEY_MP3 work (for Dr Pegels)">
			<value>
			</value>
		</option>
		<option name="SCOPE_KEY_Heartland Integration">
			<value>
			</value>
		</option>
		<option name="SCOPE_KEY_Do Not Chekc: Dev Environment">
			<value>
			</value>
		</option>
		<option name="SCOPE_KEY_CyramedX portal messages">
			<value>
			</value>
		</option>
		<option name="SCOPE_KEY_Changes for my dev environment (don't check in)">
			<value>
			</value>
		</option>
		<option name="SCOPE_KEY_Bonita Api">
			<value>
			</value>
		</option>
		<option name="SCOPE_KEY_Bonita API">
			<value>
			</value>
		</option>
		<option name="SCOPE_KEY_Bonita">
			<value>
			</value>
		</option>
		<option name="SCOPE_KEY_Billing Quirks">
			<value>
			</value>
		</option>
		<option name="SCOPE_KEY_Analytics">
			<value>
			</value>
		</option>
		<option name="SCOPE_KEY_Always changing (don't bother checking in)">
			<value>
			</value>
		</option>
		<option name="SCOPE_KEY_AdvancedMD">
			<value>
			</value>
		</option>
		<option name="SCOPE_KEY_* Current">
			<value>
			</value>
		</option>
		<option name="SCOPE_KEY_ Help Menu Changes and Cleaning">
			<value>
			</value>
		</option>
		<option name="SASS_VARIABLE">
			<value>
				<option name="FOREGROUND" value="6c71c4" />
			</value>
		</option>
		<option name="SASS_RULE">
			<value>
				<option name="FOREGROUND" value="cb4b16" />
			</value>
		</option>
		<option name="SASS_NUMBER">
			<value>
				<option name="FOREGROUND" value="2aa198" />
			</value>
		</option>
		<option name="SASS_MIXIN">
			<value>
				<option name="FOREGROUND" value="dc322f" />
			</value>
		</option>
		<option name="SASS_DIRECTIVE">
			<value>
				<option name="FONT_TYPE" value="1" />
				<option name="FOREGROUND" value="dc322f" />
			</value>
		</option>
		<option name="SASS_CONSTANT">
			<value>
				<option name="FOREGROUND" value="6c71c4" />
			</value>
		</option>
		<option name="SASS_COMMENT">
			<value>
				<option name="FOREGROUND" value="586e75" />
			</value>
		</option>
		<option name="SASS_ATTRIBUTE">
			<value>
				<option name="FOREGROUND" value="b58900" />
			</value>
		</option>
		<option name="Regular expression">
			<value>
				<option name="FONT_TYPE" value="1" />
				<option name="FOREGROUND" value="2aa198" />
			</value>
		</option>
		<option name="RUBY_WORDS">
			<value>
				<option name="FONT_TYPE" value="2" />
			</value>
		</option>
		<option name="RUBY_SYMBOL">
			<value>
				<option name="FOREGROUND" value="dc322f" />
			</value>
		</option>
		<option name="RUBY_STRING">
			<value>
			</value>
		</option>
		<option name="RUBY_SPECIFIC_CALL">
			<value>
				<option name="FONT_TYPE" value="1" />
				<option name="FOREGROUND" value="b58900" />
			</value>
		</option>
		<option name="RUBY_SEMICOLON">
			<value>
				<option name="FOREGROUND" value="268bd2" />
			</value>
		</option>
		<option name="RUBY_REGEXP">
			<value>
				<option name="EFFECT_TYPE" value="5" />
				<option name="EFFECT_COLOR" value="ffffff" />
			</value>
		</option>
		<option name="RUBY_PARAMETER_ID">
			<value>
			</value>
		</option>
		<option name="RUBY_PARAMDEF_CALL">
			<value>
				<option name="FONT_TYPE" value="2" />
				<option name="FOREGROUND" value="b58916" />
			</value>
		</option>
		<option name="RUBY_NUMBER">
			<value>
				<option name="FOREGROUND" value="cb4b16" />
			</value>
		</option>
		<option name="RUBY_NTH_REF">
			<value>
				<option name="FOREGROUND" value="ffffff" />
				<option name="BACKGROUND" value="dc322f" />
			</value>
		</option>
		<option name="RUBY_METHOD_NAME">
			<value>
				<option name="FONT_TYPE" value="1" />
				<option name="FOREGROUND" value="cb4b16" />
			</value>
		</option>
		<option name="RUBY_LOCAL_VAR_ID">
			<value>
				<option name="FOREGROUND" value="6c71c4" />
			</value>
		</option>
		<option name="RUBY_LINE_CONTINUATION">
			<value>
				<option name="EFFECT_TYPE" value="1" />
				<option name="EFFECT_COLOR" value="657b83" />
			</value>
		</option>
		<option name="RUBY_KEYWORD">
			<value>
				<option name="FOREGROUND" value="b58900" />
			</value>
		</option>
		<option name="RUBY_IVAR">
			<value>
				<option name="FONT_TYPE" value="1" />
				<option name="FOREGROUND" value="6c71c4" />
			</value>
		</option>
		<option name="RUBY_INVALID_ESCAPE_SEQUENCE">
			<value>
				<option name="FOREGROUND" value="dc322f" />
			</value>
		</option>
		<option name="RUBY_IDENTIFIER">
			<value>
				<option name="FOREGROUND" value="cb4b16" />
			</value>
		</option>
		<option name="RUBY_HEREDOC_ID">
			<value>
				<option name="FONT_TYPE" value="1" />
				<option name="EFFECT_COLOR" value="0" />
			</value>
		</option>
		<option name="RUBY_HEREDOC_CONTENT">
			<value>
				<option name="FOREGROUND" value="297bde" />
			</value>
		</option>
		<option name="RUBY_HASH_ASSOC">
			<value>
				<option name="FOREGROUND" value="268bd2" />
			</value>
		</option>
		<option name="RUBY_GVAR">
			<value>
				<option name="FONT_TYPE" value="1" />
				<option name="FOREGROUND" value="6c71c4" />
				<option name="EFFECT_COLOR" value="6c71c4" />
			</value>
		</option>
		<option name="RUBY_EXPR_IN_STRING">
			<value>
				<option name="FOREGROUND" value="73642" />
				<option name="BACKGROUND" value="93a1a1" />
			</value>
		</option>
		<option name="RUBY_ESCAPE_SEQUENCE">
			<value>
				<option name="FOREGROUND" value="dc322f" />
			</value>
		</option>
		<option name="RUBY_CVAR">
			<value>
				<option name="FONT_TYPE" value="2" />
				<option name="FOREGROUND" value="6c71c4" />
			</value>
		</option>
		<option name="RUBY_CONSTANT">
			<value>
				<option name="FOREGROUND" value="859900" />
			</value>
		</option>
		<option name="RUBY_COMMENT">
			<value>
				<option name="FOREGROUND" value="586e75" />
				<option name="EFFECT_TYPE" value="2" />
			</value>
		</option>
		<option name="RUBY_BRACKETS">
			<value>
				<option name="FOREGROUND" value="268bd2" />
			</value>
		</option>
		<option name="RUBY_BAD_CHARACTER">
			<value>
				<option name="BACKGROUND" value="dc322f" />
			</value>
		</option>
		<option name="REGEXP$REDUNDANT_ESCAPE">
			<value>
				<option name="FOREGROUND" value="dc322f" />
			</value>
		</option>
		<option name="REGEXP$QUOTE_CHARACTER">
			<value>
				<option name="FOREGROUND" value="b58800" />
			</value>
		</option>
		<option name="REGEXP$META">
			<value>
				<option name="FOREGROUND" value="2aa198" />
			</value>
		</option>
		<option name="REGEXP$INVALID_STRING_ESCAPE">
			<value>
				<option name="EFFECT_TYPE" value="2" />
				<option name="EFFECT_COLOR" value="db312e" />
			</value>
		</option>
		<option name="REGEXP$ESC_CHARACTER">
			<value>
				<option name="FOREGROUND" value="d43780" />
			</value>
		</option>
		<option name="REGEXP$COMMENT">
			<value>
				<option name="FOREGROUND" value="586e75" />
				<option name="EFFECT_TYPE" value="1" />
			</value>
		</option>
		<option name="REGEXP$CHAR_CLASS">
			<value>
				<option name="FOREGROUND" value="cb4b16" />
			</value>
		</option>
		<option name="REGEXP$BAD_CHARACTER">
			<value>
				<option name="EFFECT_TYPE" value="2" />
				<option name="EFFECT_COLOR" value="db312e" />
			</value>
		</option>
		<option name="REASSIGNED_PARAMETER_ATTRIBUTES">
			<value>
				<option name="EFFECT_TYPE" value="1" />
				<option name="EFFECT_COLOR" value="d2d8d9" />
			</value>
		</option>
		<option name="Predefined types">
			<value>
				<option name="FONT_TYPE" value="1" />
				<option name="FOREGROUND" value="2688d1" />
			</value>
		</option>
		<option name="Parenthesis">
			<value>
				<option name="FOREGROUND" value="859900" />
			</value>
		</option>
		<option name="PY$VALID_STRING_ESCAPE">
			<value>
				<option name="FOREGROUND" value="d33682" />
			</value>
		</option>
		<option name="PY$STRING">
			<value>
				<option name="FOREGROUND" value="2aa198" />
			</value>
		</option>
		<option name="PY$PREDEFINED_USAGE">
			<value>
				<option name="FOREGROUND" value="268bd2" />
				<option name="EFFECT_TYPE" value="-1" />
			</value>
		</option>
		<option name="PY$PREDEFINED_DEFINITION">
			<value>
				<option name="FOREGROUND" value="268bd2" />
				<option name="EFFECT_TYPE" value="-1" />
			</value>
		</option>
		<option name="PY$NUMBER">
			<value>
				<option name="FOREGROUND" value="2aa198" />
			</value>
		</option>
		<option name="PY$LINE_COMMENT">
			<value>
				<option name="FONT_TYPE" value="2" />
				<option name="FOREGROUND" value="586e75" />
			</value>
		</option>
		<option name="PY$KEYWORD">
			<value>
				<option name="FOREGROUND" value="859900" />
			</value>
		</option>
		<option name="PY$INVALID_STRING_ESCAPE">
			<value>
				<option name="FOREGROUND" value="d33682" />
				<option name="EFFECT_TYPE" value="2" />
				<option name="EFFECT_COLOR" value="ffffff" />
			</value>
		</option>
		<option name="PY$FUNC_DEFINITION">
			<value>
				<option name="FOREGROUND" value="268bd2" />
				<option name="EFFECT_TYPE" value="-1" />
			</value>
		</option>
		<option name="PY$DOC_COMMENT">
			<value>
				<option name="FONT_TYPE" value="2" />
				<option name="FOREGROUND" value="586e75" />
			</value>
		</option>
		<option name="PY$DECORATOR">
			<value>
				<option name="FOREGROUND" value="268bd2" />
				<option name="EFFECT_TYPE" value="-1" />
			</value>
		</option>
		<option name="PY$CLASS_DEFINITION">
			<value>
				<option name="FOREGROUND" value="268bd2" />
				<option name="EFFECT_TYPE" value="-1" />
			</value>
		</option>
		<option name="PY$BUILTIN_NAME">
			<value>
				<option name="FOREGROUND" value="268bd2" />
				<option name="EFFECT_TYPE" value="-1" />
			</value>
		</option>
		<option name="PROPERTIES$VALUE">
			<value>
				<option name="FOREGROUND" value="849900" />
			</value>
		</option>
		<option name="PROPERTIES$VALID_STRING_ESCAPE">
			<value>
				<option name="FOREGROUND" value="d43780" />
			</value>
		</option>
		<option name="PROPERTIES$LINE_COMMENT">
			<value>
				<option name="FOREGROUND" value="586e75" />
			</value>
		</option>
		<option name="PROPERTIES$KEY">
			<value>
				<option name="FOREGROUND" value="2688d1" />
				<option name="EFFECT_TYPE" value="1" />
			</value>
		</option>
		<option name="PROPERTIES$INVALID_STRING_ESCAPE">
			<value>
				<option name="EFFECT_TYPE" value="2" />
				<option name="EFFECT_COLOR" value="db312e" />
			</value>
		</option>
		<option name="PHP_VAR">
			<value>
				<option name="FOREGROUND" value="268bd2" />
			</value>
		</option>
		<option name="PHP_TAG">
			<value>
				<option name="FOREGROUND" value="dc322f" />
			</value>
		</option>
		<option name="PHP_STRING">
			<value>
				<option name="FOREGROUND" value="2aa198" />
			</value>
		</option>
		<option name="PHP_SCRIPTING_BACKGROUND">
			<value>
			</value>
		</option>
		<option name="PHP_PREDEFINED SYMBOL">
			<value>
				<option name="FOREGROUND" value="dc322f" />
			</value>
		</option>
		<option name="PHP_OPERATION_SIGN">
			<value>
				<option name="FOREGROUND" value="859900" />
			</value>
		</option>
		<option name="PHP_NUMBER">
			<value>
				<option name="FOREGROUND" value="2aa198" />
			</value>
		</option>
		<option name="PHP_KEYWORD">
			<value>
				<option name="FOREGROUND" value="859900" />
			</value>
		</option>
		<option name="PHP_EXEC_COMMAND_ID">
			<value>
				<option name="FOREGROUND" value="859900" />
			</value>
		</option>
		<option name="PHP_ESCAPE_SEQUENCE">
			<value>
				<option name="FONT_TYPE" value="1" />
				<option name="FOREGROUND" value="d33682" />
				<option name="EFFECT_TYPE" value="1" />
			</value>
		</option>
		<option name="PHP_DOC_TAG">
			<value>
				<option name="FONT_TYPE" value="1" />
				<option name="EFFECT_TYPE" value="1" />
				<option name="EFFECT_COLOR" value="586e75" />
			</value>
		</option>
		<option name="PHP_DOC_COMMENT_ID">
			<value>
				<option name="FONT_TYPE" value="2" />
				<option name="FOREGROUND" value="586e75" />
			</value>
		</option>
		<option name="PHP_CONSTANT">
			<value>
				<option name="FONT_TYPE" value="2" />
				<option name="FOREGROUND" value="2aa198" />
			</value>
		</option>
		<option name="PHP_COMMENT">
			<value>
				<option name="FONT_TYPE" value="2" />
				<option name="FOREGROUND" value="586e75" />
			</value>
		</option>
		<option name="PHP_BRACKETS">
			<value>
				<option name="FOREGROUND" value="dc322f" />
			</value>
		</option>
		<option name="Object">
			<value>
				<option name="FOREGROUND" value="b58800" />
			</value>
		</option>
		<option name="Number">
			<value>
				<option name="FOREGROUND" value="cb4b16" />
			</value>
		</option>
		<option name="NOT_USED_ELEMENT_ATTRIBUTES">
			<value>
				<option name="FONT_TYPE" value="2" />
				<option name="FOREGROUND" value="6a6d6f" />
				<option name="EFFECT_TYPE" value="2" />
			</value>
		</option>
		<option name="Map key">
			<value>
				<option name="FOREGROUND" value="859900" />
			</value>
		</option>
		<option name="MATCHED_BRACE_ATTRIBUTES">
			<value>
				<option name="FOREGROUND" value="f24840" />
			</value>
		</option>
		<option name="MARKDOWN$LINK">
			<value>
				<option name="FOREGROUND" value="268bd2" />
				<option name="EFFECT_TYPE" value="-1" />
			</value>
		</option>
		<option name="MARKDOWN$ITALIC_TEXT">
			<value>
				<option name="FONT_TYPE" value="2" />
				<option name="EFFECT_TYPE" value="-1" />
			</value>
		</option>
		<option name="MARKDOWN$IMAGE">
			<value>
				<option name="FOREGROUND" value="859900" />
				<option name="EFFECT_TYPE" value="-1" />
			</value>
		</option>
		<option name="MARKDOWN$HEADER_LEVEL_6">
			<value>
				<option name="FONT_TYPE" value="1" />
				<option name="FOREGROUND" value="b58900" />
			</value>
		</option>
		<option name="MARKDOWN$HEADER_LEVEL_5">
			<value>
				<option name="FONT_TYPE" value="1" />
				<option name="FOREGROUND" value="b58900" />
			</value>
		</option>
		<option name="MARKDOWN$HEADER_LEVEL_4">
			<value>
				<option name="FONT_TYPE" value="1" />
				<option name="FOREGROUND" value="b58900" />
			</value>
		</option>
		<option name="MARKDOWN$HEADER_LEVEL_3">
			<value>
				<option name="FONT_TYPE" value="1" />
				<option name="FOREGROUND" value="b58900" />
			</value>
		</option>
		<option name="MARKDOWN$HEADER_LEVEL_2">
			<value>
				<option name="FONT_TYPE" value="1" />
				<option name="FOREGROUND" value="b58900" />
			</value>
		</option>
		<option name="MARKDOWN$HEADER_LEVEL_1">
			<value>
				<option name="FONT_TYPE" value="1" />
				<option name="FOREGROUND" value="b58900" />
			</value>
		</option>
		<option name="MARKDOWN$CODE_BLOCK">
			<value>
				<option name="FOREGROUND" value="cb4b16" />
				<option name="EFFECT_TYPE" value="-1" />
			</value>
		</option>
		<option name="MARKDOWN$BOLD_TEXT">
			<value>
				<option name="FONT_TYPE" value="1" />
				<option name="EFFECT_TYPE" value="-1" />
			</value>
		</option>
		<option name="Local variable">
			<value>
				<option name="FONT_TYPE" value="2" />
				<option name="FOREGROUND" value="2aa198" />
			</value>
		</option>
		<option name="Local value">
			<value>
				<option name="FOREGROUND" value="2aa198" />
			</value>
		</option>
		<option name="Local lazy val/var">
			<value>
				<option name="FOREGROUND" value="2aa198" />
			</value>
		</option>
		<option name="List/map to object conversion">
			<value>
				<option name="FONT_TYPE" value="1" />
				<option name="FOREGROUND" value="268bd2" />
			</value>
		</option>
		<option name="Line comment">
			<value>
				<option name="FONT_TYPE" value="2" />
				<option name="FOREGROUND" value="586e75" />
			</value>
		</option>
		<option name="LOG_WARNING_OUTPUT">
			<value>
				<option name="FOREGROUND" value="b68800" />
			</value>
		</option>
		<option name="LOG_EXPIRED_ENTRY">
			<value>
				<option name="FOREGROUND" value="525657" />
			</value>
		</option>
		<option name="LOG_ERROR_OUTPUT">
			<value>
				<option name="FOREGROUND" value="f24840" />
			</value>
		</option>
		<option name="LIVE_TEMPLATE_ATTRIBUTES">
			<value>
				<option name="EFFECT_COLOR" value="f24840" />
			</value>
		</option>
		<option name="LINE_PARTIAL_COVERAGE">
			<value>
				<option name="FONT_TYPE" value="1" />
				<option name="FOREGROUND" value="9da1a2" />
			</value>
		</option>
		<option name="LINE_NONE_COVERAGE">
			<value>
				<option name="FONT_TYPE" value="1" />
				<option name="FOREGROUND" value="b8bbbd" />
			</value>
		</option>
		<option name="LINE_FULL_COVERAGE">
			<value>
				<option name="FONT_TYPE" value="1" />
				<option name="FOREGROUND" value="9da1a2" />
			</value>
		</option>
		<option name="LESS_VARIABLE">
			<value>
				<option name="FOREGROUND" value="268bd2" />
			</value>
		</option>
		<option name="Keyword">
			<value>
				<option name="FOREGROUND" value="859900" />
			</value>
		</option>
		<option name="JS$VALID_STRING_ESCAPE">
			<value>
				<option name="FOREGROUND" value="629655" />
			</value>
		</option>
		<option name="JS$STRING">
			<value>
				<option name="FOREGROUND" value="15968d" />
				<option name="EFFECT_TYPE" value="2" />
			</value>
		</option>
		<option name="JS$SEMICOLON">
			<value>
				<option name="FOREGROUND" value="e05f27" />
			</value>
		</option>
		<option name="JS$REGEXP">
			<value>
				<option name="FOREGROUND" value="2aa198" />
				<option name="EFFECT_TYPE" value="-1" />
			</value>
		</option>
		<option name="JS$OPERATION_SIGN">
			<value>
				<option name="FOREGROUND" value="b58900" />
			</value>
		</option>
		<option name="JS$NUMBER">
			<value>
				<option name="FOREGROUND" value="e05f27" />
			</value>
		</option>
		<option name="JS$LINE_COMMENT">
			<value>
				<option name="FONT_TYPE" value="2" />
				<option name="FOREGROUND" value="6a6d6f" />
			</value>
		</option>
		<option name="JS$KEYWORD">
			<value>
				<option name="FOREGROUND" value="288dd5" />
			</value>
		</option>
		<option name="JS$INVALID_STRING_ESCAPE">
			<value>
				<option name="FOREGROUND" value="f24840" />
			</value>
		</option>
		<option name="JS$INSTANCE_MEMBER_VARIABLE">
			<value>
				<option name="FONT_TYPE" value="1" />
				<option name="FOREGROUND" value="b58900" />
			</value>
		</option>
		<option name="JS$GLOBAL_VARIABLE">
			<value>
				<option name="FOREGROUND" value="e74a93" />
			</value>
		</option>
		<option name="JS$GLOBAL_FUNCTION">
			<value>
				<option name="FOREGROUND" value="e74a93" />
			</value>
		</option>
		<option name="JS$DOC_COMMENT">
			<value>
				<option name="FONT_TYPE" value="2" />
				<option name="FOREGROUND" value="6a6d6f" />
			</value>
		</option>
		<option name="JS$BLOCK_COMMENT">
			<value>
				<option name="FONT_TYPE" value="2" />
				<option name="FOREGROUND" value="6a6d6f" />
			</value>
		</option>
		<option name="JAVA_VALID_STRING_ESCAPE">
			<value>
				<option name="FOREGROUND" value="629655" />
			</value>
		</option>
		<option name="JAVA_STRING">
			<value>
				<option name="FOREGROUND" value="15968d" />
			</value>
		</option>
		<option name="JAVA_SEMICOLON">
			<value>
				<option name="FOREGROUND" value="e05f27" />
			</value>
		</option>
		<option name="JAVA_NUMBER">
			<value>
				<option name="FOREGROUND" value="e05f27" />
			</value>
		</option>
		<option name="JAVA_LINE_COMMENT">
			<value>
				<option name="FONT_TYPE" value="2" />
				<option name="FOREGROUND" value="6a6d6f" />
			</value>
		</option>
		<option name="JAVA_KEYWORD">
			<value>
				<option name="FOREGROUND" value="b68800" />
				<option name="BACKGROUND" value="3d3f41" />
			</value>
		</option>
		<option name="JAVA_INVALID_STRING_ESCAPE">
			<value>
				<option name="FOREGROUND" value="f24840" />
			</value>
		</option>
		<option name="JAVA_DOC_TAG">
			<value>
				<option name="FOREGROUND" value="9da1a2" />
			</value>
		</option>
		<option name="JAVA_DOC_MARKUP">
			<value>
				<option name="FONT_TYPE" value="1" />
				<option name="FOREGROUND" value="9da1a2" />
			</value>
		</option>
		<option name="JAVA_DOC_COMMENT">
			<value>
				<option name="FOREGROUND" value="6a6d6f" />
			</value>
		</option>
		<option name="JAVA_COMMA">
			<value>
				<option name="FOREGROUND" value="e05f27" />
			</value>
		</option>
		<option name="JAVA_BLOCK_COMMENT">
			<value>
				<option name="FOREGROUND" value="6a6d6f" />
			</value>
		</option>
		<option name="Invalid escape in string">
			<value>
				<option name="FOREGROUND" value="d43780" />
				<option name="EFFECT_TYPE" value="2" />
				<option name="EFFECT_COLOR" value="db312e" />
			</value>
		</option>
		<option name="Instance property reference ID">
			<value>
				<option name="FOREGROUND" value="6c71c4" />
			</value>
		</option>
		<option name="Instance field">
			<value>
				<option name="FOREGROUND" value="6c71c4" />
			</value>
		</option>
		<option name="INTERFACE_NAME_ATTRIBUTES">
			<value>
				<option name="FONT_TYPE" value="3" />
			</value>
		</option>
		<option name="INSTANCE_FIELD_ATTRIBUTES">
			<value>
				<option name="FOREGROUND" value="797fd4" />
			</value>
		</option>
		<option name="INJECTED_LANGUAGE_FRAGMENT">
			<value>
				<option name="BACKGROUND" value="525657" />
			</value>
		</option>
		<option name="INFO_ATTRIBUTES">
			<value>
				<option name="ERROR_STRIPE_COLOR" value="b68800" />
				<option name="EFFECT_TYPE" value="5" />
				<option name="EFFECT_COLOR" value="b68800" />
			</value>
		</option>
		<option name="IMPLICIT_ANONYMOUS_CLASS_PARAMETER_ATTRIBUTES">
			<value>
			</value>
		</option>
		<option name="IDENTIFIER_UNDER_CARET_ATTRIBUTES">
			<value>
				<option name="FOREGROUND" value="d2d8d9" />
				<option name="BACKGROUND" value="525657" />
				<option name="ERROR_STRIPE_COLOR" value="d2d8d9" />
			</value>
		</option>
		<option name="Here-document start marker">
			<value>
				<option name="FOREGROUND" value="2aa198" />
			</value>
		</option>
		<option name="Here-document end marker">
			<value>
				<option name="FOREGROUND" value="2aa198" />
			</value>
		</option>
		<option name="Here-document">
			<value>
			</value>
		</option>
		<option name="HYPERLINK_ATTRIBUTES">
			<value>
				<option name="FOREGROUND" value="288dd5" />
				<option name="EFFECT_TYPE" value="1" />
			</value>
		</option>
		<option name="HTML_TAG_NAME">
			<value>
				<option name="FONT_TYPE" value="1" />
				<option name="FOREGROUND" value="288dd5" />
			</value>
		</option>
		<option name="HTML_TAG">
			<value>
				<option name="FOREGROUND" value="828687" />
			</value>
		</option>
		<option name="HTML_ENTITY_REFERENCE">
			<value>
				<option name="FONT_TYPE" value="1" />
				<option name="FOREGROUND" value="797fd4" />
			</value>
		</option>
		<option name="HTML_COMMENT">
			<value>
				<option name="FOREGROUND" value="6a6d6f" />
			</value>
		</option>
		<option name="HTML_CODE">
			<value>
				<option name="FOREGROUND" value="828687" />
				<option name="EFFECT_TYPE" value="5" />
			</value>
		</option>
		<option name="HTML_ATTRIBUTE_VALUE">
			<value>
				<option name="FOREGROUND" value="15968d" />
			</value>
		</option>
		<option name="HTML_ATTRIBUTE_NAME">
			<value>
				<option name="FONT_TYPE" value="1" />
				<option name="FOREGROUND" value="828687" />
			</value>
		</option>
		<option name="HAML_XHTML">
			<value>
				<option name="FOREGROUND" value="83ba0d" />
			</value>
		</option>
		<option name="HAML_TEXT">
			<value>
				<option name="FOREGROUND" value="268bd2" />
			</value>
		</option>
		<option name="HAML_TAG">
			<value>
				<option name="FOREGROUND" value="b58900" />
			</value>
		</option>
		<option name="HAML_RUBY_START">
			<value>
				<option name="FOREGROUND" value="d33682" />
			</value>
		</option>
		<option name="HAML_RUBY_CODE">
			<value>
			</value>
		</option>
		<option name="HAML_LINE_CONTINUATION">
			<value>
				<option name="FOREGROUND" value="268bd2" />
			</value>
		</option>
		<option name="HAML_ID">
			<value>
				<option name="FOREGROUND" value="cb4b16" />
			</value>
		</option>
		<option name="HAML_FILTER_CONTENT">
			<value>
				<option name="FOREGROUND" value="93a1a1" />
				<option name="BACKGROUND" value="73642" />
			</value>
		</option>
		<option name="HAML_FILTER">
			<value>
				<option name="FOREGROUND" value="dc322f" />
			</value>
		</option>
		<option name="HAML_COMMENT">
			<value>
				<option name="FOREGROUND" value="586e75" />
			</value>
		</option>
		<option name="HAML_CLASS">
			<value>
				<option name="FONT_TYPE" value="2" />
				<option name="FOREGROUND" value="cb4b16" />
			</value>
		</option>
		<option name="Groovydoc tag">
			<value>
				<option name="EFFECT_TYPE" value="1" />
			</value>
		</option>
		<option name="Groovydoc comment">
			<value>
				<option name="FOREGROUND" value="dc322f" />
			</value>
		</option>
		<option name="GString">
			<value>
				<option name="FOREGROUND" value="2aa198" />
			</value>
		</option>
		<option name="GROOVY_KEYWORD">
			<value>
				<option name="FOREGROUND" value="b58900" />
			</value>
		</option>
		<option name="GENERIC_SERVER_ERROR_OR_WARNING">
			<value>
				<option name="EFFECT_TYPE" value="2" />
				<option name="EFFECT_COLOR" value="f24840" />
			</value>
		</option>
		<option name="Function call">
			<value>
			</value>
		</option>
		<option name="FOLLOWED_HYPERLINK_ATTRIBUTES">
			<value>
				<option name="FOREGROUND" value="288dd5" />
				<option name="EFFECT_TYPE" value="1" />
			</value>
		</option>
		<option name="FOLDED_TEXT_ATTRIBUTES">
			<value>
				<option name="BACKGROUND" value="525657" />
				<option name="EFFECT_TYPE" value="1" />
			</value>
		</option>
		<option name="External command">
			<value>
			</value>
		</option>
		<option name="EXECUTIONPOINT_ATTRIBUTES">
			<value>
				<option name="BACKGROUND" value="2d6099" />
			</value>
		</option>
		<option name="ERRORS_ATTRIBUTES">
			<value>
				<option name="ERROR_STRIPE_COLOR" value="f24840" />
				<option name="EFFECT_TYPE" value="2" />
				<option name="EFFECT_COLOR" value="f24840" />
			</value>
		</option>
		<option name="ENUM_NAME_ATTRIBUTES">
			<value>
				<option name="FONT_TYPE" value="1" />
			</value>
		</option>
		<option name="DUPLICATE_FROM_SERVER">
			<value>
				<option name="EFFECT_TYPE" value="1" />
				<option name="EFFECT_COLOR" value="f24840" />
			</value>
		</option>
		<option name="DOC_COMMENT_TAG_VALUE">
			<value>
				<option name="FONT_TYPE" value="3" />
				<option name="FOREGROUND" value="6a6d6f" />
			</value>
		</option>
		<option name="DIFF_MODIFIED">
			<value>
				<option name="BACKGROUND" value="385570" />
				<option name="ERROR_STRIPE_COLOR" value="43698d" />
			</value>
		</option>
		<option name="DIFF_INSERTED">
			<value>
				<option name="BACKGROUND" value="294436" />
				<option name="ERROR_STRIPE_COLOR" value="447152" />
			</value>
		</option>
		<option name="DIFF_DELETED">
			<value>
				<option name="BACKGROUND" value="484a4a" />
				<option name="ERROR_STRIPE_COLOR" value="656e76" />
			</value>
		</option>
		<option name="DIFF_CONFLICT">
			<value>
				<option name="BACKGROUND" value="45302b" />
				<option name="ERROR_STRIPE_COLOR" value="8f5247" />
			</value>
		</option>
		<option name="DEPRECATED_ATTRIBUTES">
			<value>
				<option name="EFFECT_TYPE" value="3" />
				<option name="EFFECT_COLOR" value="d2d8d9" />
			</value>
		</option>
		<option name="DELETED_TEXT_ATTRIBUTES">
			<value>
				<option name="FOREGROUND" value="b8bbbd" />
				<option name="BACKGROUND" value="f24840" />
				<option name="EFFECT_TYPE" value="1" />
			</value>
		</option>
		<option name="DEFAULT_VALID_STRING_ESCAPE">
			<value>
				<option name="FONT_TYPE" value="1" />
				<option name="FOREGROUND" value="288dd5" />
			</value>
		</option>
		<option name="DEFAULT_TEMPLATE_LANGUAGE_COLOR">
			<value>
				<option name="FONT_TYPE" value="1" />
				<option name="FOREGROUND" value="629655" />
			</value>
		</option>
		<option name="DEFAULT_STRING">
			<value>
				<option name="FONT_TYPE" value="1" />
				<option name="FOREGROUND" value="15968d" />
			</value>
		</option>
		<option name="DEFAULT_SEMICOLON">
			<value>
				<option name="FOREGROUND" value="e05f27" />
			</value>
		</option>
		<option name="DEFAULT_NUMBER">
			<value>
				<option name="FOREGROUND" value="e05f27" />
			</value>
		</option>
		<option name="DEFAULT_LINE_COMMENT">
			<value>
				<option name="FONT_TYPE" value="2" />
				<option name="FOREGROUND" value="6a6d6f" />
			</value>
		</option>
		<option name="DEFAULT_KEYWORD">
			<value>
				<option name="FONT_TYPE" value="1" />
				<option name="FOREGROUND" value="288dd5" />
			</value>
		</option>
		<option name="DEFAULT_INVALID_STRING_ESCAPE">
			<value>
				<option name="FOREGROUND" value="3d3f41" />
				<option name="BACKGROUND" value="f24840" />
			</value>
		</option>
		<option name="DEFAULT_DOC_MARKUP">
			<value>
				<option name="FONT_TYPE" value="1" />
				<option name="FOREGROUND" value="9da1a2" />
			</value>
		</option>
		<option name="DEFAULT_DOC_COMMENT_TAG">
			<value>
				<option name="FONT_TYPE" value="1" />
				<option name="FOREGROUND" value="9da1a2" />
				<option name="EFFECT_TYPE" value="1" />
			</value>
		</option>
		<option name="DEFAULT_DOC_COMMENT">
			<value>
				<option name="FONT_TYPE" value="2" />
				<option name="FOREGROUND" value="6a6d6f" />
			</value>
		</option>
		<option name="DEFAULT_COMMA">
			<value>
				<option name="FOREGROUND" value="e05f27" />
			</value>
		</option>
		<option name="DEFAULT_BLOCK_COMMENT">
			<value>
				<option name="FONT_TYPE" value="2" />
				<option name="FOREGROUND" value="6a6d6f" />
			</value>
		</option>
		<option name="CUSTOM_VALID_STRING_ESCAPE_ATTRIBUTES">
			<value>
				<option name="FOREGROUND" value="629655" />
			</value>
		</option>
		<option name="CUSTOM_STRING_ATTRIBUTES">
			<value>
				<option name="FOREGROUND" value="15968d" />
			</value>
		</option>
		<option name="CUSTOM_NUMBER_ATTRIBUTES">
			<value>
				<option name="FOREGROUND" value="e05f27" />
			</value>
		</option>
		<option name="CUSTOM_MULTI_LINE_COMMENT_ATTRIBUTES">
			<value>
				<option name="FONT_TYPE" value="2" />
				<option name="FOREGROUND" value="6a6d6f" />
			</value>
		</option>
		<option name="CUSTOM_LINE_COMMENT_ATTRIBUTES">
			<value>
				<option name="FONT_TYPE" value="2" />
				<option name="FOREGROUND" value="6a6d6f" />
			</value>
		</option>
		<option name="CUSTOM_KEYWORD4_ATTRIBUTES">
			<value>
				<option name="FOREGROUND" value="f24840" />
			</value>
		</option>
		<option name="CUSTOM_KEYWORD3_ATTRIBUTES">
			<value>
				<option name="FOREGROUND" value="15968d" />
			</value>
		</option>
		<option name="CUSTOM_KEYWORD2_ATTRIBUTES">
			<value>
			</value>
		</option>
		<option name="CUSTOM_KEYWORD1_ATTRIBUTES">
			<value>
				<option name="FOREGROUND" value="b68800" />
			</value>
		</option>
		<option name="CUSTOM_INVALID_STRING_ESCAPE_ATTRIBUTES">
			<value>
				<option name="FOREGROUND" value="f24840" />
			</value>
		</option>
		<option name="CTRL_CLICKABLE">
			<value>
				<option name="FOREGROUND" value="288dd5" />
				<option name="EFFECT_TYPE" value="1" />
				<option name="EFFECT_COLOR" value="288dd5" />
			</value>
		</option>
		<option name="CSS$URL">
			<value>
				<option name="FOREGROUND" value="288dd5" />
			</value>
		</option>
		<option name="CSS$TAG_NAME">
			<value>
				<option name="FOREGROUND" value="e74a93" />
			</value>
		</option>
		<option name="CSS$STRING">
			<value>
				<option name="FOREGROUND" value="15968d" />
			</value>
		</option>
		<option name="CSS$PROPERTY_VALUE">
			<value>
				<option name="FOREGROUND" value="9da1a2" />
			</value>
		</option>
		<option name="CSS$PROPERTY_NAME">
			<value>
				<option name="FOREGROUND" value="b68800" />
			</value>
		</option>
		<option name="CSS$NUMBER">
			<value>
				<option name="FOREGROUND" value="e05f27" />
			</value>
		</option>
		<option name="CSS$KEYWORD">
			<value>
				<option name="FOREGROUND" value="629655" />
				<option name="EFFECT_TYPE" value="1" />
			</value>
		</option>
		<option name="CSS$IMPORTANT">
			<value>
				<option name="FOREGROUND" value="f24840" />
			</value>
		</option>
		<option name="CSS$IDENT">
			<value>
				<option name="FOREGROUND" value="288dd5" />
			</value>
		</option>
		<option name="CSS$FUNCTION">
			<value>
				<option name="FOREGROUND" value="9da1a2" />
			</value>
		</option>
		<option name="CSS$COMMENT">
			<value>
				<option name="FONT_TYPE" value="2" />
				<option name="FOREGROUND" value="6a6d6f" />
			</value>
		</option>
		<option name="CONSOLE_YELLOW_OUTPUT">
			<value>
				<option name="FOREGROUND" value="b68800" />
			</value>
		</option>
		<option name="CONSOLE_USER_INPUT">
			<value>
				<option name="FONT_TYPE" value="2" />
				<option name="FOREGROUND" value="629655" />
			</value>
		</option>
		<option name="CONSOLE_SYSTEM_OUTPUT">
			<value>
				<option name="FOREGROUND" value="828687" />
			</value>
		</option>
		<option name="CONSOLE_RED_OUTPUT">
			<value>
				<option name="FOREGROUND" value="f24840" />
			</value>
		</option>
		<option name="CONSOLE_NORMAL_OUTPUT">
			<value>
				<option name="FOREGROUND" value="828687" />
			</value>
		</option>
		<option name="CONSOLE_MAGENTA_OUTPUT">
			<value>
				<option name="FOREGROUND" value="e74a93" />
			</value>
		</option>
		<option name="CONSOLE_GREEN_OUTPUT">
			<value>
				<option name="FOREGROUND" value="629655" />
			</value>
		</option>
		<option name="CONSOLE_GRAY_OUTPUT">
			<value>
				<option name="FOREGROUND" value="525657" />
			</value>
		</option>
		<option name="CONSOLE_ERROR_OUTPUT">
			<value>
				<option name="FOREGROUND" value="f24840" />
			</value>
		</option>
		<option name="CONSOLE_CYAN_OUTPUT">
			<value>
				<option name="FOREGROUND" value="15968d" />
			</value>
		</option>
		<option name="CONSOLE_BLUE_OUTPUT">
			<value>
				<option name="FOREGROUND" value="288dd5" />
			</value>
		</option>
		<option name="COFFEESCRIPT$STRING">
			<value>
				<option name="FOREGROUND" value="2aa198" />
			</value>
		</option>
		<option name="COFFEESCRIPT$SEMICOLON">
			<value>
				<option name="FOREGROUND" value="b58900" />
			</value>
		</option>
		<option name="COFFEESCRIPT$REGULAR_EXPRESSION_ID">
			<value>
				<option name="FOREGROUND" value="2aa198" />
			</value>
		</option>
		<option name="COFFEESCRIPT$REGULAR_EXPRESSION_CONTENT">
			<value>
				<option name="FOREGROUND" value="2aa198" />
			</value>
		</option>
		<option name="COFFEESCRIPT$OPERATIONS">
			<value>
				<option name="FOREGROUND" value="b58900" />
			</value>
		</option>
		<option name="COFFEESCRIPT$OBJECT_KEY">
			<value>
				<option name="FONT_TYPE" value="1" />
				<option name="FOREGROUND" value="b58900" />
			</value>
		</option>
		<option name="COFFEESCRIPT$NUMBER">
			<value>
				<option name="FOREGROUND" value="93a1a1" />
			</value>
		</option>
		<option name="COFFEESCRIPT$LINE_COMMENT">
			<value>
				<option name="FONT_TYPE" value="2" />
				<option name="FOREGROUND" value="586e75" />
			</value>
		</option>
		<option name="COFFEESCRIPT$KEYWORD">
			<value>
				<option name="FOREGROUND" value="268bd2" />
			</value>
		</option>
		<option name="COFFEESCRIPT$IDENTIFIER">
			<value>
				<option name="FOREGROUND" value="b58900" />
			</value>
		</option>
		<option name="COFFEESCRIPT$FUNCTION_NAME">
			<value>
				<option name="FOREGROUND" value="b48900" />
			</value>
		</option>
		<option name="COFFEESCRIPT$ESCAPE_SEQUENCE">
			<value>
				<option name="FONT_TYPE" value="1" />
				<option name="FOREGROUND" value="2aa198" />
			</value>
		</option>
		<option name="COFFEESCRIPT$BRACKET">
			<value>
				<option name="FOREGROUND" value="268bd2" />
			</value>
		</option>
		<option name="COFFEESCRIPT$BRACE">
			<value>
				<option name="FOREGROUND" value="268bd2" />
			</value>
		</option>
		<option name="COFFEESCRIPT$BOOLEAN">
			<value>
				<option name="FOREGROUND" value="268bd2" />
			</value>
		</option>
		<option name="COFFEESCRIPT$BLOCK_COMMENT">
			<value>
				<option name="FONT_TYPE" value="2" />
				<option name="FOREGROUND" value="586e75" />
			</value>
		</option>
		<option name="CLASS_NAME_ATTRIBUTES">
			<value>
				<option name="FONT_TYPE" value="1" />
				<option name="FOREGROUND" value="9da1a2" />
			</value>
		</option>
		<option name="Build-in Bash command">
			<value>
				<option name="FOREGROUND" value="859900" />
			</value>
		</option>
		<option name="Block comment">
			<value>
				<option name="FONT_TYPE" value="2" />
				<option name="FOREGROUND" value="586e75" />
			</value>
		</option>
		<option name="Bad character">
			<value>
				<option name="EFFECT_TYPE" value="2" />
				<option name="EFFECT_COLOR" value="dc322f" />
			</value>
		</option>
		<option name="BREAKPOINT_ATTRIBUTES">
			<value>
				<option name="BACKGROUND" value="323232" />
			</value>
		</option>
		<option name="BAD_CHARACTER">
			<value>
				<option name="EFFECT_TYPE" value="2" />
				<option name="EFFECT_COLOR" value="f24840" />
			</value>
		</option>
		<option name="Annotation name">
			<value>
				<option name="FOREGROUND" value="6c6fc4" />
				<option name="EFFECT_TYPE" value="1" />
			</value>
		</option>
		<option name="Annotation">
			<value>
				<option name="FOREGROUND" value="859900" />
				<option name="EFFECT_TYPE" value="1" />
			</value>
		</option>
		<option name="Abstract class">
			<value>
				<option name="FONT_TYPE" value="2" />
				<option name="FOREGROUND" value="b58800" />
			</value>
		</option>
		<option name="ANONYMOUS_CLASS_NAME_ATTRIBUTES">
			<value>
				<option name="FONT_TYPE" value="1" />
			</value>
		</option>
		<option name="ANNOTATION_NAME_ATTRIBUTES">
			<value>
				<option name="FOREGROUND" value="629655" />
				<option name="EFFECT_TYPE" value="1" />
			</value>
		</option>
		<option name="ANNOTATION_ATTRIBUTE_NAME_ATTRIBUTES">
			<value>
				<option name="FONT_TYPE" value="1" />
			</value>
		</option>
		<option name="ABSTRACT_CLASS_NAME_ATTRIBUTES">
			<value>
				<option name="FONT_TYPE" value="3" />
			</value>
		</option>
	</attributes>
</scheme>