<?xml version="1.0" encoding="UTF-8"?>
<scheme name="Solarized Monokai Dark JAVA ONLY" version="1" parent_scheme="Default">
	<option name="LINE_SPACING" value="1.0" />
	<option name="EDITOR_FONT_SIZE" value="12" />
	<option name="EDITOR_FONT_NAME" value="Menlo" />
	<colors>
		<option name="ADDED_LINES_COLOR" value="295622" />
		<option name="CARET_COLOR" value="bbbbbb" />
		<option name="CARET_ROW_COLOR" value="" />
		<option name="CONSOLE_BACKGROUND_KEY" value="53443" />
		<option name="FILESTATUS_ADDED" value="629755" />
		<option name="FILESTATUS_DELETED" value="6c6c6c" />
		<option name="FILESTATUS_IDEA_FILESTATUS_DELETED_FROM_FILE_SYSTEM" value="6c6c6c" />
		<option name="FILESTATUS_IDEA_FILESTATUS_IGNORED" value="848504" />
		<option name="FILESTATUS_IDEA_FILESTATUS_MERGED_WITH_BOTH_CONFLICTS" value="d5756c" />
		<option name="FILESTATUS_IDEA_FILESTATUS_MERGED_WITH_CONFLICTS" value="d5756c" />
		<option name="FILESTATUS_IDEA_FILESTATUS_MERGED_WITH_PROPERTY_CONFLICTS" value="d5756c" />
		<option name="FILESTATUS_MERGED" value="9876aa" />
		<option name="FILESTATUS_MODIFIED" value="6897bb" />
		<option name="FILESTATUS_NOT_CHANGED_IMMEDIATE" value="6897bb" />
		<option name="FILESTATUS_NOT_CHANGED_RECURSIVE" value="6897bb" />
		<option name="FILESTATUS_UNKNOWN" value="d1675a" />
		<option name="FILESTATUS_addedOutside" value="629755" />
		<option name="FILESTATUS_changelistConflict" value="d5756c" />
		<option name="FILESTATUS_modifiedOutside" value="6897bb" />
		<option name="GUTTER_BACKGROUND" value="42430" />
		<option name="HTML_TAG_TREE_LEVEL0" value="0" />
		<option name="INDENT_GUIDE" value="373737" />
		<option name="LINE_NUMBERS_COLOR" value="999999" />
		<option name="METHOD_SEPARATORS_COLOR" value="5b5a4e" />
		<option name="MODIFIED_LINES_COLOR" value="415f69" />
		<option name="RECURSIVE_CALL_ATTRIBUTES" value="574300" />
		<option name="RIGHT_MARGIN_COLOR" value="323232" />
		<option name="SELECTED_INDENT_GUIDE" value="505050" />
		<option name="SELECTED_TEARLINE_COLOR" value="cc9900" />
		<option name="SELECTION_BACKGROUND" value="274f61" />
		<option name="SELECTION_FOREGROUND" value="" />
		<option name="TEARLINE_COLOR" value="5b5a4e" />
		<option name="WHITESPACES" value="505050" />
	</colors>
	<attributes>
		<option name="ANNOTATION_NAME_ATTRIBUTES">
			<value>
				<option name="FOREGROUND" value="d9e577" />
			</value>
		</option>
		<option name="BAD_CHARACTER">
			<value>
				<option name="FONT_TYPE" value="1" />
				<option name="FOREGROUND" value="ff0000" />
			</value>
		</option>
		<option name="BASH$EXTERNAL_COMMAND">
			<value>
				<option name="FONT_TYPE" value="2" />
				<option name="FOREGROUND" value="c57633" />
			</value>
		</option>
		<option name="BASH$INTERNAL_COMMAND">
			<value>
				<option name="FONT_TYPE" value="2" />
				<option name="FOREGROUND" value="ae81ff" />
			</value>
		</option>
		<option name="Block comment">
			<value>
				<option name="FONT_TYPE" value="2" />
				<option name="FOREGROUND" value="74715e" />
			</value>
		</option>
		<option name="CONSOLE_BLUE_OUTPUT">
			<value>
				<option name="FOREGROUND" value="5394ec" />
			</value>
		</option>
		<option name="CONSOLE_CYAN_OUTPUT">
			<value>
				<option name="FOREGROUND" value="6969" />
			</value>
		</option>
		<option name="CONSOLE_ERROR_OUTPUT">
			<value>
				<option name="FOREGROUND" value="dc2421" />
			</value>
		</option>
		<option name="CONSOLE_MAGENTA_OUTPUT">
			<value>
				<option name="FOREGROUND" value="983498" />
			</value>
		</option>
		<option name="CONSOLE_RED_OUTPUT">
			<value>
				<option name="FOREGROUND" value="ff6b68" />
			</value>
		</option>
		<option name="CONSOLE_USER_INPUT">
			<value>
				<option name="FOREGROUND" value="74715e" />
			</value>
		</option>
		<option name="CONSTRUCTOR_DECLARATION_ATTRIBUTES">
			<value>
				<option name="FOREGROUND" value="a7e22e" />
			</value>
		</option>
		<option name="CTRL_CLICKABLE">
			<value>
				<option name="FOREGROUND" value="589df6" />
				<option name="EFFECT_TYPE" value="1" />
				<option name="EFFECT_COLOR" value="589df6" />
			</value>
		</option>
		<option name="CUSTOM_INVALID_STRING_ESCAPE_ATTRIBUTES">
			<value>
				<option name="FONT_TYPE" value="1" />
				<option name="FOREGROUND" value="ff0000" />
			</value>
		</option>
		<option name="CUSTOM_KEYWORD1_ATTRIBUTES">
			<value>
				<option name="FOREGROUND" value="f92772" />
			</value>
		</option>
		<option name="CUSTOM_KEYWORD2_ATTRIBUTES">
			<value>
				<option name="FOREGROUND" value="f92772" />
			</value>
		</option>
		<option name="CUSTOM_KEYWORD3_ATTRIBUTES">
			<value>
				<option name="FOREGROUND" value="f92772" />
			</value>
		</option>
		<option name="CUSTOM_KEYWORD4_ATTRIBUTES">
			<value>
				<option name="FOREGROUND" value="f92772" />
			</value>
		</option>
		<option name="CUSTOM_LINE_COMMENT_ATTRIBUTES">
			<value>
				<option name="FOREGROUND" value="74715e" />
			</value>
		</option>
		<option name="CUSTOM_MULTI_LINE_COMMENT_ATTRIBUTES">
			<value>
				<option name="FONT_TYPE" value="2" />
				<option name="FOREGROUND" value="74715e" />
			</value>
		</option>
		<option name="CUSTOM_NUMBER_ATTRIBUTES">
			<value>
				<option name="FOREGROUND" value="ae81ff" />
			</value>
		</option>
		<option name="CUSTOM_STRING_ATTRIBUTES">
			<value>
				<option name="FOREGROUND" value="e6da74" />
			</value>
		</option>
		<option name="CUSTOM_VALID_STRING_ESCAPE_ATTRIBUTES">
			<value>
				<option name="FOREGROUND" value="ae81ff" />
			</value>
		</option>
		<option name="DEFAULT_ATTRIBUTE">
			<value>
				<option name="FOREGROUND" value="fe9720" />
			</value>
		</option>
		<option name="DEFAULT_BLOCK_COMMENT">
			<value>
				<option name="FOREGROUND" value="808080" />
			</value>
		</option>
		<option name="DEFAULT_CLASS_NAME">
			<value>
				<option name="FOREGROUND" value="a7e22e" />
			</value>
		</option>
		<option name="DEFAULT_CLASS_REFERENCE">
			<value>
				<option name="FOREGROUND" value="a7e22e" />
			</value>
		</option>
		<option name="DEFAULT_COMMA">
			<value>
				<option name="FOREGROUND" value="f92772" />
			</value>
		</option>
		<option name="DEFAULT_CONSTANT">
			<value>
				<option name="FOREGROUND" value="66d9ee" />
			</value>
		</option>
		<option name="DEFAULT_DOC_COMMENT">
			<value>
				<option name="FOREGROUND" value="74715e" />
			</value>
		</option>
		<option name="DEFAULT_DOC_COMMENT_TAG">
			<value>
				<option name="FOREGROUND" value="cfbfad" />
			</value>
		</option>
		<option name="DEFAULT_DOC_MARKUP">
			<value>
				<option name="FOREGROUND" value="d9e577" />
			</value>
		</option>
		<option name="DEFAULT_ENTITY">
			<value>
				<option name="FOREGROUND" value="ae81ff" />
			</value>
		</option>
		<option name="DEFAULT_FUNCTION_CALL">
			<value>
				<option name="FOREGROUND" value="a7e22e" />
			</value>
		</option>
		<option name="DEFAULT_FUNCTION_DECLARATION">
			<value>
				<option name="FONT_TYPE" value="1" />
				<option name="FOREGROUND" value="a7e22e" />
			</value>
		</option>
		<option name="DEFAULT_GLOBAL_VARIABLE">
			<value>
				<option name="FOREGROUND" value="66d9ee" />
			</value>
		</option>
		<option name="DEFAULT_IDENTIFIER">
			<value>
				<option name="FOREGROUND" value="ffffff" />
			</value>
		</option>
		<option name="DEFAULT_INSTANCE_FIELD">
			<value>
				<option name="FONT_TYPE" value="1" />
				<option name="FOREGROUND" value="66d9ee" />
			</value>
		</option>
		<option name="DEFAULT_INSTANCE_METHOD">
			<value>
				<option name="FOREGROUND" value="a7e22e" />
			</value>
		</option>
		<option name="DEFAULT_INTERFACE_NAME">
			<value>
				<option name="FOREGROUND" value="a7e22e" />
			</value>
		</option>
		<option name="DEFAULT_INVALID_STRING_ESCAPE">
			<value>
				<option name="FONT_TYPE" value="1" />
				<option name="FOREGROUND" value="ff0000" />
			</value>
		</option>
		<option name="DEFAULT_KEYWORD">
			<value>
				<option name="FOREGROUND" value="f92772" />
				<option name="BACKGROUND" value="272822" />
			</value>
		</option>
		<option name="DEFAULT_LABEL">
			<value>
				<option name="FOREGROUND" value="fe9720" />
			</value>
		</option>
		<option name="DEFAULT_LINE_COMMENT">
			<value>
				<option name="FOREGROUND" value="808080" />
			</value>
		</option>
		<option name="DEFAULT_LOCAL_VARIABLE">
			<value>
				<option name="FOREGROUND" value="f6f6f6" />
			</value>
		</option>
		<option name="DEFAULT_METADATA">
			<value>
				<option name="FOREGROUND" value="ffffff" />
			</value>
		</option>
		<option name="DEFAULT_NUMBER">
			<value>
				<option name="FOREGROUND" value="ae81ff" />
			</value>
		</option>
		<option name="DEFAULT_PARAMETER">
			<value>
				<option name="FOREGROUND" value="fe9720" />
			</value>
		</option>
		<option name="DEFAULT_SEMICOLON">
			<value>
				<option name="FOREGROUND" value="f92772" />
			</value>
		</option>
		<option name="DEFAULT_STATIC_FIELD">
			<value>
				<option name="FONT_TYPE" value="1" />
				<option name="FOREGROUND" value="66d9ee" />
			</value>
		</option>
		<option name="DEFAULT_STATIC_METHOD">
			<value>
				<option name="FOREGROUND" value="a7ec21" />
			</value>
		</option>
		<option name="DEFAULT_STRING">
			<value>
				<option name="FOREGROUND" value="e6da74" />
			</value>
		</option>
		<option name="DEFAULT_TAG">
			<value>
				<option name="FOREGROUND" value="f92772" />
			</value>
		</option>
		<option name="DEFAULT_TEMPLATE_LANGUAGE_COLOR">
			<value>
				<option name="FOREGROUND" value="ffffff" />
			</value>
		</option>
		<option name="DEFAULT_VALID_STRING_ESCAPE">
			<value>
				<option name="FOREGROUND" value="ae81ff" />
			</value>
		</option>
		<option name="DELETED_TEXT_ATTRIBUTES">
			<value>
				<option name="FOREGROUND" value="272822" />
				<option name="BACKGROUND" value="ffffff" />
			</value>
		</option>
		<option name="DEPRECATED_ATTRIBUTES">
			<value>
				<option name="EFFECT_TYPE" value="3" />
				<option name="EFFECT_COLOR" value="c3c3c3" />
			</value>
		</option>
		<option name="DIFF_CONFLICT">
			<value>
				<option name="BACKGROUND" value="45302b" />
				<option name="ERROR_STRIPE_COLOR" value="8f5247" />
			</value>
		</option>
		<option name="DIFF_DELETED">
			<value>
				<option name="BACKGROUND" value="484a4a" />
				<option name="ERROR_STRIPE_COLOR" value="656e76" />
			</value>
		</option>
		<option name="DIFF_INSERTED">
			<value>
				<option name="BACKGROUND" value="294436" />
				<option name="ERROR_STRIPE_COLOR" value="447152" />
			</value>
		</option>
		<option name="DIFF_MODIFIED">
			<value>
				<option name="BACKGROUND" value="385570" />
				<option name="ERROR_STRIPE_COLOR" value="43698d" />
			</value>
		</option>
		<option name="DOC_COMMENT_TAG_VALUE">
			<value>
				<option name="FOREGROUND" value="d9e577" />
			</value>
		</option>
		<option name="DUPLICATE_FROM_SERVER">
			<value>
				<option name="BACKGROUND" value="5e5339" />
			</value>
		</option>
		<option name="ERRORS_ATTRIBUTES">
			<value>
				<option name="ERROR_STRIPE_COLOR" value="d62220" />
				<option name="EFFECT_TYPE" value="2" />
				<option name="EFFECT_COLOR" value="d62220" />
			</value>
		</option>
		<option name="EXECUTIONPOINT_ATTRIBUTES">
			<value>
				<option name="BACKGROUND" value="2d6099" />
			</value>
		</option>
		<option name="FOLDED_TEXT_ATTRIBUTES">
			<value>
				<option name="FONT_TYPE" value="2" />
				<option name="FOREGROUND" value="6d8891" />
				<option name="BACKGROUND" value="a2a37" />
				<option name="EFFECT_COLOR" value="3a3a3a" />
			</value>
		</option>
		<option name="FOLLOWED_HYPERLINK_ATTRIBUTES">
			<value>
				<option name="FOREGROUND" value="287bde" />
				<option name="EFFECT_TYPE" value="1" />
				<option name="EFFECT_COLOR" value="287bde" />
			</value>
		</option>
		<option name="GENERIC_SERVER_ERROR_OR_WARNING">
			<value>
				<option name="ERROR_STRIPE_COLOR" value="cc7110" />
				<option name="EFFECT_TYPE" value="1" />
				<option name="EFFECT_COLOR" value="c27310" />
			</value>
		</option>
		<option name="GROOVY_KEYWORD">
			<value>
				<option name="FONT_TYPE" value="1" />
				<option name="FOREGROUND" value="f92772" />
			</value>
		</option>
		<option name="HYPERLINK_ATTRIBUTES">
			<value>
				<option name="FOREGROUND" value="287bde" />
				<option name="EFFECT_TYPE" value="1" />
				<option name="EFFECT_COLOR" value="287bde" />
			</value>
		</option>
		<option name="IDENTIFIER_UNDER_CARET_ATTRIBUTES">
			<value>
				<option name="ERROR_STRIPE_COLOR" value="96d22f" />
				<option name="EFFECT_COLOR" value="e5e7e8" />
			</value>
		</option>
		<option name="INFO_ATTRIBUTES">
			<value>
				<option name="ERROR_STRIPE_COLOR" value="808080" />
				<option name="EFFECT_TYPE" value="2" />
				<option name="EFFECT_COLOR" value="808080" />
			</value>
		</option>
		<option name="INJECTED_LANGUAGE_FRAGMENT">
			<value>
				<option name="FOREGROUND" value="ffffff" />
			</value>
		</option>
		<option name="Instance property reference ID">
			<value>
				<option name="FOREGROUND" value="9876aa" />
			</value>
		</option>
		<option name="JAVA_INVALID_STRING_ESCAPE">
			<value>
				<option name="FONT_TYPE" value="1" />
				<option name="FOREGROUND" value="ff2d27" />
			</value>
		</option>
		<option name="JAVA_KEYWORD">
			<value>
				<option name="FOREGROUND" value="cf9c2c" />
			</value>
		</option>
		<option name="JAVA_NUMBER">
			<value>
				<option name="FOREGROUND" value="f92772" />
			</value>
		</option>
		<option name="JAVA_STRING">
			<value>
				<option name="FOREGROUND" value="62ca9d" />
			</value>
		</option>
		<option name="JAVA_VALID_STRING_ESCAPE">
			<value>
				<option name="FOREGROUND" value="e6861f" />
			</value>
		</option>
		<option name="LOG_ERROR_OUTPUT">
			<value>
				<option name="FOREGROUND" value="f92772" />
			</value>
		</option>
		<option name="LOG_EXPIRED_ENTRY">
			<value>
				<option name="FONT_TYPE" value="2" />
				<option name="FOREGROUND" value="74715e" />
			</value>
		</option>
		<option name="LOG_WARNING_OUTPUT">
			<value>
				<option name="FONT_TYPE" value="1" />
				<option name="FOREGROUND" value="ffffff" />
			</value>
		</option>
		<option name="List/map to object conversion">
			<value>
				<option name="FONT_TYPE" value="1" />
				<option name="FOREGROUND" value="589df6" />
				<option name="BACKGROUND" value="2b2b2b" />
				<option name="EFFECT_TYPE" value="5" />
			</value>
		</option>
		<option name="MATCHED_BRACE_ATTRIBUTES">
			<value>
				<option name="BACKGROUND" value="595959" />
				<option name="EFFECT_TYPE" value="1" />
			</value>
		</option>
		<option name="METHOD_DECLARATION_ATTRIBUTES">
			<value>
				<option name="FOREGROUND" value="3395db" />
			</value>
		</option>
		<option name="Map key">
			<value>
				<option name="FOREGROUND" value="8000" />
				<option name="BACKGROUND" value="2b2b2b" />
				<option name="EFFECT_TYPE" value="5" />
			</value>
		</option>
		<option name="NOT_USED_ELEMENT_ATTRIBUTES">
			<value>
				<option name="FONT_TYPE" value="2" />
				<option name="FOREGROUND" value="586e75" />
				<option name="ERROR_STRIPE_COLOR" value="808080" />
				<option name="EFFECT_TYPE" value="2" />
			</value>
		</option>
		<option name="PARAMETER_ATTRIBUTES">
			<value>
				<option name="FOREGROUND" value="5ab2db" />
			</value>
		</option>
		<option name="SASS_MIXIN">
			<value>
				<option name="FONT_TYPE" value="1" />
				<option name="FOREGROUND" value="8080" />
			</value>
		</option>
		<option name="SEARCH_RESULT_ATTRIBUTES">
			<value>
				<option name="FOREGROUND" value="181818" />
				<option name="BACKGROUND" value="e4e4e4" />
			</value>
		</option>
		<option name="SPY-JS$EXCEPTION">
			<value>
				<option name="BACKGROUND" value="532b2e" />
				<option name="EFFECT_TYPE" value="2" />
			</value>
		</option>
		<option name="SPY-JS$FUNCTION_SCOPE">
			<value>
				<option name="BACKGROUND" value="3a3a3a" />
				<option name="EFFECT_TYPE" value="2" />
			</value>
		</option>
		<option name="SPY-JS$PATH_LEVEL_ONE">
			<value>
				<option name="BACKGROUND" value="425f44" />
				<option name="EFFECT_TYPE" value="2" />
			</value>
		</option>
		<option name="SPY-JS$PATH_LEVEL_TWO">
			<value>
				<option name="EFFECT_TYPE" value="1" />
				<option name="EFFECT_COLOR" value="a9b7c6" />
			</value>
		</option>
		<option name="SPY-JS$PROGRAM_SCOPE">
			<value>
				<option name="BACKGROUND" value="3a3a3a" />
				<option name="EFFECT_TYPE" value="2" />
			</value>
		</option>
		<option name="SPY-JS$VALUE_HINT">
			<value>
				<option name="EFFECT_COLOR" value="a9b7c6" />
			</value>
		</option>
		<option name="STATIC_FIELD_ATTRIBUTES">
			<value>
				<option name="FONT_TYPE" value="1" />
				<option name="FOREGROUND" value="50aadb" />
			</value>
		</option>
		<option name="STATIC_FINAL_FIELD_ATTRIBUTES">
			<value>
				<option name="FONT_TYPE" value="1" />
				<option name="FOREGROUND" value="6f327a" />
			</value>
		</option>
		<option name="Static property reference ID">
			<value>
				<option name="FONT_TYPE" value="2" />
				<option name="FOREGROUND" value="d0d0ff" />
				<option name="EFFECT_TYPE" value="1" />
				<option name="EFFECT_COLOR" value="ffffff" />
			</value>
		</option>
		<option name="TEMPLATE_VARIABLE_ATTRIBUTES">
			<value>
				<option name="FOREGROUND" value="ffffff" />
			</value>
		</option>
		<option name="TEXT">
			<value>
				<option name="FOREGROUND" value="b4b4b4" />
				<option name="BACKGROUND" value="42631" />
			</value>
		</option>
		<option name="TEXT_SEARCH_RESULT_ATTRIBUTES">
			<value>
				<option name="FOREGROUND" value="181818" />
				<option name="BACKGROUND" value="e4e4e4" />
			</value>
		</option>
		<option name="TODO_DEFAULT_ATTRIBUTES">
			<value>
				<option name="FONT_TYPE" value="2" />
				<option name="FOREGROUND" value="fef629" />
				<option name="ERROR_STRIPE_COLOR" value="287bde" />
			</value>
		</option>
		<option name="TYPE_PARAMETER_NAME_ATTRIBUTES">
			<value>
				<option name="FOREGROUND" value="fe9720" />
			</value>
		</option>
		<option name="TYPO">
			<value>
				<option name="EFFECT_TYPE" value="2" />
				<option name="EFFECT_COLOR" value="cc7110" />
			</value>
		</option>
		<option name="UNMATCHED_BRACE_ATTRIBUTES">
			<value>
				<option name="FOREGROUND" value="d1243b" />
			</value>
		</option>
		<option name="Unresolved reference access">
			<value>
				<option name="FOREGROUND" value="bbbbbb" />
				<option name="BACKGROUND" value="2b2b2b" />
				<option name="EFFECT_TYPE" value="1" />
				<option name="EFFECT_COLOR" value="808080" />
			</value>
		</option>
		<option name="WARNING_ATTRIBUTES">
			<value>
				<option name="ERROR_STRIPE_COLOR" value="cc7110" />
				<option name="EFFECT_TYPE" value="2" />
				<option name="EFFECT_COLOR" value="cc7110" />
			</value>
		</option>
		<option name="WRITE_IDENTIFIER_UNDER_CARET_ATTRIBUTES">
			<value>
				<option name="ERROR_STRIPE_COLOR" value="96d22f" />
				<option name="EFFECT_COLOR" value="e5e7e8" />
			</value>
		</option>
		<option name="WRITE_SEARCH_RESULT_ATTRIBUTES">
			<value>
				<option name="FOREGROUND" value="181818" />
				<option name="BACKGROUND" value="e4e4e4" />
			</value>
		</option>
		<option name="WRONG_REFERENCES_ATTRIBUTES">
			<value>
				<option name="FOREGROUND" value="ef0000" />
			</value>
		</option>
	</attributes>
</scheme>