<?xml version="1.0" encoding="UTF-8"?>
<scheme name="Spartan" version="1" parent_scheme="Default">
	<option name="LINE_SPACING" value="1.0" />
	<option name="EDITOR_FONT_SIZE" value="12" />
	<option name="EDITOR_FONT_NAME" value="Menlo" />
	<colors>
		<option name="ADDED_LINES_COLOR" value="295622" />
		<option name="ANNOTATIONS_COLOR" value="8b999f" />
		<option name="CARET_COLOR" value="46ff00" />
		<option name="CARET_ROW_COLOR" value="000000" />
		<option name="CONSOLE_BACKGROUND_KEY" value="2b2b2b" />
		<option name="FILESTATUS_ADDED" value="629755" />
		<option name="FILESTATUS_DELETED" value="6c6c6c" />
		<option name="FILESTATUS_IDEA_FILESTATUS_DELETED_FROM_FILE_SYSTEM" value="6c6c6c" />
		<option name="FILESTATUS_IDEA_FILESTATUS_IGNORED" value="848504" />
		<option name="FILESTATUS_IDEA_FILESTATUS_MERGED_WITH_BOTH_CONFLICTS" value="d5756c" />
		<option name="FILESTATUS_IDEA_FILESTATUS_MERGED_WITH_CONFLICTS" value="d5756c" />
		<option name="FILESTATUS_IDEA_FILESTATUS_MERGED_WITH_PROPERTY_CONFLICTS" value="d5756c" />
		<option name="FILESTATUS_MERGED" value="9876aa" />
		<option name="FILESTATUS_MODIFIED" value="6897bb" />
		<option name="FILESTATUS_NOT_CHANGED_IMMEDIATE" value="6897bb" />
		<option name="FILESTATUS_NOT_CHANGED_RECURSIVE" value="6897bb" />
		<option name="FILESTATUS_UNKNOWN" value="d1675a" />
		<option name="FILESTATUS_addedOutside" value="629755" />
		<option name="FILESTATUS_changelistConflict" value="d5756c" />
		<option name="FILESTATUS_modifiedOutside" value="6897bb" />
		<option name="GUTTER_BACKGROUND" value="313335" />
		<option name="INDENT_GUIDE" value="373737" />
		<option name="LINE_NUMBERS_COLOR" value="888888" />
		<option name="METHOD_SEPARATORS_COLOR" value="4d4d4d" />
		<option name="MODIFIED_LINES_COLOR" value="415f69" />
		<option name="NOTIFICATION_BACKGROUND" value="5c5c42" />
		<option name="READONLY_BACKGROUND" value="2b1d22" />
		<option name="READONLY_FRAGMENT_BACKGROUND" value="000000" />
		<option name="RECURSIVE_CALL_ATTRIBUTES" value="574300" />
		<option name="RIGHT_MARGIN_COLOR" value="323232" />
		<option name="SELECTED_INDENT_GUIDE" value="505050" />
		<option name="SELECTED_TEARLINE_COLOR" value="787878" />
		<option name="SELECTION_BACKGROUND" value="d1b536" />
		<option name="SELECTION_FOREGROUND" value="2b2b2b" />
		<option name="TEARLINE_COLOR" value="555555" />
		<option name="WHITESPACES" value="505050" />
	</colors>
	<attributes>
		<option name="ANNOTATION_NAME_ATTRIBUTES">
			<value>
				<option name="EFFECT_TYPE" value="1" />
			</value>
		</option>
		<option name="BAD_CHARACTER">
			<value>
				<option name="FOREGROUND" value="2b1113" />
				<option name="BACKGROUND" value="ff0005" />
				<option name="EFFECT_TYPE" value="2" />
				<option name="EFFECT_COLOR" value="ff0000" />
			</value>
		</option>
		<option name="BASH$EXTERNAL_COMMAND">
			<value>
				<option name="FONT_TYPE" value="2" />
			</value>
		</option>
		<option name="BASH$REDIRECTION">
			<value>
				<option name="FONT_TYPE" value="2" />
			</value>
		</option>
		<option name="BREAKPOINT_ATTRIBUTES">
			<value>
				<option name="BACKGROUND" value="4e2424" />
				<option name="EFFECT_COLOR" value="ff4c5f" />
			</value>
		</option>
		<option name="CLASS_REFERENCE">
			<value>
				<option name="FOREGROUND" value="769aa5" />
			</value>
		</option>
		<option name="CONDITIONALLY_NOT_COMPILED">
			<value>
				<option name="FOREGROUND" value="536c46" />
			</value>
		</option>
		<option name="CONSOLE_BLUE_BRIGHT_OUTPUT">
			<value>
				<option name="FOREGROUND" value="7eaef1" />
			</value>
		</option>
		<option name="CONSOLE_BLUE_OUTPUT">
			<value>
				<option name="FOREGROUND" value="5394ec" />
			</value>
		</option>
		<option name="CONSOLE_CYAN_BRIGHT_OUTPUT">
			<value>
				<option name="FOREGROUND" value="6cdada" />
			</value>
		</option>
		<option name="CONSOLE_CYAN_OUTPUT">
			<value>
				<option name="FOREGROUND" value="33cccc" />
			</value>
		</option>
		<option name="CONSOLE_ERROR_OUTPUT">
			<value>
				<option name="FOREGROUND" value="ff6b68" />
			</value>
		</option>
		<option name="CONSOLE_GRAY_OUTPUT">
			<value>
				<option name="FOREGROUND" value="999999" />
			</value>
		</option>
		<option name="CONSOLE_GREEN_BRIGHT_OUTPUT">
			<value>
				<option name="FOREGROUND" value="70ff70" />
			</value>
		</option>
		<option name="CONSOLE_GREEN_OUTPUT">
			<value>
				<option name="FOREGROUND" value="007f00" />
			</value>
		</option>
		<option name="CONSOLE_MAGENTA_BRIGHT_OUTPUT">
			<value>
				<option name="FOREGROUND" value="ff99ff" />
			</value>
		</option>
		<option name="CONSOLE_MAGENTA_OUTPUT">
			<value>
				<option name="FOREGROUND" value="ff70ff" />
			</value>
		</option>
		<option name="CONSOLE_NORMAL_OUTPUT">
			<value>
				<option name="FOREGROUND" value="bbbbbb" />
			</value>
		</option>
		<option name="CONSOLE_RED_BRIGHT_OUTPUT">
			<value>
				<option name="FOREGROUND" value="ff8785" />
			</value>
		</option>
		<option name="CONSOLE_RED_OUTPUT">
			<value>
				<option name="FOREGROUND" value="ff6b68" />
			</value>
		</option>
		<option name="CONSOLE_SYSTEM_OUTPUT">
			<value>
				<option name="FOREGROUND" value="bbbbbb" />
			</value>
		</option>
		<option name="CONSOLE_WHITE_OUTPUT">
			<value>
				<option name="FOREGROUND" value="bbbbbb" />
			</value>
		</option>
		<option name="CONSOLE_YELLOW_BRIGHT_OUTPUT">
			<value>
				<option name="FOREGROUND" value="ffff00" />
			</value>
		</option>
		<option name="CONSOLE_YELLOW_OUTPUT">
			<value>
				<option name="FOREGROUND" value="cdcd00" />
			</value>
		</option>
		<option name="CTRL_CLICKABLE">
			<value>
				<option name="FOREGROUND" value="589df6" />
				<option name="EFFECT_TYPE" value="1" />
				<option name="EFFECT_COLOR" value="589df6" />
			</value>
		</option>
		<option name="CUSTOM_KEYWORD4_ATTRIBUTES">
			<value>
				<option name="EFFECT_TYPE" value="1" />
			</value>
		</option>
		<option name="DEBUGGER_INLINED_VALUES">
			<value>
				<option name="FONT_TYPE" value="3" />
				<option name="FOREGROUND" value="ff4c5f" />
			</value>
		</option>
		<option name="DEBUGGER_INLINED_VALUES_EXECUTION_LINE">
			<value>
				<option name="FONT_TYPE" value="3" />
				<option name="FOREGROUND" value="171f3a" />
			</value>
		</option>
		<option name="DEFAULT_BLOCK_COMMENT">
			<value>
				<option name="FONT_TYPE" value="2" />
				<option name="FOREGROUND" value="d1b536" />
			</value>
		</option>
		<option name="DEFAULT_CONSTANT">
			<value>
				<option name="FONT_TYPE" value="2" />
				<option name="FOREGROUND" value="b8c3e2" />
				<option name="BACKGROUND" value="2f3038" />
				<option name="EFFECT_TYPE" value="5" />
			</value>
		</option>
		<option name="DEFAULT_DOC_COMMENT">
			<value>
				<option name="FOREGROUND" value="d1b536" />
			</value>
		</option>
		<option name="DEFAULT_DOC_COMMENT_TAG">
			<value>
				<option name="FONT_TYPE" value="3" />
				<option name="EFFECT_TYPE" value="1" />
			</value>
		</option>
		<option name="DEFAULT_DOC_COMMENT_TAG_VALUE">
			<value>
				<option name="FONT_TYPE" value="2" />
			</value>
		</option>
		<option name="DEFAULT_DOC_MARKUP">
			<value>
				<option name="FONT_TYPE" value="2" />
			</value>
		</option>
		<option name="DEFAULT_GLOBAL_VARIABLE">
			<value>
				<option name="FOREGROUND" value="c2d2e2" />
				<option name="BACKGROUND" value="2b2b2b" />
				<option name="EFFECT_TYPE" value="1" />
				<option name="EFFECT_COLOR" value="5392ff" />
			</value>
		</option>
		<option name="DEFAULT_INVALID_STRING_ESCAPE">
			<value>
				<option name="FOREGROUND" value="2b1113" />
				<option name="BACKGROUND" value="ff0005" />
				<option name="EFFECT_TYPE" value="2" />
			</value>
		</option>
		<option name="DEFAULT_LINE_COMMENT">
			<value>
				<option name="FOREGROUND" value="d1b536" />
			</value>
		</option>
		<option name="DEFAULT_STATIC_METHOD">
			<value>
				<option name="FOREGROUND" value="b8c3e2" />
				<option name="BACKGROUND" value="2f3038" />
				<option name="EFFECT_TYPE" value="5" />
			</value>
		</option>
		<option name="DEFAULT_STRING">
			<value>
				<option name="FOREGROUND" value="d065e3" />
			</value>
		</option>
		<option name="DELETED_TEXT_ATTRIBUTES">
			<value>
				<option name="FOREGROUND" value="bbbbbb" />
				<option name="BACKGROUND" value="450505" />
				<option name="EFFECT_TYPE" value="3" />
				<option name="EFFECT_COLOR" value="c3c3c3" />
			</value>
		</option>
		<option name="DEPRECATED_ATTRIBUTES">
			<value>
				<option name="EFFECT_TYPE" value="3" />
				<option name="EFFECT_COLOR" value="c3c3c3" />
			</value>
		</option>
		<option name="DIFF_CONFLICT">
			<value>
				<option name="BACKGROUND" value="45302b" />
				<option name="ERROR_STRIPE_COLOR" value="8f5247" />
			</value>
		</option>
		<option name="DIFF_DELETED">
			<value>
				<option name="BACKGROUND" value="484a4a" />
				<option name="ERROR_STRIPE_COLOR" value="656e76" />
			</value>
		</option>
		<option name="DIFF_INSERTED">
			<value>
				<option name="BACKGROUND" value="294436" />
				<option name="ERROR_STRIPE_COLOR" value="447152" />
			</value>
		</option>
		<option name="DIFF_MODIFIED">
			<value>
				<option name="BACKGROUND" value="385570" />
				<option name="ERROR_STRIPE_COLOR" value="43698d" />
			</value>
		</option>
		<option name="DUPLICATE_FROM_SERVER">
			<value>
				<option name="BACKGROUND" value="5e5339" />
			</value>
		</option>
		<option name="ENUM_CONST">
			<value>
				<option name="FOREGROUND" value="9373a5" />
			</value>
		</option>
		<option name="ERRORS_ATTRIBUTES">
			<value>
				<option name="FOREGROUND" value="bbcada" />
				<option name="BACKGROUND" value="5c2220" />
				<option name="ERROR_STRIPE_COLOR" value="bc3f3c" />
				<option name="EFFECT_TYPE" value="2" />
				<option name="EFFECT_COLOR" value="bc3f3c" />
			</value>
		</option>
		<option name="EXECUTIONPOINT_ATTRIBUTES">
			<value>
				<option name="FOREGROUND" value="5d0807" />
				<option name="BACKGROUND" value="ff4c5f" />
			</value>
		</option>
		<option name="FOLDED_TEXT_ATTRIBUTES">
			<value>
				<option name="FOREGROUND" value="8c8c8c" />
				<option name="BACKGROUND" value="3a3a3a" />
			</value>
		</option>
		<option name="FOLLOWED_HYPERLINK_ATTRIBUTES">
			<value>
				<option name="FOREGROUND" value="2993fb" />
				<option name="EFFECT_TYPE" value="1" />
				<option name="EFFECT_COLOR" value="2993fb" />
			</value>
		</option>
		<option name="GENERIC_SERVER_ERROR_OR_WARNING">
			<value>
				<option name="ERROR_STRIPE_COLOR" value="f49810" />
				<option name="EFFECT_TYPE" value="1" />
				<option name="EFFECT_COLOR" value="f49810" />
			</value>
		</option>
		<option name="HYPERLINK_ATTRIBUTES">
			<value>
				<option name="FOREGROUND" value="2993fb" />
				<option name="EFFECT_TYPE" value="1" />
				<option name="EFFECT_COLOR" value="2993fb" />
			</value>
		</option>
		<option name="IDENTIFIER_UNDER_CARET_ATTRIBUTES">
			<value>
				<option name="FOREGROUND" value="0b2f00" />
				<option name="BACKGROUND" value="2a9c00" />
			</value>
		</option>
		<option name="IMPLICIT_ANONYMOUS_CLASS_PARAMETER_ATTRIBUTES">
			<value>
				<option name="EFFECT_TYPE" value="1" />
			</value>
		</option>
		<option name="INFO_ATTRIBUTES">
			<value>
				<option name="ERROR_STRIPE_COLOR" value="aeae80" />
				<option name="EFFECT_TYPE" value="2" />
				<option name="EFFECT_COLOR" value="aeae80" />
			</value>
		</option>
		<option name="INJECTED_LANGUAGE_FRAGMENT">
			<value>
				<option name="BACKGROUND" value="364135" />
			</value>
		</option>
		<option name="INLINE_PARAMETER_HINT">
			<value>
				<option name="FOREGROUND" value="555555" />
				<option name="BACKGROUND" value="ededed" />
			</value>
		</option>
		<option name="INSTANCE_FIELD_ATTRIBUTES">
			<value>
				<option name="EFFECT_TYPE" value="1" />
			</value>
		</option>
		<option name="IVAR">
			<value>
				<option name="FOREGROUND" value="9373a5" />
			</value>
		</option>
		<option name="Implicit conversion">
			<value>
				<option name="FOREGROUND" value="60b6ff" />
				<option name="EFFECT_TYPE" value="5" />
			</value>
		</option>
		<option name="LABEL">
			<value>
				<option name="FONT_TYPE" value="2" />
			</value>
		</option>
		<option name="LINE_FULL_COVERAGE">
			<value>
				<option name="FONT_TYPE" value="1" />
				<option name="FOREGROUND" value="7ced36" />
			</value>
		</option>
		<option name="LINE_NONE_COVERAGE">
			<value>
				<option name="FONT_TYPE" value="1" />
				<option name="FOREGROUND" value="e24643" />
			</value>
		</option>
		<option name="LINE_PARTIAL_COVERAGE">
			<value>
				<option name="FONT_TYPE" value="1" />
				<option name="FOREGROUND" value="d16e00" />
			</value>
		</option>
		<option name="LOG_ERROR_OUTPUT">
			<value>
				<option name="FOREGROUND" value="ff6b68" />
			</value>
		</option>
		<option name="MACRONAME">
			<value>
				<option name="FOREGROUND" value="908b25" />
			</value>
		</option>
		<option name="MATCHED_BRACE_ATTRIBUTES">
			<value>
				<option name="FOREGROUND" value="014354" />
				<option name="BACKGROUND" value="00cdff" />
				<option name="EFFECT_TYPE" value="1" />
			</value>
		</option>
		<option name="MESSAGE_ARGUMENT">
			<value>
				<option name="FOREGROUND" value="c4b3a3" />
			</value>
		</option>
		<option name="NOT_TOP_FRAME_ATTRIBUTES">
			<value>
				<option name="BACKGROUND" value="2b1113" />
				<option name="EFFECT_COLOR" value="ff3338" />
			</value>
		</option>
		<option name="NOT_USED_ELEMENT_ATTRIBUTES">
			<value>
				<option name="FOREGROUND" value="808080" />
				<option name="BACKGROUND" value="44090a" />
				<option name="EFFECT_TYPE" value="2" />
				<option name="EFFECT_COLOR" value="808080" />
			</value>
		</option>
		<option name="OC$CPP_KEYWORD">
			<value>
				<option name="FOREGROUND" value="cc7832" />
			</value>
		</option>
		<option name="OC$MACRONAME">
			<value>
				<option name="FONT_TYPE" value="1" />
			</value>
		</option>
		<option name="OC$PROPERTY">
			<value>
				<option name="FOREGROUND" value="cdbcac" />
			</value>
		</option>
		<option name="OC_FORMAT_TOKEN">
			<value>
				<option name="FOREGROUND" value="cc7832" />
			</value>
		</option>
		<option name="PHP_EXEC_COMMAND_ID">
			<value>
				<option name="FOREGROUND" value="a5c25c" />
				<option name="BACKGROUND" value="5e6465" />
			</value>
		</option>
		<option name="PROTOCOL_REFERENCE">
			<value>
				<option name="FOREGROUND" value="219598" />
			</value>
		</option>
		<option name="PY$CLASS_DEFINITION">
			<value>
				<option name="EFFECT_TYPE" value="1" />
			</value>
		</option>
		<option name="PY$FUNC_DEFINITION">
			<value>
				<option name="EFFECT_TYPE" value="1" />
			</value>
		</option>
		<option name="REASSIGNED_LOCAL_VARIABLE_ATTRIBUTES">
			<value>
				<option name="EFFECT_TYPE" value="4" />
				<option name="EFFECT_COLOR" value="d16e00" />
			</value>
		</option>
		<option name="REASSIGNED_PARAMETER_ATTRIBUTES">
			<value>
				<option name="EFFECT_TYPE" value="4" />
				<option name="EFFECT_COLOR" value="d16e00" />
			</value>
		</option>
		<option name="SEARCH_RESULT_ATTRIBUTES">
			<value>
				<option name="BACKGROUND" value="155221" />
				<option name="ERROR_STRIPE_COLOR" value="246e00" />
			</value>
		</option>
		<option name="SPY-JS$EXCEPTION">
			<value>
				<option name="BACKGROUND" value="532b2e" />
				<option name="EFFECT_TYPE" value="2" />
			</value>
		</option>
		<option name="SPY-JS$FUNCTION_SCOPE">
			<value>
				<option name="BACKGROUND" value="3a3a3a" />
				<option name="EFFECT_TYPE" value="2" />
			</value>
		</option>
		<option name="SPY-JS$PATH_LEVEL_ONE">
			<value>
				<option name="BACKGROUND" value="425f44" />
				<option name="EFFECT_TYPE" value="2" />
			</value>
		</option>
		<option name="SPY-JS$PATH_LEVEL_TWO">
			<value>
				<option name="EFFECT_TYPE" value="1" />
				<option name="EFFECT_COLOR" value="a9b7c6" />
			</value>
		</option>
		<option name="SPY-JS$PROGRAM_SCOPE">
			<value>
				<option name="BACKGROUND" value="3a3a3a" />
				<option name="EFFECT_TYPE" value="2" />
			</value>
		</option>
		<option name="SPY-JS$VALUE_HINT">
			<value>
				<option name="EFFECT_COLOR" value="a9b7c6" />
			</value>
		</option>
		<option name="STATIC_FIELD_ATTRIBUTES">
			<value>
				<option name="EFFECT_TYPE" value="1" />
				<option name="EFFECT_COLOR" value="ff0005" />
			</value>
		</option>
		<option name="STATIC_FINAL_FIELD_ATTRIBUTES">
			<value>
				<option name="FONT_TYPE" value="1" />
				<option name="EFFECT_TYPE" value="4" />
			</value>
		</option>
		<option name="STATIC_METHOD_ATTRIBUTES">
			<value>
				<option name="FONT_TYPE" value="1" />
				<option name="EFFECT_TYPE" value="2" />
			</value>
		</option>
		<option name="Scala Immutable Collection">
			<value>
				<option name="EFFECT_TYPE" value="5" />
			</value>
		</option>
		<option name="Scala Mutable Collection">
			<value>
				<option name="EFFECT_TYPE" value="5" />
				<option name="EFFECT_COLOR" value="ff0005" />
			</value>
		</option>
		<option name="Scala Template val">
			<value>
				<option name="EFFECT_TYPE" value="1" />
			</value>
		</option>
		<option name="Standart Java Collection">
			<value>
				<option name="EFFECT_TYPE" value="5" />
			</value>
		</option>
		<option name="Static property reference ID">
			<value>
				<option name="FONT_TYPE" value="2" />
				<option name="FOREGROUND" value="9876aa" />
			</value>
		</option>
		<option name="TEMPLATE_VARIABLE_ATTRIBUTES">
			<value>
				<option name="FOREGROUND" value="ae8abe" />
			</value>
		</option>
		<option name="TEXT">
			<value>
				<option name="FOREGROUND" value="c2d2e2" />
				<option name="BACKGROUND" value="2b2b2b" />
				<option name="EFFECT_TYPE" value="5" />
			</value>
		</option>
		<option name="TEXT_SEARCH_RESULT_ATTRIBUTES">
			<value>
				<option name="BACKGROUND" value="425f44" />
				<option name="ERROR_STRIPE_COLOR" value="425f44" />
				<option name="EFFECT_COLOR" value="56ac48" />
			</value>
		</option>
		<option name="TODO_DEFAULT_ATTRIBUTES">
			<value>
				<option name="FONT_TYPE" value="2" />
				<option name="FOREGROUND" value="a8c023" />
				<option name="ERROR_STRIPE_COLOR" value="0a74c0" />
			</value>
		</option>
		<option name="TYPEDEF">
			<value>
				<option name="FOREGROUND" value="c7c8f5" />
			</value>
		</option>
		<option name="TYPO">
			<value>
				<option name="EFFECT_TYPE" value="2" />
				<option name="EFFECT_COLOR" value="867f27" />
			</value>
		</option>
		<option name="UNMATCHED_BRACE_ATTRIBUTES">
			<value>
				<option name="FOREGROUND" value="d1243b" />
			</value>
		</option>
		<option name="WARNING_ATTRIBUTES">
			<value>
				<option name="BACKGROUND" value="52503a" />
				<option name="ERROR_STRIPE_COLOR" value="8c8c00" />
				<option name="EFFECT_TYPE" value="2" />
			</value>
		</option>
		<option name="WRITE_IDENTIFIER_UNDER_CARET_ATTRIBUTES">
			<value>
				<option name="FOREGROUND" value="3c0500" />
				<option name="BACKGROUND" value="d16e00" />
				<option name="EFFECT_TYPE" value="1" />
			</value>
		</option>
		<option name="WRITE_SEARCH_RESULT_ATTRIBUTES">
			<value>
				<option name="BACKGROUND" value="532b2e" />
				<option name="ERROR_STRIPE_COLOR" value="c55450" />
			</value>
		</option>
		<option name="WRONG_REFERENCES_ATTRIBUTES">
			<value>
				<option name="FOREGROUND" value="bc3f3c" />
			</value>
		</option>
		<option name="XML_TAG_DATA">
			<value>
				<option name="FOREGROUND" value="d065e3" />
				<option name="EFFECT_TYPE" value="5" />
			</value>
		</option>
	</attributes>
</scheme>