<?xml version="1.0" encoding="UTF-8"?>
<scheme name="Squegee" version="1" parent_scheme="Default">
	<option name="LINE_SPACING" value="1.0" />
	<option name="EDITOR_FONT_SIZE" value="12" />
	<option name="EDITOR_FONT_NAME" value="Menlo" />
	<colors>
		<option name="READONLY_BACKGROUND" value="3c3f41" />
	</colors>
	<attributes>
		<option name="OC$BLOCK_COMMENT">
			<value>
				<option name="FOREGROUND" value="cd14e5" />
			</value>
		</option>
		<option name="OC$BRACES">
			<value>
				<option name="FOREGROUND" value="e7ebee" />
			</value>
		</option>
		<option name="OC$BRACKETS">
			<value>
				<option name="FOREGROUND" value="e7ebee" />
			</value>
		</option>
		<option name="OC$COMMA">
			<value>
				<option name="FOREGROUND" value="e7ebee" />
			</value>
		</option>
		<option name="OC$DIRECTIVE">
			<value>
				<option name="FOREGROUND" value="e9477f" />
			</value>
		</option>
		<option name="OC$DOT">
			<value>
				<option name="FOREGROUND" value="e7ebee" />
			</value>
		</option>
		<option name="OC$ENUM_CONST">
			<value>
				<option name="FONT_TYPE" value="2" />
				<option name="FOREGROUND" value="14b160" />
			</value>
		</option>
		<option name="OC$EXTERN_VARIABLE">
			<value>
				<option name="FOREGROUND" value="cf4b51" />
			</value>
		</option>
		<option name="OC$FORMAT_TOKEN">
			<value>
				<option name="FOREGROUND" value="cc4845" />
			</value>
		</option>
		<option name="OC$FUNCTION">
			<value>
				<option name="FOREGROUND" value="c27bcf" />
			</value>
		</option>
		<option name="OC$FUNCTION_DECLARATION">
			<value>
				<option name="FOREGROUND" value="e7ebee" />
			</value>
		</option>
		<option name="OC$GLOBAL_VARIABLE">
			<value>
				<option name="FOREGROUND" value="c27bcf" />
			</value>
		</option>
		<option name="OC$HEADER_PATH">
			<value>
				<option name="FOREGROUND" value="79a749" />
			</value>
		</option>
		<option name="OC$INVALID_STRING_ESCAPE">
			<value>
				<option name="FOREGROUND" value="8cc452" />
				<option name="EFFECT_TYPE" value="2" />
				<option name="EFFECT_COLOR" value="ff0000" />
			</value>
		</option>
		<option name="OC$KEYWORD">
			<value>
				<option name="FOREGROUND" value="3aa3b1" />
			</value>
		</option>
		<option name="OC$LINE_COMMENT">
			<value>
				<option name="FOREGROUND" value="e9477f" />
			</value>
		</option>
		<option name="OC$LOCAL_VARIABLE">
			<value>
				<option name="FOREGROUND" value="cfd1d4" />
			</value>
		</option>
		<option name="OC$MACRONAME">
			<value>
				<option name="FOREGROUND" value="fff642" />
			</value>
		</option>
		<option name="OC$NAMESPACE_LIKE">
			<value>
				<option name="FOREGROUND" value="cfd1d4" />
			</value>
		</option>
		<option name="OC$NUMBER">
			<value>
				<option name="FOREGROUND" value="c99423" />
			</value>
		</option>
		<option name="OC$OPERATION_SIGN">
			<value>
				<option name="FOREGROUND" value="e7ebee" />
			</value>
		</option>
		<option name="OC$OVERLOADED_OPERATOR">
			<value>
				<option name="FOREGROUND" value="4db6b5" />
			</value>
		</option>
		<option name="OC$PARAMETER">
			<value>
				<option name="FOREGROUND" value="bc42b9" />
			</value>
		</option>
		<option name="OC$PARENTHS">
			<value>
				<option name="FOREGROUND" value="e7ebee" />
			</value>
		</option>
		<option name="OC$SEMICOLON">
			<value>
				<option name="FOREGROUND" value="e7ebee" />
			</value>
		</option>
		<option name="OC$STRING">
			<value>
				<option name="FOREGROUND" value="79a749" />
			</value>
		</option>
		<option name="OC$STRUCT_FIELD">
			<value>
				<option name="FOREGROUND" value="d4d472" />
			</value>
		</option>
		<option name="OC$STRUCT_LIKE">
			<value>
				<option name="FONT_TYPE" value="1" />
				<option name="FOREGROUND" value="26a5f3" />
			</value>
		</option>
		<option name="OC$TEMPLATE_TYPE">
			<value>
				<option name="FOREGROUND" value="e7ebee" />
			</value>
		</option>
		<option name="OC$TYPEDEF">
			<value>
				<option name="FOREGROUND" value="3aa3b1" />
			</value>
		</option>
		<option name="OC$VALID_STRING_ESCAPE">
			<value>
				<option name="FOREGROUND" value="cc4845" />
			</value>
		</option>
		<option name="TEXT">
			<value>
				<option name="FOREGROUND" value="a9b7c6" />
				<option name="BACKGROUND" value="232323" />
				<option name="EFFECT_TYPE" value="5" />
			</value>
		</option>
	</attributes>
</scheme>