<?xml version="1.0" encoding="UTF-8"?>
<scheme name="that pack" version="1" parent_scheme="Default">
	<option name="LINE_SPACING" value="1.0" />
	<option name="EDITOR_FONT_SIZE" value="12" />
	<option name="EDITOR_FONT_NAME" value="Menlo" />
	<colors>
		<option name="CONSOLE_BACKGROUND_KEY" value="151515" />
	</colors>
	<attributes>
		<option name="DEFAULT_CLASS_NAME">
			<value>
				<option name="FOREGROUND" value="edf298" />
			</value>
		</option>
		<option name="DEFAULT_COMMA">
			<value>
				<option name="FOREGROUND" value="eeeeee" />
			</value>
		</option>
		<option name="DEFAULT_CONSTANT">
			<value>
				<option name="FONT_TYPE" value="2" />
				<option name="FOREGROUND" value="c2f4cc" />
			</value>
		</option>
		<option name="DEFAULT_DOC_COMMENT">
			<value>
				<option name="FONT_TYPE" value="2" />
				<option name="FOREGROUND" value="8b8f93" />
			</value>
		</option>
		<option name="DEFAULT_DOC_COMMENT_TAG">
			<value>
				<option name="FONT_TYPE" value="3" />
				<option name="FOREGROUND" value="b2b7bc" />
				<option name="EFFECT_TYPE" value="1" />
				<option name="EFFECT_COLOR" value="b2b7bc" />
			</value>
		</option>
		<option name="DEFAULT_DOC_COMMENT_TAG_VALUE">
			<value>
				<option name="FOREGROUND" value="9cc5aa" />
			</value>
		</option>
		<option name="DEFAULT_DOC_MARKUP">
			<value>
				<option name="FOREGROUND" value="b2b7bc" />
			</value>
		</option>
		<option name="DEFAULT_FUNCTION_DECLARATION">
			<value>
				<option name="FOREGROUND" value="ffa9b0" />
			</value>
		</option>
		<option name="DEFAULT_IDENTIFIER">
			<value>
				<option name="FOREGROUND" value="f2ebbb" />
			</value>
		</option>
		<option name="DEFAULT_INSTANCE_FIELD">
			<value>
				<option name="FOREGROUND" value="82c5c9" />
			</value>
		</option>
		<option name="DEFAULT_INTERFACE_NAME">
			<value>
				<option name="FOREGROUND" value="f2c591" />
			</value>
		</option>
		<option name="DEFAULT_INVALID_STRING_ESCAPE">
			<value>
				<option name="FOREGROUND" value="cd3836" />
				<option name="EFFECT_TYPE" value="2" />
				<option name="EFFECT_COLOR" value="ff4643" />
			</value>
		</option>
		<option name="DEFAULT_KEYWORD">
			<value>
				<option name="FOREGROUND" value="83ac8e" />
			</value>
		</option>
		<option name="DEFAULT_LOCAL_VARIABLE">
			<value>
				<option name="FOREGROUND" value="b7f27c" />
			</value>
		</option>
		<option name="DEFAULT_NUMBER">
			<value>
				<option name="FOREGROUND" value="9d8fc6" />
			</value>
		</option>
		<option name="DEFAULT_SEMICOLON">
			<value>
				<option name="FOREGROUND" value="eeeeee" />
			</value>
		</option>
		<option name="DEFAULT_STATIC_FIELD">
			<value>
				<option name="FONT_TYPE" value="2" />
				<option name="FOREGROUND" value="c4c984" />
			</value>
		</option>
		<option name="DEFAULT_STRING">
			<value>
				<option name="FOREGROUND" value="ffd4b3" />
			</value>
		</option>
		<option name="DEFAULT_VALID_STRING_ESCAPE">
			<value>
				<option name="FOREGROUND" value="b9b9a9" />
			</value>
		</option>
		<option name="INLINE_PARAMETER_HINT">
			<value>
				<option name="FOREGROUND" value="787878" />
			</value>
		</option>
		<option name="INLINE_PARAMETER_HINT_CURRENT">
			<value>
				<option name="FOREGROUND" value="acacac" />
			</value>
		</option>
		<option name="INLINE_PARAMETER_HINT_HIGHLIGHTED">
			<value>
				<option name="FOREGROUND" value="acacac" />
			</value>
		</option>
		<option name="KOTLIN_FUNCTION_LITERAL_BRACES_AND_ARROW">
			<value>
				<option name="FONT_TYPE" value="1" />
			</value>
		</option>
		<option name="MATCHED_BRACE_ATTRIBUTES">
			<value>
				<option name="FONT_TYPE" value="1" />
				<option name="BACKGROUND" value="3b514d" />
			</value>
		</option>
		<option name="RAINBOW_COLOR0">
			<value>
				<option name="FOREGROUND" value="e1f2b2" />
			</value>
		</option>
		<option name="RAINBOW_COLOR1">
			<value>
				<option name="FOREGROUND" value="bcf2d2" />
			</value>
		</option>
		<option name="RAINBOW_COLOR2">
			<value>
				<option name="FOREGROUND" value="98f2f0" />
			</value>
		</option>
		<option name="RAINBOW_COLOR3">
			<value>
				<option name="FOREGROUND" value="f2969c" />
			</value>
		</option>
		<option name="RAINBOW_COLOR4">
			<value>
				<option name="FOREGROUND" value="f2c894" />
			</value>
		</option>
		<option name="TEXT">
			<value>
				<option name="FOREGROUND" value="eeeeee" />
				<option name="BACKGROUND" value="1b1b1b" />
				<option name="EFFECT_TYPE" value="5" />
			</value>
		</option>
		<option name="org$rust$ATTRIBUTE">
			<value>
				<option name="FOREGROUND" value="b2b7bc" />
			</value>
		</option>
		<option name="org$rust$IDENTIFIER">
			<value>
				<option name="FOREGROUND" value="f2eed8" />
			</value>
		</option>
		<option name="org$rust$KEYWORD_UNSAFE">
			<value>
				<option name="FOREGROUND" value="cc656c" />
			</value>
		</option>
		<option name="org$rust$LIFETIME">
			<value>
				<option name="FOREGROUND" value="f2dc49" />
			</value>
		</option>
		<option name="org$rust$MACRO">
			<value>
				<option name="FOREGROUND" value="b0a0c6" />
			</value>
		</option>
		<option name="org$rust$PRIMITIVE_TYPE">
			<value>
				<option name="FOREGROUND" value="ccbf9e" />
			</value>
		</option>
		<option name="org$rust$Q_OPERATOR">
			<value>
				<option name="FOREGROUND" value="c9f873" />
			</value>
		</option>
		<option name="org$rust$SELF_PARAMETER">
			<value>
				<option name="FOREGROUND" value="83ac8e" />
			</value>
		</option>
		<option name="org$rust$TYPE_PARAMETER">
			<value>
				<option name="FOREGROUND" value="ebb061" />
			</value>
		</option>
	</attributes>
</scheme>