<?xml version="1.0" encoding="UTF-8"?>
<scheme name="TheKidsNeonTheme" version="1" parent_scheme="Default">
	<option name="LINE_SPACING" value="1.0" />
	<option name="EDITOR_FONT_SIZE" value="12" />
	<option name="EDITOR_FONT_NAME" value="Menlo" />
	<colors>
		<option name="ADDED_LINES_COLOR" value="a2d66b" />
		<option name="ANNOTATIONS_COLOR" value="b0bec5" />
		<option name="BORDER_LINES_COLOR" value="000000" />
		<option name="CARET_COLOR" value="ffffff" />
		<option name="CARET_ROW_COLOR" value="262639" />
		<option name="CONSOLE_BACKGROUND_KEY" value="202030" />
		<option name="DELETED_LINES_COLOR" value="f77669" />
		<option name="DIFF_SEPARATORS_BACKGROUND" value="1c1c1c" />
		<option name="DIFF_SEPARATORS_TOP_BORDER" value="171717" />
		<option name="DOCUMENTATION_COLOR" value="202030" />
		<option name="ERROR_HINT" value="ff0015" />
		<option name="FILESTATUS_ADDED" value="9d50ba" />
		<option name="FILESTATUS_COPIED" value="659d9a" />
		<option name="FILESTATUS_DELETED" value="f77669" />
		<option name="FILESTATUS_HIJACKED" value="ee4266" />
		<option name="FILESTATUS_IDEA_FILESTATUS_DELETED_FROM_FILE_SYSTEM" value="f77669" />
		<option name="FILESTATUS_IDEA_FILESTATUS_IGNORED" value="546e7a" />
		<option name="FILESTATUS_IDEA_SVN_FILESTATUS_EXTERNAL" value="a2d66b" />
		<option name="FILESTATUS_IGNORE$PROJECT_VIEW$IGNORED" value="546e7a" />
		<option name="FILESTATUS_MERGED" value="65738e" />
		<option name="FILESTATUS_MODIFIED" value="9d50ba" />
		<option name="FILESTATUS_NOT_CHANGED" value="626669" />
		<option name="FILESTATUS_NOT_CHANGED_IMMEDIATE" value="9d50ba" />
		<option name="FILESTATUS_NOT_CHANGED_RECURSIVE" value="9d50ba" />
		<option name="FILESTATUS_OBSOLETE" value="7c7c00" />
		<option name="FILESTATUS_SUPPRESSED" value="616161" />
		<option name="FILESTATUS_SWITCHED" value="08978f" />
		<option name="FILESTATUS_UNKNOWN" value="f77669" />
		<option name="FILESTATUS_modifiedOutside" value="9d50ba" />
		<option name="GUTTER_BACKGROUND" value="080c12" />
		<option name="INDENT_GUIDE" value="2a2a3f" />
		<option name="INFORMATION_HINT" value="202030" />
		<option name="LINE_NUMBERS_COLOR" value="8383b1" />
		<option name="METHOD_SEPARATORS_COLOR" value="44445b" />
		<option name="MODIFIED_LINES_COLOR" value="ffcb6e" />
		<option name="MT_IGNORE$PROJECT_VIEW$IGNORED" value="ab7967" />
		<option name="MT_SUPPRESSED" value="9090b2" />
		<option name="NOTIFICATION_BACKGROUND" value="3d1a11" />
		<option name="NOT_CHANGED" value="616161" />
		<option name="QUESTION_HINT" value="202030" />
		<option name="RIGHT_MARGIN_COLOR" value="28283c" />
		<option name="SELECTED_INDENT_GUIDE" value="3f3f5e" />
		<option name="SELECTED_TEARLINE_COLOR" value="080c12" />
		<option name="SELECTION_BACKGROUND" value="ee4266" />
		<option name="SELECTION_FOREGROUND" value="ffffff" />
		<option name="SOFT_WRAP_SIGN_COLOR" value="4f6269" />
		<option name="TEARLINE_COLOR" value="080c12" />
		<option name="VCS_ANNOTATIONS_COLOR_1" value="202030" />
		<option name="VCS_ANNOTATIONS_COLOR_2" value="2a2a3f" />
		<option name="VCS_ANNOTATIONS_COLOR_3" value="616161" />
		<option name="VCS_ANNOTATIONS_COLOR_4" value="5a4036" />
		<option name="VCS_ANNOTATIONS_COLOR_5" value="ab7967" />
		<option name="WHITESPACES" value="080c12" />
		<option name="WHITESPACES_MODIFIED_LINES_COLOR" value="28283c" />
	</colors>
	<attributes>
		<option name="ABSTRACT_CLASS_NAME_ATTRIBUTES">
			<value>
				<option name="FONT_TYPE" value="1" />
				<option name="FOREGROUND" value="a2d66b" />
			</value>
		</option>
		<option name="ANNOTATION_ATTRIBUTE_NAME_ATTRIBUTES">
			<value>
				<option name="FONT_TYPE" value="2" />
				<option name="FOREGROUND" value="ff00d0" />
			</value>
		</option>
		<option name="ANNOTATION_NAME_ATTRIBUTES">
			<value>
				<option name="FONT_TYPE" value="2" />
				<option name="FOREGROUND" value="ff00d0" />
			</value>
		</option>
		<option name="APACHE_CONFIG$ARG_LEXEM">
			<value>
				<option name="FOREGROUND" value="a2d66b" />
			</value>
		</option>
		<option name="APACHE_CONFIG$COMMENT">
			<value>
				<option name="FONT_TYPE" value="2" />
				<option name="FOREGROUND" value="4c4c70" />
			</value>
		</option>
		<option name="APACHE_CONFIG$IDENTIFIER">
			<value>
				<option name="FONT_TYPE" value="2" />
				<option name="FOREGROUND" value="9d50ba" />
			</value>
		</option>
		<option name="Abstract class name">
			<value>
				<option name="FOREGROUND" value="a2d66b" />
			</value>
		</option>
		<option name="Annotation">
			<value>
				<option name="FOREGROUND" value="9d50ba" />
			</value>
		</option>
		<option name="Anonymous class name">
			<value>
				<option name="FOREGROUND" value="ee4266" />
			</value>
		</option>
		<option name="Anotation attribute name">
			<value>
				<option name="FOREGROUND" value="ffd23f" />
			</value>
		</option>
		<option name="BAD_CHARACTER">
			<value>
				<option name="EFFECT_TYPE" value="2" />
				<option name="EFFECT_COLOR" value="ff5370" />
			</value>
		</option>
		<option name="BASH$EXTERNAL_COMMAND">
			<value>
				<option name="FONT_TYPE" value="2" />
				<option name="FOREGROUND" value="ee4266" />
			</value>
		</option>
		<option name="BLADE_BAD_CHARACTER">
			<value>
				<option name="EFFECT_TYPE" value="2" />
				<option name="EFFECT_COLOR" value="ff5370" />
			</value>
		</option>
		<option name="BLADE_COMMENT">
			<value>
				<option name="FONT_TYPE" value="2" />
				<option name="FOREGROUND" value="4c4c70" />
			</value>
		</option>
		<option name="BLADE_DIRECTIVE">
			<value>
				<option name="FONT_TYPE" value="2" />
				<option name="FOREGROUND" value="9d50ba" />
			</value>
		</option>
		<option name="BLADE_TEXT_BLOCK_BOUNDARY">
			<value>
				<option name="FOREGROUND" value="72729d" />
			</value>
		</option>
		<option name="BNF_KEYWORD">
			<value>
				<option name="FOREGROUND" value="1a1f29" />
			</value>
		</option>
		<option name="BNF_NUMBER">
			<value>
				<option name="FOREGROUND" value="f36e3a" />
			</value>
		</option>
		<option name="BOOKMARKS_ATTRIBUTES">
			<value>
				<option name="FONT_TYPE" value="1" />
				<option name="ERROR_STRIPE_COLOR" value="dbdbdb" />
			</value>
		</option>
		<option name="BREADCRUMBS_CURRENT">
			<value>
				<option name="FOREGROUND" value="ffffff" />
				<option name="BACKGROUND" value="080c12" />
			</value>
		</option>
		<option name="BREADCRUMBS_DEFAULT">
			<value>
				<option name="FOREGROUND" value="616161" />
				<option name="BACKGROUND" value="080c12" />
			</value>
		</option>
		<option name="BREADCRUMBS_HOVERED">
			<value>
				<option name="FOREGROUND" value="fffbf7" />
				<option name="BACKGROUND" value="80cbcf" />
			</value>
		</option>
		<option name="BREADCRUMBS_INACTIVE">
			<value>
				<option name="FOREGROUND" value="616161" />
				<option name="BACKGROUND" value="202030" />
			</value>
		</option>
		<option name="BREAKPOINT_ATTRIBUTES">
			<value>
				<option name="BACKGROUND" value="4b1717" />
			</value>
		</option>
		<option name="BROWSEWORDATCARET">
			<value>
				<option name="FOREGROUND" value="9d50ba" />
				<option name="EFFECT_TYPE" value="1" />
				<option name="EFFECT_COLOR" value="9d50ba" />
			</value>
		</option>
		<option name="Bad character">
			<value>
				<option name="EFFECT_TYPE" value="2" />
				<option name="EFFECT_COLOR" value="ff5370" />
			</value>
		</option>
		<option name="Block comment">
			<value>
				<option name="FONT_TYPE" value="2" />
				<option name="FOREGROUND" value="546e7a" />
			</value>
		</option>
		<option name="Braces">
			<value>
				<option name="FOREGROUND" value="72729d" />
			</value>
		</option>
		<option name="Brackets">
			<value>
				<option name="FOREGROUND" value="72729d" />
			</value>
		</option>
		<option name="CLASS_REFERENCE">
			<value>
				<option name="FOREGROUND" value="1a1f29" />
			</value>
		</option>
		<option name="COFFEESCRIPT$BAD_CHARACTER">
			<value>
				<option name="EFFECT_TYPE" value="2" />
				<option name="EFFECT_COLOR" value="ff5370" />
			</value>
		</option>
		<option name="COFFEESCRIPT$BLOCK_COMMENT">
			<value>
				<option name="FONT_TYPE" value="2" />
				<option name="FOREGROUND" value="4c4c70" />
			</value>
		</option>
		<option name="COFFEESCRIPT$BOOLEAN">
			<value>
				<option name="FONT_TYPE" value="2" />
				<option name="FOREGROUND" value="9d50ba" />
			</value>
		</option>
		<option name="COFFEESCRIPT$BRACE">
			<value>
				<option name="FOREGROUND" value="72729d" />
			</value>
		</option>
		<option name="COFFEESCRIPT$BRACKET">
			<value>
				<option name="FOREGROUND" value="72729d" />
			</value>
		</option>
		<option name="COFFEESCRIPT$CLASS_NAME">
			<value>
				<option name="FOREGROUND" value="ee4266" />
			</value>
		</option>
		<option name="COFFEESCRIPT$COLON">
			<value>
				<option name="FOREGROUND" value="72729d" />
			</value>
		</option>
		<option name="COFFEESCRIPT$COMMA">
			<value>
				<option name="FOREGROUND" value="72729d" />
			</value>
		</option>
		<option name="COFFEESCRIPT$DOT">
			<value>
				<option name="FOREGROUND" value="72729d" />
			</value>
		</option>
		<option name="COFFEESCRIPT$EXISTENTIAL">
			<value>
				<option name="FOREGROUND" value="72729d" />
			</value>
		</option>
		<option name="COFFEESCRIPT$EXPRESSIONS_SUBSTITUTION_MARK">
			<value>
				<option name="FOREGROUND" value="72729d" />
				<option name="EFFECT_TYPE" value="5" />
			</value>
		</option>
		<option name="COFFEESCRIPT$FUNCTION">
			<value>
				<option name="FOREGROUND" value="72729d" />
			</value>
		</option>
		<option name="COFFEESCRIPT$FUNCTION_BINDING">
			<value>
				<option name="FONT_TYPE" value="2" />
				<option name="FOREGROUND" value="9d50ba" />
			</value>
		</option>
		<option name="COFFEESCRIPT$FUNCTION_NAME">
			<value>
				<option name="FOREGROUND" value="ee4266" />
			</value>
		</option>
		<option name="COFFEESCRIPT$GLOBAL_VARIABLE">
			<value>
				<option name="FOREGROUND" value="9090b2" />
			</value>
		</option>
		<option name="COFFEESCRIPT$HEREDOC_CONTENT">
			<value>
				<option name="FOREGROUND" value="a2d66b" />
			</value>
		</option>
		<option name="COFFEESCRIPT$HEREDOC_ID">
			<value>
				<option name="FOREGROUND" value="a2d66b" />
			</value>
		</option>
		<option name="COFFEESCRIPT$HEREGEX_CONTENT">
			<value>
				<option name="FOREGROUND" value="a2d66b" />
			</value>
		</option>
		<option name="COFFEESCRIPT$HEREGEX_ID">
			<value>
				<option name="FOREGROUND" value="a2d66b" />
			</value>
		</option>
		<option name="COFFEESCRIPT$JAVASCRIPT_ID">
			<value>
				<option name="FOREGROUND" value="a2d66b" />
			</value>
		</option>
		<option name="COFFEESCRIPT$KEYWORD">
			<value>
				<option name="FONT_TYPE" value="2" />
				<option name="FOREGROUND" value="9d50ba" />
			</value>
		</option>
		<option name="COFFEESCRIPT$LINE_COMMENT">
			<value>
				<option name="FONT_TYPE" value="2" />
				<option name="FOREGROUND" value="4c4c70" />
			</value>
		</option>
		<option name="COFFEESCRIPT$LOCAL_VARIABLE">
			<value>
				<option name="FOREGROUND" value="9090b2" />
			</value>
		</option>
		<option name="COFFEESCRIPT$NUMBER">
			<value>
				<option name="FOREGROUND" value="ffd23f" />
			</value>
		</option>
		<option name="COFFEESCRIPT$OBJECT_KEY">
			<value>
				<option name="FOREGROUND" value="9090b2" />
			</value>
		</option>
		<option name="COFFEESCRIPT$OPERATIONS">
			<value>
				<option name="FOREGROUND" value="72729d" />
			</value>
		</option>
		<option name="COFFEESCRIPT$PARAMETER">
			<value>
				<option name="FOREGROUND" value="ffd23f" />
				<option name="EFFECT_TYPE" value="1" />
			</value>
		</option>
		<option name="COFFEESCRIPT$PARENTHESIS">
			<value>
				<option name="FOREGROUND" value="72729d" />
			</value>
		</option>
		<option name="COFFEESCRIPT$PROTOTYPE">
			<value>
				<option name="FOREGROUND" value="72729d" />
			</value>
		</option>
		<option name="COFFEESCRIPT$RANGE">
			<value>
				<option name="FOREGROUND" value="72729d" />
			</value>
		</option>
		<option name="COFFEESCRIPT$REGULAR_EXPRESSION_CONTENT">
			<value>
				<option name="FOREGROUND" value="a2d66b" />
			</value>
		</option>
		<option name="COFFEESCRIPT$REGULAR_EXPRESSION_FLAG">
			<value>
				<option name="FONT_TYPE" value="2" />
				<option name="FOREGROUND" value="9d50ba" />
			</value>
		</option>
		<option name="COFFEESCRIPT$REGULAR_EXPRESSION_ID">
			<value>
				<option name="FOREGROUND" value="a2d66b" />
			</value>
		</option>
		<option name="COFFEESCRIPT$SEMICOLON">
			<value>
				<option name="FOREGROUND" value="72729d" />
			</value>
		</option>
		<option name="COFFEESCRIPT$SPLAT">
			<value>
				<option name="FOREGROUND" value="72729d" />
			</value>
		</option>
		<option name="COFFEESCRIPT$STRING_LITERAL">
			<value>
				<option name="FOREGROUND" value="a2d66b" />
			</value>
		</option>
		<option name="COFFEESCRIPT$THIS">
			<value>
				<option name="FONT_TYPE" value="2" />
				<option name="FOREGROUND" value="9d50ba" />
			</value>
		</option>
		<option name="CONDITIONALLY_NOT_COMPILED">
			<value>
				<option name="FOREGROUND" value="536c46" />
			</value>
		</option>
		<option name="CONSOLE_CYAN_OUTPUT">
			<value>
				<option name="FOREGROUND" value="33cccc" />
			</value>
		</option>
		<option name="CONSOLE_ERROR_OUTPUT">
			<value>
				<option name="FOREGROUND" value="ff5370" />
			</value>
		</option>
		<option name="CONSOLE_GREEN_BRIGHT_OUTPUT">
			<value>
				<option name="FOREGROUND" value="70ff70" />
			</value>
		</option>
		<option name="CONSOLE_GREEN_OUTPUT">
			<value>
				<option name="FOREGROUND" value="007f00" />
			</value>
		</option>
		<option name="CONSOLE_MAGENTA_OUTPUT">
			<value>
				<option name="FOREGROUND" value="ff70ff" />
			</value>
		</option>
		<option name="CONSOLE_NORMAL_OUTPUT">
			<value>
				<option name="FOREGROUND" value="9090b2" />
			</value>
		</option>
		<option name="CONSOLE_OUTPUT">
			<value>
				<option name="BACKGROUND" value="252b39" />
			</value>
		</option>
		<option name="CONSOLE_SYSTEM_OUTPUT">
			<value>
				<option name="FOREGROUND" value="9090b2" />
			</value>
		</option>
		<option name="CONSOLE_USER_INPUT">
			<value>
				<option name="FONT_TYPE" value="2" />
				<option name="FOREGROUND" value="72729d" />
			</value>
		</option>
		<option name="CONSOLE_WHITE_OUTPUT">
			<value>
				<option name="FOREGROUND" value="f8f8f0" />
			</value>
		</option>
		<option name="CONSOLE_YELLOW_OUTPUT">
			<value>
				<option name="FOREGROUND" value="cdcd00" />
			</value>
		</option>
		<option name="CSS$COLOR">
			<value>
				<option name="FOREGROUND" value="88c448" />
			</value>
		</option>
		<option name="CSS$FUNCTION">
			<value>
				<option name="FOREGROUND" value="ee4266" />
			</value>
		</option>
		<option name="CSS$HASH">
			<value>
				<option name="FOREGROUND" value="ee4266" />
			</value>
		</option>
		<option name="CSS$IDENT">
			<value>
				<option name="FOREGROUND" value="ee4266" />
			</value>
		</option>
		<option name="CSS$IMPORTANT">
			<value>
				<option name="FONT_TYPE" value="2" />
				<option name="FOREGROUND" value="9d50ba" />
			</value>
		</option>
		<option name="CSS$KEYWORD">
			<value>
				<option name="FONT_TYPE" value="2" />
				<option name="FOREGROUND" value="9d50ba" />
			</value>
		</option>
		<option name="CSS$PROPERTY_NAME">
			<value>
				<option name="FOREGROUND" value="9d50ba" />
			</value>
		</option>
		<option name="CSS$PROPERTY_VALUE">
			<value>
				<option name="FOREGROUND" value="ffd23f" />
			</value>
		</option>
		<option name="CSS$PSEUDO">
			<value>
				<option name="FOREGROUND" value="9090b2" />
			</value>
		</option>
		<option name="CSS$TAG_NAME">
			<value>
				<option name="FOREGROUND" value="9090b2" />
			</value>
		</option>
		<option name="CSS$UNICODE$RANGE">
			<value>
				<option name="FOREGROUND" value="ee4266" />
			</value>
		</option>
		<option name="CSS$URL">
			<value>
				<option name="FOREGROUND" value="a2d66b" />
			</value>
		</option>
		<option name="CTRL_CLICKABLE">
			<value>
				<option name="FOREGROUND" value="9d50ba" />
				<option name="EFFECT_TYPE" value="1" />
			</value>
		</option>
		<option name="CUSTOM_KEYWORD2_ATTRIBUTES">
			<value>
				<option name="FOREGROUND" value="ff4183" />
			</value>
		</option>
		<option name="CUSTOM_KEYWORD4_ATTRIBUTES">
			<value>
				<option name="FOREGROUND" value="f77669" />
				<option name="EFFECT_TYPE" value="1" />
			</value>
		</option>
		<option name="Class">
			<value>
				<option name="FOREGROUND" value="ee4266" />
			</value>
		</option>
		<option name="DEBUGGER_INLINED_VALUES">
			<value>
				<option name="FONT_TYPE" value="2" />
				<option name="FOREGROUND" value="868686" />
			</value>
		</option>
		<option name="DEFAULT_ATTRIBUTE">
			<value>
				<option name="FONT_TYPE" value="2" />
				<option name="FOREGROUND" value="ee4266" />
			</value>
		</option>
		<option name="DEFAULT_BLOCK_COMMENT">
			<value>
				<option name="FONT_TYPE" value="2" />
				<option name="FOREGROUND" value="4c4c70" />
			</value>
		</option>
		<option name="DEFAULT_BRACES">
			<value>
				<option name="FOREGROUND" value="ffffff" />
			</value>
		</option>
		<option name="DEFAULT_BRACKETS">
			<value>
				<option name="FOREGROUND" value="ffffff" />
			</value>
		</option>
		<option name="DEFAULT_CLASS_NAME">
			<value>
				<option name="FONT_TYPE" value="1" />
				<option name="FOREGROUND" value="a2d66b" />
			</value>
		</option>
		<option name="DEFAULT_CLASS_REFERENCE">
			<value>
				<option name="FOREGROUND" value="9d50ba" />
			</value>
		</option>
		<option name="DEFAULT_COMMA">
			<value>
				<option name="FOREGROUND" value="ffffff" />
			</value>
		</option>
		<option name="DEFAULT_CONSTANT">
			<value>
				<option name="FONT_TYPE" value="1" />
				<option name="FOREGROUND" value="ff4900" />
			</value>
		</option>
		<option name="DEFAULT_DOC_COMMENT">
			<value>
				<option name="FONT_TYPE" value="2" />
				<option name="FOREGROUND" value="4c4c70" />
			</value>
		</option>
		<option name="DEFAULT_DOC_COMMENT_TAG">
			<value>
				<option name="FOREGROUND" value="6d6d9c" />
				<option name="EFFECT_TYPE" value="1" />
			</value>
		</option>
		<option name="DEFAULT_DOC_COMMENT_TAG_VALUE">
			<value>
				<option name="FONT_TYPE" value="3" />
				<option name="FOREGROUND" value="4c4c70" />
			</value>
		</option>
		<option name="DEFAULT_DOC_MARKUP">
			<value>
				<option name="FOREGROUND" value="4c4c70" />
			</value>
		</option>
		<option name="DEFAULT_ENTITY">
			<value>
				<option name="FOREGROUND" value="a2d66b" />
			</value>
		</option>
		<option name="DEFAULT_FUNCTION_CALL">
			<value>
				<option name="FONT_TYPE" value="1" />
				<option name="FOREGROUND" value="00e1ff" />
				<option name="BACKGROUND" value="080c12" />
				<option name="EFFECT_TYPE" value="5" />
			</value>
		</option>
		<option name="DEFAULT_FUNCTION_DECLARATION">
			<value>
				<option name="FONT_TYPE" value="3" />
				<option name="FOREGROUND" value="00d2ff" />
			</value>
		</option>
		<option name="DEFAULT_GLOBAL_VARIABLE">
			<value>
				<option name="FONT_TYPE" value="2" />
				<option name="FOREGROUND" value="fad201" />
				<option name="BACKGROUND" value="080c12" />
				<option name="EFFECT_TYPE" value="5" />
			</value>
		</option>
		<option name="DEFAULT_IDENTIFIER">
			<value>
				<option name="FONT_TYPE" value="1" />
				<option name="FOREGROUND" value="ff4900" />
				<option name="BACKGROUND" value="080c12" />
				<option name="EFFECT_TYPE" value="5" />
			</value>
		</option>
		<option name="DEFAULT_INSTANCE_FIELD">
			<value>
				<option name="FONT_TYPE" value="2" />
				<option name="FOREGROUND" value="fad201" />
			</value>
		</option>
		<option name="DEFAULT_INSTANCE_METHOD">
			<value>
				<option name="FONT_TYPE" value="1" />
				<option name="FOREGROUND" value="00e1ff" />
			</value>
		</option>
		<option name="DEFAULT_INTERFACE_NAME">
			<value>
				<option name="FONT_TYPE" value="3" />
				<option name="FOREGROUND" value="a2d66b" />
			</value>
		</option>
		<option name="DEFAULT_INVALID_STRING_ESCAPE">
			<value>
				<option name="EFFECT_TYPE" value="2" />
				<option name="EFFECT_COLOR" value="ff5370" />
			</value>
		</option>
		<option name="DEFAULT_KEYWORD">
			<value>
				<option name="FONT_TYPE" value="1" />
				<option name="FOREGROUND" value="ff4183" />
			</value>
		</option>
		<option name="DEFAULT_LINE_COMMENT">
			<value>
				<option name="FONT_TYPE" value="2" />
				<option name="FOREGROUND" value="4c4c70" />
			</value>
		</option>
		<option name="DEFAULT_LOCAL_VARIABLE">
			<value>
				<option name="FOREGROUND" value="fad201" />
				<option name="BACKGROUND" value="080c12" />
				<option name="EFFECT_TYPE" value="5" />
			</value>
		</option>
		<option name="DEFAULT_METADATA">
			<value>
				<option name="FOREGROUND" value="9d50ba" />
			</value>
		</option>
		<option name="DEFAULT_NUMBER">
			<value>
				<option name="FOREGROUND" value="fffefd" />
			</value>
		</option>
		<option name="DEFAULT_OPERATION_SIGN">
			<value>
				<option name="FOREGROUND" value="ff4183" />
			</value>
		</option>
		<option name="DEFAULT_PARAMETER">
			<value>
				<option name="FOREGROUND" value="fad201" />
			</value>
		</option>
		<option name="DEFAULT_PARENTHS">
			<value>
				<option name="FOREGROUND" value="ffffff" />
			</value>
		</option>
		<option name="DEFAULT_PREDEFINED_SYMBOL">
			<value>
				<option name="FONT_TYPE" value="1" />
				<option name="FOREGROUND" value="00e1ff" />
				<option name="BACKGROUND" value="080c12" />
				<option name="EFFECT_TYPE" value="5" />
			</value>
		</option>
		<option name="DEFAULT_SEMICOLON">
			<value>
				<option name="FOREGROUND" value="72729d" />
			</value>
		</option>
		<option name="DEFAULT_STATIC_FIELD">
			<value>
				<option name="FONT_TYPE" value="2" />
				<option name="FOREGROUND" value="ff8364" />
			</value>
		</option>
		<option name="DEFAULT_STATIC_METHOD">
			<value>
				<option name="FONT_TYPE" value="1" />
				<option name="FOREGROUND" value="eec1a2" />
			</value>
		</option>
		<option name="DEFAULT_STRING">
			<value>
				<option name="FOREGROUND" value="edfffd" />
			</value>
		</option>
		<option name="DEFAULT_TAG">
			<value>
				<option name="FOREGROUND" value="9d50ba" />
			</value>
		</option>
		<option name="DEFAULT_TEMPLATE_LANGUAGE_COLOR">
			<value>
				<option name="FOREGROUND" value="d694ae" />
			</value>
		</option>
		<option name="DELETED_TEXT_ATTRIBUTES">
			<value>
				<option name="FOREGROUND" value="ff5370" />
				<option name="EFFECT_TYPE" value="3" />
				<option name="EFFECT_COLOR" value="c14360" />
			</value>
		</option>
		<option name="DEPRECATED_ATTRIBUTES">
			<value>
				<option name="EFFECT_TYPE" value="3" />
				<option name="EFFECT_COLOR" value="9090b2" />
			</value>
		</option>
		<option name="DIFF_CONFLICT">
			<value>
				<option name="BACKGROUND" value="6c4e81" />
				<option name="ERROR_STRIPE_COLOR" value="8f5247" />
			</value>
		</option>
		<option name="DIFF_DELETED">
			<value>
				<option name="BACKGROUND" value="b63b50" />
				<option name="ERROR_STRIPE_COLOR" value="656e76" />
			</value>
		</option>
		<option name="DIFF_INSERTED">
			<value>
				<option name="BACKGROUND" value="45582b" />
				<option name="ERROR_STRIPE_COLOR" value="447152" />
			</value>
		</option>
		<option name="DIFF_MODIFIED">
			<value>
				<option name="BACKGROUND" value="927243" />
				<option name="ERROR_STRIPE_COLOR" value="43698d" />
			</value>
		</option>
		<option name="ELIXIR_BIT">
			<value>
				<option name="FOREGROUND" value="72729d" />
			</value>
		</option>
		<option name="ENUM_CONST">
			<value>
				<option name="FOREGROUND" value="9373a5" />
			</value>
		</option>
		<option name="ERRORS_ATTRIBUTES">
			<value>
				<option name="ERROR_STRIPE_COLOR" value="ff5370" />
				<option name="EFFECT_TYPE" value="2" />
				<option name="EFFECT_COLOR" value="ff5370" />
			</value>
		</option>
		<option name="EXECUTIONPOINT_ATTRIBUTES">
			<value>
				<option name="BACKGROUND" value="597f5f" />
			</value>
		</option>
		<option name="Enum name">
			<value>
				<option name="FOREGROUND" value="ffd23f" />
			</value>
		</option>
		<option name="FOLDED_TEXT_ATTRIBUTES">
			<value>
				<option name="FOREGROUND" value="f3f349" />
			</value>
		</option>
		<option name="FOLLOWED_HYPERLINK_ATTRIBUTES">
			<value>
				<option name="FOREGROUND" value="9d50ba" />
				<option name="EFFECT_TYPE" value="1" />
				<option name="EFFECT_COLOR" value="676767" />
			</value>
		</option>
		<option name="GENERIC_SERVER_ERROR_OR_WARNING">
			<value>
				<option name="ERROR_STRIPE_COLOR" value="f49810" />
				<option name="EFFECT_TYPE" value="1" />
				<option name="EFFECT_COLOR" value="f49810" />
			</value>
		</option>
		<option name="GO_BAD_TOKEN">
			<value>
				<option name="EFFECT_TYPE" value="2" />
				<option name="EFFECT_COLOR" value="e889b5" />
			</value>
		</option>
		<option name="GO_BLOCK_COMMENT">
			<value>
				<option name="FONT_TYPE" value="2" />
				<option name="FOREGROUND" value="4c4c70" />
			</value>
		</option>
		<option name="GO_BUILTIN_CONSTANT">
			<value>
				<option name="FONT_TYPE" value="1" />
				<option name="FOREGROUND" value="bf59de" />
			</value>
		</option>
		<option name="GO_BUILTIN_FUNCTION">
			<value>
				<option name="FOREGROUND" value="ee4266" />
			</value>
		</option>
		<option name="GO_BUILTIN_TYPE_REFERENCE">
			<value>
				<option name="FONT_TYPE" value="1" />
				<option name="FOREGROUND" value="ff4183" />
			</value>
		</option>
		<option name="GO_BUILTIN_VARIABLE">
			<value>
				<option name="FOREGROUND" value="b39bd1" />
			</value>
		</option>
		<option name="GO_COMMENT_KEYWORD">
			<value>
				<option name="FOREGROUND" value="9d50ba" />
				<option name="EFFECT_TYPE" value="1" />
			</value>
		</option>
		<option name="GO_EXPORTED_FUNCTION">
			<value>
				<option name="FONT_TYPE" value="1" />
				<option name="FOREGROUND" value="00e1ff" />
			</value>
		</option>
		<option name="GO_EXPORTED_INTERFACE_REFERENCE">
			<value>
				<option name="FONT_TYPE" value="3" />
				<option name="FOREGROUND" value="a2d66b" />
			</value>
		</option>
		<option name="GO_EXPORTED_STRUCT_REFERENCE">
			<value>
				<option name="FONT_TYPE" value="1" />
				<option name="FOREGROUND" value="a2d66b" />
			</value>
		</option>
		<option name="GO_FUNCTION_PARAMETER">
			<value>
				<option name="FONT_TYPE" value="2" />
				<option name="FOREGROUND" value="fad201" />
			</value>
		</option>
		<option name="GO_IDENTIFIER">
			<value>
				<option name="FOREGROUND" value="ffffff" />
			</value>
		</option>
		<option name="GO_KEYWORD">
			<value>
				<option name="FONT_TYPE" value="3" />
				<option name="FOREGROUND" value="ff4183" />
			</value>
		</option>
		<option name="GO_LABEL">
			<value>
				<option name="FOREGROUND" value="9090b2" />
			</value>
		</option>
		<option name="GO_LINE_COMMENT">
			<value>
				<option name="FONT_TYPE" value="2" />
				<option name="FOREGROUND" value="4c4c70" />
			</value>
		</option>
		<option name="GO_LOCAL_CONSTANT">
			<value>
				<option name="FONT_TYPE" value="3" />
				<option name="FOREGROUND" value="ff8364" />
			</value>
		</option>
		<option name="GO_LOCAL_FUNCTION">
			<value>
				<option name="FONT_TYPE" value="1" />
				<option name="FOREGROUND" value="00e1ff" />
			</value>
		</option>
		<option name="GO_LOCAL_INTERFACE_REFERENCE">
			<value>
				<option name="FONT_TYPE" value="3" />
				<option name="FOREGROUND" value="a2d66b" />
			</value>
		</option>
		<option name="GO_LOCAL_STRUCT_REFERENCE">
			<value>
				<option name="FONT_TYPE" value="1" />
				<option name="FOREGROUND" value="a2d66b" />
			</value>
		</option>
		<option name="GO_LOCAL_VARIABLE">
			<value>
				<option name="FOREGROUND" value="ffffff" />
			</value>
		</option>
		<option name="GO_METHOD_RECEIVER">
			<value>
				<option name="FONT_TYPE" value="2" />
				<option name="FOREGROUND" value="fad201" />
			</value>
		</option>
		<option name="GO_NUMBER">
			<value>
				<option name="FOREGROUND" value="ffffff" />
			</value>
		</option>
		<option name="GO_PACKAGE">
			<value>
				<option name="FONT_TYPE" value="1" />
				<option name="FOREGROUND" value="a2d66b" />
			</value>
		</option>
		<option name="GO_PACKAGE_EXPORTED_CONSTANT">
			<value>
				<option name="FONT_TYPE" value="3" />
				<option name="FOREGROUND" value="ff8364" />
			</value>
		</option>
		<option name="GO_PACKAGE_EXPORTED_INTERFACE">
			<value>
				<option name="FONT_TYPE" value="3" />
				<option name="FOREGROUND" value="a2d66b" />
			</value>
		</option>
		<option name="GO_PACKAGE_EXPORTED_STRUCT">
			<value>
				<option name="FONT_TYPE" value="1" />
				<option name="FOREGROUND" value="a2d66b" />
			</value>
		</option>
		<option name="GO_PACKAGE_EXPORTED_VARIABLE">
			<value>
				<option name="FONT_TYPE" value="2" />
				<option name="FOREGROUND" value="ffffff" />
			</value>
		</option>
		<option name="GO_PACKAGE_LOCAL_CONSTANT">
			<value>
				<option name="FONT_TYPE" value="3" />
				<option name="FOREGROUND" value="ff8364" />
			</value>
		</option>
		<option name="GO_PACKAGE_LOCAL_INTERFACE">
			<value>
				<option name="FONT_TYPE" value="3" />
				<option name="FOREGROUND" value="a2d66b" />
			</value>
		</option>
		<option name="GO_PACKAGE_LOCAL_STRUCT">
			<value>
				<option name="FONT_TYPE" value="1" />
				<option name="FOREGROUND" value="a2d66b" />
			</value>
		</option>
		<option name="GO_PACKAGE_LOCAL_VARIABLE">
			<value>
				<option name="FONT_TYPE" value="2" />
				<option name="FOREGROUND" value="ffffff" />
			</value>
		</option>
		<option name="GO_SCOPE_VARIABLE">
			<value>
				<option name="FOREGROUND" value="ffffff" />
			</value>
		</option>
		<option name="GO_STRING">
			<value>
				<option name="FOREGROUND" value="ff8364" />
			</value>
		</option>
		<option name="GO_STRUCT_EXPORTED_MEMBER">
			<value>
				<option name="FONT_TYPE" value="2" />
				<option name="FOREGROUND" value="ffffff" />
			</value>
		</option>
		<option name="GO_STRUCT_LOCAL_MEMBER">
			<value>
				<option name="FONT_TYPE" value="2" />
				<option name="FOREGROUND" value="ffffff" />
			</value>
		</option>
		<option name="GO_TEMPLATE_IDENTIFIER">
			<value>
				<option name="FOREGROUND" value="fad201" />
				<option name="BACKGROUND" value="080c12" />
				<option name="EFFECT_TYPE" value="5" />
			</value>
		</option>
		<option name="GO_TEMPLATE_VARIABLE">
			<value>
				<option name="FONT_TYPE" value="2" />
				<option name="FOREGROUND" value="ffffff" />
			</value>
		</option>
		<option name="GO_TYPE_REFERENCE">
			<value>
				<option name="FONT_TYPE" value="1" />
				<option name="FOREGROUND" value="00e1ff" />
			</value>
		</option>
		<option name="GO_TYPE_SPECIFICATION">
			<value>
				<option name="FOREGROUND" value="ff00d0" />
			</value>
		</option>
		<option name="HAML_TAG">
			<value>
				<option name="FOREGROUND" value="9090b2" />
			</value>
		</option>
		<option name="HOCON_BAD_CHARACTER">
			<value>
				<option name="EFFECT_TYPE" value="2" />
				<option name="EFFECT_COLOR" value="ff5370" />
			</value>
		</option>
		<option name="HOCON_BOOLEAN">
			<value>
				<option name="FONT_TYPE" value="2" />
				<option name="FOREGROUND" value="9d50ba" />
			</value>
		</option>
		<option name="HOCON_BRACKETS">
			<value>
				<option name="FOREGROUND" value="72729d" />
			</value>
		</option>
		<option name="HOCON_COMMA">
			<value>
				<option name="FOREGROUND" value="72729d" />
			</value>
		</option>
		<option name="HOCON_DOUBLE_SLASH_COMMENT">
			<value>
				<option name="FONT_TYPE" value="2" />
				<option name="FOREGROUND" value="546e7a" />
			</value>
		</option>
		<option name="HOCON_HASH_COMMENT">
			<value>
				<option name="FONT_TYPE" value="2" />
				<option name="FOREGROUND" value="546e7a" />
			</value>
		</option>
		<option name="HOCON_INCLUDE">
			<value>
				<option name="FONT_TYPE" value="2" />
				<option name="FOREGROUND" value="9d50ba" />
			</value>
		</option>
		<option name="HOCON_INCLUDE_MODIFIER_PARENS">
			<value>
				<option name="FOREGROUND" value="72729d" />
			</value>
		</option>
		<option name="HOCON_INVALID_STRING_ESCAPE">
			<value>
				<option name="EFFECT_TYPE" value="2" />
				<option name="EFFECT_COLOR" value="ff5370" />
			</value>
		</option>
		<option name="HOCON_KEY_VALUE_SEPARATOR">
			<value>
				<option name="FOREGROUND" value="72729d" />
			</value>
		</option>
		<option name="HOCON_MULTILINE_STRING">
			<value>
				<option name="FOREGROUND" value="a2d66b" />
			</value>
		</option>
		<option name="HOCON_NULL">
			<value>
				<option name="FONT_TYPE" value="2" />
				<option name="FOREGROUND" value="9d50ba" />
			</value>
		</option>
		<option name="HOCON_NUMBER">
			<value>
				<option name="FOREGROUND" value="ffd23f" />
			</value>
		</option>
		<option name="HOCON_OBJECT_BRACES">
			<value>
				<option name="FOREGROUND" value="72729d" />
			</value>
		</option>
		<option name="HOCON_OPTIONAL_SUBSTITUTION_SIGN">
			<value>
				<option name="FOREGROUND" value="72729d" />
			</value>
		</option>
		<option name="HOCON_QUOTED_STRING">
			<value>
				<option name="FOREGROUND" value="a2d66b" />
			</value>
		</option>
		<option name="HOCON_SUBSTITUTION_BRACES">
			<value>
				<option name="FOREGROUND" value="72729d" />
			</value>
		</option>
		<option name="HOCON_SUBSTITUTION_SIGN">
			<value>
				<option name="FOREGROUND" value="72729d" />
			</value>
		</option>
		<option name="HOCON_UNQUOTED_STRING">
			<value>
				<option name="FOREGROUND" value="c3d3de" />
			</value>
		</option>
		<option name="HOCON_VALID_STRING_ESCAPE">
			<value>
				<option name="FOREGROUND" value="72729d" />
			</value>
		</option>
		<option name="HTML_ATTRIBUTE_NAME">
			<value>
				<option name="FONT_TYPE" value="2" />
				<option name="FOREGROUND" value="ee4266" />
			</value>
		</option>
		<option name="HTML_ATTRIBUTE_VALUE">
			<value>
				<option name="FOREGROUND" value="a2d66b" />
			</value>
		</option>
		<option name="HTML_ENTITY_REFERENCE">
			<value>
				<option name="FOREGROUND" value="a2d66b" />
			</value>
		</option>
		<option name="HTML_TAG">
			<value>
				<option name="FOREGROUND" value="72729d" />
			</value>
		</option>
		<option name="HTML_TAG_NAME">
			<value>
				<option name="FOREGROUND" value="9d50ba" />
			</value>
		</option>
		<option name="HYPERLINK_ATTRIBUTES">
			<value>
				<option name="FOREGROUND" value="9d50ba" />
				<option name="EFFECT_TYPE" value="1" />
				<option name="EFFECT_COLOR" value="808080" />
			</value>
		</option>
		<option name="IDENTIFIER_UNDER_CARET_ATTRIBUTES">
			<value>
				<option name="ERROR_STRIPE_COLOR" value="4f4f4f" />
				<option name="EFFECT_COLOR" value="fffbf7" />
			</value>
		</option>
		<option name="IMPLICIT_ANONYMOUS_CLASS_PARAMETER_ATTRIBUTES">
			<value>
				<option name="FOREGROUND" value="fad201" />
			</value>
		</option>
		<option name="INFO_ATTRIBUTES">
			<value>
				<option name="ERROR_STRIPE_COLOR" value="aeae80" />
				<option name="EFFECT_TYPE" value="2" />
				<option name="EFFECT_COLOR" value="a2d66b" />
			</value>
		</option>
		<option name="INLINE_PARAMETER_HINT">
			<value>
				<option name="FOREGROUND" value="b27087" />
			</value>
		</option>
		<option name="INLINE_PARAMETER_HINT_CURRENT">
			<value>
				<option name="FOREGROUND" value="ad8c01" />
			</value>
		</option>
		<option name="INLINE_PARAMETER_HINT_HIGHLIGHTED">
			<value>
				<option name="FOREGROUND" value="5ab288" />
			</value>
		</option>
		<option name="IVAR">
			<value>
				<option name="FOREGROUND" value="9373a5" />
			</value>
		</option>
		<option name="Implicit conversion">
			<value>
				<option name="FOREGROUND" value="9090b2" />
			</value>
		</option>
		<option name="Instance field">
			<value>
				<option name="FOREGROUND" value="9090b2" />
			</value>
		</option>
		<option name="Instance property reference ID">
			<value>
				<option name="FOREGROUND" value="9090b2" />
			</value>
		</option>
		<option name="Interface name">
			<value>
				<option name="FOREGROUND" value="a2d66b" />
			</value>
		</option>
		<option name="Interpolated String Injection">
			<value>
				<option name="FOREGROUND" value="9090b2" />
			</value>
		</option>
		<option name="Invalid string escape">
			<value>
				<option name="EFFECT_TYPE" value="2" />
				<option name="EFFECT_COLOR" value="ff5370" />
			</value>
		</option>
		<option name="JAVA_KEYWORD">
			<value>
				<option name="FONT_TYPE" value="1" />
				<option name="FOREGROUND" value="ff00d0" />
			</value>
		</option>
		<option name="JFLEX_MACROS_REF">
			<value>
				<option name="FOREGROUND" value="1a1f29" />
			</value>
		</option>
		<option name="JS$FUNCTION_ARROW">
			<value>
				<option name="FOREGROUND" value="ffffff" />
			</value>
		</option>
		<option name="JS$MODULE_NAME">
			<value>
				<option name="FONT_TYPE" value="1" />
				<option name="FOREGROUND" value="fad201" />
				<option name="BACKGROUND" value="080c12" />
				<option name="EFFECT_TYPE" value="5" />
			</value>
		</option>
		<option name="JS$PARAMETER">
			<value>
				<option name="FOREGROUND" value="fad291" />
			</value>
		</option>
		<option name="JS$VALID_STRING_ESCAPE">
			<value>
				<option name="FOREGROUND" value="55585a" />
			</value>
		</option>
		<option name="JSON$COLON">
			<value>
				<option name="FOREGROUND" value="ffffff" />
			</value>
		</option>
		<option name="JSP_DIRECTIVE_NAME">
			<value>
				<option name="FONT_TYPE" value="1" />
				<option name="FOREGROUND" value="a7dbd8" />
			</value>
		</option>
		<option name="JSP_SCRIPTING_BACKGROUND">
			<value>
				<option name="FOREGROUND" value="a7dbd8" />
			</value>
		</option>
		<option name="KOTLIN_ANDROID_EXTENSIONS_PROPERTY_CALL">
			<value>
				<option name="FONT_TYPE" value="2" />
				<option name="FOREGROUND" value="fad201" />
			</value>
		</option>
		<option name="KOTLIN_ANNOTATION">
			<value>
				<option name="FOREGROUND" value="9d50ba" />
			</value>
		</option>
		<option name="KOTLIN_ARROW">
			<value>
				<option name="FOREGROUND" value="06fa00" />
			</value>
		</option>
		<option name="KOTLIN_BACKING_FIELD_VARIABLE">
			<value>
				<option name="FOREGROUND" value="edfffd" />
			</value>
		</option>
		<option name="KOTLIN_BUILTIN_ANNOTATION">
			<value>
				<option name="FONT_TYPE" value="3" />
				<option name="FOREGROUND" value="ff00d0" />
			</value>
		</option>
		<option name="KOTLIN_CLOSURE_DEFAULT_PARAMETER">
			<value>
				<option name="FONT_TYPE" value="2" />
				<option name="FOREGROUND" value="e3bb01" />
			</value>
		</option>
		<option name="KOTLIN_COLON">
			<value>
				<option name="FOREGROUND" value="fffefd" />
			</value>
		</option>
		<option name="KOTLIN_CONSTRUCTOR">
			<value>
				<option name="FONT_TYPE" value="3" />
				<option name="FOREGROUND" value="00e1ff" />
			</value>
		</option>
		<option name="KOTLIN_DOUBLE_COLON">
			<value>
				<option name="FOREGROUND" value="7300ff" />
			</value>
		</option>
		<option name="KOTLIN_DYNAMIC_FUNCTION_CALL">
			<value>
				<option name="FONT_TYPE" value="1" />
				<option name="FOREGROUND" value="00e1ff" />
			</value>
		</option>
		<option name="KOTLIN_DYNAMIC_PROPERTY_CALL">
			<value>
				<option name="FONT_TYPE" value="2" />
				<option name="FOREGROUND" value="fad201" />
			</value>
		</option>
		<option name="KOTLIN_ENUM_ENTRY">
			<value>
				<option name="FONT_TYPE" value="2" />
				<option name="FOREGROUND" value="fad201" />
			</value>
		</option>
		<option name="KOTLIN_EXCLEXCL">
			<value>
				<option name="FONT_TYPE" value="1" />
				<option name="FOREGROUND" value="ff4183" />
			</value>
		</option>
		<option name="KOTLIN_EXTENSION_FUNCTION_CALL">
			<value>
				<option name="FONT_TYPE" value="1" />
				<option name="FOREGROUND" value="00e1ff" />
			</value>
		</option>
		<option name="KOTLIN_EXTENSION_PROPERTY">
			<value>
				<option name="FONT_TYPE" value="2" />
				<option name="FOREGROUND" value="fad201" />
			</value>
		</option>
		<option name="KOTLIN_FUNCTION_LITERAL_BRACES_AND_ARROW">
			<value>
				<option name="FOREGROUND" value="06fa00" />
			</value>
		</option>
		<option name="KOTLIN_INSTANCE_PROPERTY">
			<value>
				<option name="FONT_TYPE" value="2" />
				<option name="FOREGROUND" value="fad201" />
			</value>
		</option>
		<option name="KOTLIN_KEYWORD">
			<value>
				<option name="FONT_TYPE" value="1" />
				<option name="FOREGROUND" value="ff00d0" />
			</value>
		</option>
		<option name="KOTLIN_LABEL">
			<value>
				<option name="FOREGROUND" value="06fa00" />
			</value>
		</option>
		<option name="KOTLIN_NAMED_ARGUMENT">
			<value>
				<option name="FONT_TYPE" value="2" />
				<option name="FOREGROUND" value="fad201" />
			</value>
		</option>
		<option name="KOTLIN_PACKAGE_FUNCTION_CALL">
			<value>
				<option name="FONT_TYPE" value="1" />
				<option name="FOREGROUND" value="00e1ff" />
			</value>
		</option>
		<option name="KOTLIN_PACKAGE_PROPERTY">
			<value>
				<option name="FONT_TYPE" value="2" />
				<option name="FOREGROUND" value="fad201" />
			</value>
		</option>
		<option name="KOTLIN_PARAMETER">
			<value>
				<option name="FOREGROUND" value="fad201" />
			</value>
		</option>
		<option name="KOTLIN_QUEST">
			<value>
				<option name="FONT_TYPE" value="1" />
				<option name="FOREGROUND" value="ff4183" />
			</value>
		</option>
		<option name="KOTLIN_SAFE_ACCESS">
			<value>
				<option name="FONT_TYPE" value="1" />
				<option name="FOREGROUND" value="ff4183" />
			</value>
		</option>
		<option name="KOTLIN_SMART_CAST_RECEIVER">
			<value>
				<option name="FONT_TYPE" value="1" />
				<option name="FOREGROUND" value="00e1ff" />
			</value>
		</option>
		<option name="KOTLIN_SMART_CAST_VALUE">
			<value>
				<option name="FONT_TYPE" value="2" />
				<option name="FOREGROUND" value="fad201" />
			</value>
		</option>
		<option name="KOTLIN_SMART_CONSTANT">
			<value>
				<option name="FONT_TYPE" value="3" />
				<option name="FOREGROUND" value="fad201" />
			</value>
		</option>
		<option name="KOTLIN_TYPE_PARAMETER">
			<value>
				<option name="FONT_TYPE" value="2" />
				<option name="FOREGROUND" value="fad201" />
			</value>
		</option>
		<option name="KOTLIN_VARIABLE_AS_FUNCTION">
			<value>
				<option name="FONT_TYPE" value="1" />
				<option name="FOREGROUND" value="00d2ff" />
			</value>
		</option>
		<option name="KOTLIN_VARIABLE_AS_FUNCTION_LIKE">
			<value>
				<option name="FONT_TYPE" value="1" />
				<option name="FOREGROUND" value="00d2ff" />
			</value>
		</option>
		<option name="LABEL">
			<value>
				<option name="FONT_TYPE" value="2" />
			</value>
		</option>
		<option name="LINE_FULL_COVERAGE">
			<value>
				<option name="BACKGROUND" value="264b33" />
			</value>
		</option>
		<option name="LINE_NONE_COVERAGE">
			<value>
				<option name="BACKGROUND" value="4b1515" />
				<option name="EFFECT_TYPE" value="3" />
			</value>
		</option>
		<option name="LINE_PARTIAL_COVERAGE">
			<value>
				<option name="BACKGROUND" value="12404b" />
			</value>
		</option>
		<option name="LOG_ERROR_OUTPUT">
			<value>
				<option name="FOREGROUND" value="ff6b68" />
			</value>
		</option>
		<option name="Label">
			<value>
				<option name="FOREGROUND" value="9090b2" />
			</value>
		</option>
		<option name="Line comment">
			<value>
				<option name="FONT_TYPE" value="2" />
				<option name="FOREGROUND" value="4c4c70" />
			</value>
		</option>
		<option name="MACRONAME">
			<value>
				<option name="FOREGROUND" value="908b25" />
			</value>
		</option>
		<option name="MARKDOWN$AUTO_LINK">
			<value>
				<option name="FOREGROUND" value="ff355b" />
			</value>
		</option>
		<option name="MARKDOWN$BULLET_LIST">
			<value>
				<option name="FOREGROUND" value="646877" />
			</value>
		</option>
		<option name="MARKDOWN$EXPLICIT_LINK">
			<value>
				<option name="FOREGROUND" value="6dc2b8" />
			</value>
		</option>
		<option name="MARKDOWN$HEADER_LEVEL_1">
			<value>
				<option name="FOREGROUND" value="63c0ee" />
			</value>
		</option>
		<option name="MARKDOWN$HEADER_LEVEL_2">
			<value>
				<option name="FOREGROUND" value="63c0ee" />
			</value>
		</option>
		<option name="MARKDOWN$HEADER_LEVEL_3">
			<value>
				<option name="FOREGROUND" value="63c0ee" />
			</value>
		</option>
		<option name="MARKDOWN$HEADER_LEVEL_4">
			<value>
				<option name="FOREGROUND" value="63c0ee" />
			</value>
		</option>
		<option name="MARKDOWN$HEADER_LEVEL_5">
			<value>
				<option name="FOREGROUND" value="63c0ee" />
			</value>
		</option>
		<option name="MARKDOWN$IMAGE">
			<value>
				<option name="FOREGROUND" value="ff355b" />
			</value>
		</option>
		<option name="MARKDOWN$MAIL_LINK">
			<value>
				<option name="FOREGROUND" value="ff355b" />
			</value>
		</option>
		<option name="MARKDOWN$REFERENCE">
			<value>
				<option name="FOREGROUND" value="ff355b" />
			</value>
		</option>
		<option name="MARKDOWN$REFERENCE_IMAGE">
			<value>
				<option name="FOREGROUND" value="ff355b" />
			</value>
		</option>
		<option name="MARKDOWN$REFERENCE_LINK">
			<value>
				<option name="FOREGROUND" value="ff355b" />
			</value>
		</option>
		<option name="MARKDOWN$TEXT">
			<value>
				<option name="FOREGROUND" value="9090b2" />
			</value>
		</option>
		<option name="MARKDOWN_AUTO_LINK">
			<value>
				<option name="FOREGROUND" value="ffd23f" />
				<option name="EFFECT_TYPE" value="1" />
			</value>
		</option>
		<option name="MARKDOWN_BLOCK_QUOTE">
			<value>
				<option name="FONT_TYPE" value="2" />
				<option name="FOREGROUND" value="ee4266" />
			</value>
		</option>
		<option name="MARKDOWN_BLOCK_QUOTE_MARKER">
			<value>
				<option name="FONT_TYPE" value="2" />
				<option name="FOREGROUND" value="ee4266" />
				<option name="BACKGROUND" value="4c4c70" />
			</value>
		</option>
		<option name="MARKDOWN_BOLD">
			<value>
				<option name="FONT_TYPE" value="1" />
				<option name="FOREGROUND" value="9d50ba" />
			</value>
		</option>
		<option name="MARKDOWN_BOLD_MARKER">
			<value>
				<option name="FONT_TYPE" value="2" />
				<option name="FOREGROUND" value="4c4c70" />
			</value>
		</option>
		<option name="MARKDOWN_CODE_BLOCK">
			<value>
				<option name="FOREGROUND" value="9d50ba" />
			</value>
		</option>
		<option name="MARKDOWN_CODE_SPAN">
			<value>
				<option name="FONT_TYPE" value="2" />
				<option name="FOREGROUND" value="9d50ba" />
			</value>
		</option>
		<option name="MARKDOWN_CODE_SPAN_MARKER">
			<value>
				<option name="FONT_TYPE" value="2" />
				<option name="FOREGROUND" value="9d50ba" />
			</value>
		</option>
		<option name="MARKDOWN_HEADER_LEVEL_1">
			<value>
				<option name="FOREGROUND" value="a2d66b" />
				<option name="EFFECT_TYPE" value="4" />
			</value>
		</option>
		<option name="MARKDOWN_HEADER_LEVEL_2">
			<value>
				<option name="FOREGROUND" value="a2d66b" />
				<option name="EFFECT_TYPE" value="4" />
			</value>
		</option>
		<option name="MARKDOWN_HEADER_LEVEL_3">
			<value>
				<option name="FOREGROUND" value="a2d66b" />
				<option name="EFFECT_TYPE" value="4" />
			</value>
		</option>
		<option name="MARKDOWN_HEADER_LEVEL_4">
			<value>
				<option name="FOREGROUND" value="a2d66b" />
				<option name="EFFECT_TYPE" value="4" />
			</value>
		</option>
		<option name="MARKDOWN_HEADER_LEVEL_5">
			<value>
				<option name="FOREGROUND" value="a2d66b" />
				<option name="EFFECT_TYPE" value="4" />
			</value>
		</option>
		<option name="MARKDOWN_HEADER_LEVEL_6">
			<value>
				<option name="FOREGROUND" value="a2d66b" />
				<option name="EFFECT_TYPE" value="4" />
			</value>
		</option>
		<option name="MARKDOWN_HEADER_MARKER">
			<value>
				<option name="FONT_TYPE" value="1" />
				<option name="FOREGROUND" value="4c4c70" />
			</value>
		</option>
		<option name="MARKDOWN_HRULE">
			<value>
				<option name="FOREGROUND" value="4c4c70" />
			</value>
		</option>
		<option name="MARKDOWN_HTML_BLOCK">
			<value>
				<option name="EFFECT_TYPE" value="5" />
			</value>
		</option>
		<option name="MARKDOWN_IMAGE">
			<value>
				<option name="FOREGROUND" value="4c4c70" />
			</value>
		</option>
		<option name="MARKDOWN_INLINE_HTML">
			<value>
				<option name="FOREGROUND" value="9d50ba" />
				<option name="EFFECT_TYPE" value="5" />
			</value>
		</option>
		<option name="MARKDOWN_ITALIC">
			<value>
				<option name="FONT_TYPE" value="2" />
				<option name="FOREGROUND" value="9d50ba" />
			</value>
		</option>
		<option name="MARKDOWN_ITALIC_MARKER">
			<value>
				<option name="FOREGROUND" value="4c4c70" />
			</value>
		</option>
		<option name="MARKDOWN_LINK_DEFINITION">
			<value>
				<option name="FOREGROUND" value="ee4266" />
			</value>
		</option>
		<option name="MARKDOWN_LINK_DESTINATION">
			<value>
				<option name="FOREGROUND" value="ffd23f" />
			</value>
		</option>
		<option name="MARKDOWN_LINK_LABEL">
			<value>
				<option name="FOREGROUND" value="ee4266" />
			</value>
		</option>
		<option name="MARKDOWN_LINK_TEXT">
			<value>
				<option name="FOREGROUND" value="9d50ba" />
				<option name="EFFECT_TYPE" value="1" />
			</value>
		</option>
		<option name="MARKDOWN_LINK_TITLE">
			<value>
				<option name="FOREGROUND" value="9d50ba" />
			</value>
		</option>
		<option name="MARKDOWN_LIST_MARKER">
			<value>
				<option name="FONT_TYPE" value="2" />
				<option name="FOREGROUND" value="ff5370" />
			</value>
		</option>
		<option name="MARKDOWN_NAVIGATOR$ABBREVIATED_TEXT">
			<value>
				<option name="FOREGROUND" value="ee4266" />
			</value>
		</option>
		<option name="MARKDOWN_NAVIGATOR$ABBREVIATION">
			<value>
				<option name="FOREGROUND" value="72729d" />
			</value>
		</option>
		<option name="MARKDOWN_NAVIGATOR$ABBREVIATION_EXPANDED_TEXT">
			<value>
				<option name="FOREGROUND" value="9090b2" />
			</value>
		</option>
		<option name="MARKDOWN_NAVIGATOR$ABBREVIATION_SHORT_TEXT">
			<value>
				<option name="FOREGROUND" value="72729d" />
			</value>
		</option>
		<option name="MARKDOWN_NAVIGATOR$ANCHOR_ID">
			<value>
				<option name="FOREGROUND" value="ee4266" />
			</value>
		</option>
		<option name="MARKDOWN_NAVIGATOR$ATX_HEADER">
			<value>
				<option name="FOREGROUND" value="ffd23f" />
			</value>
		</option>
		<option name="MARKDOWN_NAVIGATOR$BOLD">
			<value>
				<option name="FONT_TYPE" value="1" />
				<option name="FOREGROUND" value="9d50ba" />
			</value>
		</option>
		<option name="MARKDOWN_NAVIGATOR$BULLET_LIST">
			<value>
				<option name="FOREGROUND" value="72729d" />
			</value>
		</option>
		<option name="MARKDOWN_NAVIGATOR$CODE">
			<value>
				<option name="BACKGROUND" value="32424a" />
				<option name="EFFECT_TYPE" value="5" />
			</value>
		</option>
		<option name="MARKDOWN_NAVIGATOR$CODE_MARKER">
			<value>
				<option name="FOREGROUND" value="72729d" />
				<option name="BACKGROUND" value="32424a" />
				<option name="EFFECT_TYPE" value="5" />
			</value>
		</option>
		<option name="MARKDOWN_NAVIGATOR$DEFINITION_MARKER">
			<value>
				<option name="FOREGROUND" value="ee4266" />
			</value>
		</option>
		<option name="MARKDOWN_NAVIGATOR$DEFINITION_TERM">
			<value>
				<option name="FOREGROUND" value="9090b2" />
			</value>
		</option>
		<option name="MARKDOWN_NAVIGATOR$EMOJI_ID">
			<value>
				<option name="FOREGROUND" value="eeffe3" />
			</value>
		</option>
		<option name="MARKDOWN_NAVIGATOR$FOOTNOTE">
			<value>
				<option name="FOREGROUND" value="ee4266" />
			</value>
		</option>
		<option name="MARKDOWN_NAVIGATOR$FOOTNOTE_ID">
			<value>
				<option name="FOREGROUND" value="ee4266" />
			</value>
		</option>
		<option name="MARKDOWN_NAVIGATOR$FOOTNOTE_REF">
			<value>
				<option name="FOREGROUND" value="9d50ba" />
			</value>
		</option>
		<option name="MARKDOWN_NAVIGATOR$HEADER_TEXT">
			<value>
				<option name="FONT_TYPE" value="1" />
				<option name="FOREGROUND" value="ffd23f" />
				<option name="EFFECT_TYPE" value="1" />
				<option name="EFFECT_COLOR" value="ffd23f" />
			</value>
		</option>
		<option name="MARKDOWN_NAVIGATOR$HRULE">
			<value>
				<option name="FOREGROUND" value="546e7a" />
				<option name="EFFECT_TYPE" value="4" />
				<option name="EFFECT_COLOR" value="546e7a" />
			</value>
		</option>
		<option name="MARKDOWN_NAVIGATOR$HTML_BLOCK">
			<value>
				<option name="BACKGROUND" value="384753" />
				<option name="EFFECT_TYPE" value="5" />
			</value>
		</option>
		<option name="MARKDOWN_NAVIGATOR$HTML_ENTITY">
			<value>
				<option name="FOREGROUND" value="ee4266" />
			</value>
		</option>
		<option name="MARKDOWN_NAVIGATOR$IMAGE">
			<value>
				<option name="FOREGROUND" value="9d50ba" />
			</value>
		</option>
		<option name="MARKDOWN_NAVIGATOR$IMAGE_ALT_TEXT">
			<value>
				<option name="FOREGROUND" value="eeffe3" />
			</value>
		</option>
		<option name="MARKDOWN_NAVIGATOR$INLINE_HTML">
			<value>
				<option name="FOREGROUND" value="9d50ba" />
				<option name="BACKGROUND" value="32424a" />
				<option name="EFFECT_TYPE" value="5" />
			</value>
		</option>
		<option name="MARKDOWN_NAVIGATOR$ITALIC">
			<value>
				<option name="FONT_TYPE" value="2" />
				<option name="FOREGROUND" value="9090b2" />
			</value>
		</option>
		<option name="MARKDOWN_NAVIGATOR$JEKYLL_FRONT_MATTER_MARKER">
			<value>
				<option name="FOREGROUND" value="ee4266" />
				<option name="EFFECT_TYPE" value="5" />
			</value>
		</option>
		<option name="MARKDOWN_NAVIGATOR$JEKYLL_TAG_MARKER">
			<value>
				<option name="FOREGROUND" value="ee4266" />
				<option name="EFFECT_TYPE" value="5" />
			</value>
		</option>
		<option name="MARKDOWN_NAVIGATOR$JEKYLL_TAG_NAME">
			<value>
				<option name="FONT_TYPE" value="2" />
				<option name="FOREGROUND" value="9d50ba" />
			</value>
		</option>
		<option name="MARKDOWN_NAVIGATOR$QUOTED_TEXT_ABBREVIATED_TEXT">
			<value>
				<option name="FOREGROUND" value="c6bc82" />
			</value>
		</option>
		<option name="MARKDOWN_NAVIGATOR$QUOTED_TEXT_HTML_ENTITY">
			<value>
				<option name="FOREGROUND" value="6a9f93" />
			</value>
		</option>
		<option name="MARKDOWN_NAVIGATOR$QUOTED_TEXT_SMARTS">
			<value>
				<option name="FOREGROUND" value="9d8a87" />
			</value>
		</option>
		<option name="MARKDOWN_NAVIGATOR$QUOTED_TEXT_SPECIAL_TEXT">
			<value>
				<option name="FOREGROUND" value="9ad554" />
			</value>
		</option>
		<option name="MARKDOWN_NAVIGATOR$QUOTED_TEXT_SPECIAL_TEXT_MARKER">
			<value>
				<option name="FOREGROUND" value="9ad554" />
			</value>
		</option>
		<option name="MARKDOWN_NAVIGATOR$REFERENCE_IMAGE">
			<value>
				<option name="FOREGROUND" value="ee4266" />
			</value>
		</option>
		<option name="MARKDOWN_NAVIGATOR$REFERENCE_LINK">
			<value>
				<option name="FOREGROUND" value="9d50ba" />
			</value>
		</option>
		<option name="MARKDOWN_NAVIGATOR$SETEXT_HEADER">
			<value>
				<option name="FONT_TYPE" value="1" />
				<option name="FOREGROUND" value="546e7a" />
			</value>
		</option>
		<option name="MARKDOWN_NAVIGATOR$SIM_TOC_TITLE">
			<value>
				<option name="FOREGROUND" value="ff5370" />
			</value>
		</option>
		<option name="MARKDOWN_NAVIGATOR$SMARTS">
			<value>
				<option name="FOREGROUND" value="9d50ba" />
			</value>
		</option>
		<option name="MARKDOWN_NAVIGATOR$SPECIAL_TEXT">
			<value>
				<option name="FOREGROUND" value="a2d66b" />
			</value>
		</option>
		<option name="MARKDOWN_NAVIGATOR$STRIKETHROUGH">
			<value>
				<option name="FOREGROUND" value="9090b2" />
				<option name="EFFECT_TYPE" value="3" />
				<option name="EFFECT_COLOR" value="9090b2" />
			</value>
		</option>
		<option name="MARKDOWN_NAVIGATOR$SUBSCRIPT">
			<value>
				<option name="FOREGROUND" value="9090b2" />
				<option name="EFFECT_TYPE" value="5" />
				<option name="EFFECT_COLOR" value="9090b2" />
			</value>
		</option>
		<option name="MARKDOWN_NAVIGATOR$TABLE">
			<value>
				<option name="FOREGROUND" value="9090b2" />
			</value>
		</option>
		<option name="MARKDOWN_NAVIGATOR$TABLE_CAPTION">
			<value>
				<option name="FOREGROUND" value="ffd23f" />
			</value>
		</option>
		<option name="MARKDOWN_NAVIGATOR$TABLE_CAPTION_MARKER">
			<value>
				<option name="FOREGROUND" value="ffd23f" />
			</value>
		</option>
		<option name="MARKDOWN_NAVIGATOR$TABLE_CELL_REVEN_CEVEN">
			<value>
				<option name="FOREGROUND" value="9090b2" />
			</value>
		</option>
		<option name="MARKDOWN_NAVIGATOR$TABLE_CELL_REVEN_CODD">
			<value>
				<option name="FOREGROUND" value="9090b2" />
			</value>
		</option>
		<option name="MARKDOWN_NAVIGATOR$TABLE_CELL_RODD_CEVEN">
			<value>
				<option name="FOREGROUND" value="9090b2" />
			</value>
		</option>
		<option name="MARKDOWN_NAVIGATOR$TABLE_CELL_RODD_CODD">
			<value>
				<option name="FOREGROUND" value="9090b2" />
			</value>
		</option>
		<option name="MARKDOWN_NAVIGATOR$TABLE_HDR_CELL_REVEN_CEVEN">
			<value>
				<option name="FOREGROUND" value="ee4266" />
			</value>
		</option>
		<option name="MARKDOWN_NAVIGATOR$TABLE_HDR_CELL_REVEN_CODD">
			<value>
				<option name="FOREGROUND" value="ee4266" />
			</value>
		</option>
		<option name="MARKDOWN_NAVIGATOR$TABLE_HDR_ROW_EVEN">
			<value>
				<option name="FOREGROUND" value="546e7a" />
			</value>
		</option>
		<option name="MARKDOWN_NAVIGATOR$TABLE_HDR_ROW_ODD">
			<value>
				<option name="FOREGROUND" value="546e7a" />
			</value>
		</option>
		<option name="MARKDOWN_NAVIGATOR$TABLE_ROW_EVEN">
			<value>
				<option name="FOREGROUND" value="9090b2" />
			</value>
		</option>
		<option name="MARKDOWN_NAVIGATOR$TABLE_ROW_ODD">
			<value>
				<option name="FOREGROUND" value="9090b2" />
			</value>
		</option>
		<option name="MARKDOWN_NAVIGATOR$TABLE_SEPARATOR">
			<value>
				<option name="FOREGROUND" value="546e7a" />
			</value>
		</option>
		<option name="MARKDOWN_NAVIGATOR$TABLE_SEP_COLUMN_EVEN">
			<value>
				<option name="FOREGROUND" value="546e7a" />
			</value>
		</option>
		<option name="MARKDOWN_NAVIGATOR$TABLE_SEP_COLUMN_ODD">
			<value>
				<option name="FOREGROUND" value="546e7a" />
			</value>
		</option>
		<option name="MARKDOWN_NAVIGATOR$TASK_DONE_ITEM_MARKER">
			<value>
				<option name="FOREGROUND" value="a2d66b" />
			</value>
		</option>
		<option name="MARKDOWN_NAVIGATOR$TASK_ITEM_MARKER">
			<value>
				<option name="FOREGROUND" value="a2d66b" />
			</value>
		</option>
		<option name="MARKDOWN_NAVIGATOR$TEXT">
			<value>
				<option name="FOREGROUND" value="9090b2" />
			</value>
		</option>
		<option name="MARKDOWN_NAVIGATOR$UNDERLINE">
			<value>
				<option name="FOREGROUND" value="9090b2" />
				<option name="EFFECT_TYPE" value="1" />
				<option name="EFFECT_COLOR" value="9090b2" />
			</value>
		</option>
		<option name="MARKDOWN_NAVIGATOR$VERBATIM">
			<value>
				<option name="FOREGROUND" value="ee4266" />
				<option name="EFFECT_TYPE" value="5" />
			</value>
		</option>
		<option name="MARKDOWN_NAVIGATOR$WIKI_LINK">
			<value>
				<option name="FOREGROUND" value="9d50ba" />
			</value>
		</option>
		<option name="MARKDOWN_STRIKE_THROUGH">
			<value>
				<option name="EFFECT_TYPE" value="3" />
				<option name="EFFECT_COLOR" value="a2a2a2" />
			</value>
		</option>
		<option name="MATCHED_BRACE_ATTRIBUTES">
			<value>
				<option name="FONT_TYPE" value="1" />
				<option name="FOREGROUND" value="505355" />
				<option name="EFFECT_TYPE" value="1" />
				<option name="EFFECT_COLOR" value="b39613" />
			</value>
		</option>
		<option name="MESSAGE_ARGUMENT">
			<value>
				<option name="FOREGROUND" value="c4b3a3" />
			</value>
		</option>
		<option name="Map key">
			<value>
				<option name="FOREGROUND" value="a2d66b" />
			</value>
		</option>
		<option name="Method call">
			<value>
				<option name="FOREGROUND" value="ee4266" />
			</value>
		</option>
		<option name="NOT_TOP_FRAME_ATTRIBUTES">
			<value>
				<option name="BACKGROUND" value="474747" />
			</value>
		</option>
		<option name="Number">
			<value>
				<option name="FOREGROUND" value="ffd23f" />
			</value>
		</option>
		<option name="OC$BADCHARACTER">
			<value>
				<option name="EFFECT_TYPE" value="2" />
				<option name="EFFECT_COLOR" value="ff5370" />
			</value>
		</option>
		<option name="OC$BLOCK_COMMENT">
			<value>
				<option name="FONT_TYPE" value="2" />
				<option name="FOREGROUND" value="4c4c70" />
			</value>
		</option>
		<option name="OC$BRACES">
			<value>
				<option name="FOREGROUND" value="72729d" />
			</value>
		</option>
		<option name="OC$BRACKETS">
			<value>
				<option name="FOREGROUND" value="72729d" />
			</value>
		</option>
		<option name="OC$CLASS_REFERENCE">
			<value>
				<option name="FOREGROUND" value="ee4266" />
			</value>
		</option>
		<option name="OC$COMMA">
			<value>
				<option name="FOREGROUND" value="72729d" />
			</value>
		</option>
		<option name="OC$CPP_KEYWORD">
			<value>
				<option name="FOREGROUND" value="a7dbd8" />
			</value>
		</option>
		<option name="OC$DIRECTIVE">
			<value>
				<option name="FOREGROUND" value="9d50ba" />
			</value>
		</option>
		<option name="OC$DOT">
			<value>
				<option name="FOREGROUND" value="72729d" />
			</value>
		</option>
		<option name="OC$ENUM_CONST">
			<value>
				<option name="FONT_TYPE" value="1" />
				<option name="FOREGROUND" value="ffd23f" />
			</value>
		</option>
		<option name="OC$EXTERN_VARIABLE">
			<value>
				<option name="FONT_TYPE" value="3" />
				<option name="FOREGROUND" value="eeffe3" />
			</value>
		</option>
		<option name="OC$FORMAT_TOKEN">
			<value>
				<option name="FOREGROUND" value="72729d" />
			</value>
		</option>
		<option name="OC$FUNCTION">
			<value>
				<option name="FOREGROUND" value="ee4266" />
			</value>
		</option>
		<option name="OC$GENERIC_PARAMETER">
			<value>
				<option name="FOREGROUND" value="a2d66b" />
			</value>
		</option>
		<option name="OC$GLOBAL_VARIABLE">
			<value>
				<option name="FONT_TYPE" value="2" />
				<option name="FOREGROUND" value="eeffe3" />
			</value>
		</option>
		<option name="OC$HEADER_PATH">
			<value>
				<option name="FOREGROUND" value="e6ffd6" />
			</value>
		</option>
		<option name="OC$INVALID_STRING_ESCAPE">
			<value>
				<option name="EFFECT_TYPE" value="2" />
				<option name="EFFECT_COLOR" value="ff5370" />
			</value>
		</option>
		<option name="OC$IVAR">
			<value>
				<option name="FOREGROUND" value="9090b2" />
			</value>
		</option>
		<option name="OC$LABEL">
			<value>
				<option name="FOREGROUND" value="eeffe3" />
				<option name="EFFECT_TYPE" value="5" />
			</value>
		</option>
		<option name="OC$LINE_COMMENT">
			<value>
				<option name="FONT_TYPE" value="2" />
				<option name="FOREGROUND" value="4c4c70" />
			</value>
		</option>
		<option name="OC$LOCAL_VARIABLE">
			<value>
				<option name="FOREGROUND" value="eeffe3" />
			</value>
		</option>
		<option name="OC$MACRONAME">
			<value>
				<option name="FONT_TYPE" value="1" />
				<option name="FOREGROUND" value="ff0015" />
			</value>
		</option>
		<option name="OC$MACRO_PARAMETER">
			<value>
				<option name="FONT_TYPE" value="2" />
				<option name="FOREGROUND" value="ffd23f" />
			</value>
		</option>
		<option name="OC$MESSAGE_ARGUMENT">
			<value>
				<option name="FOREGROUND" value="ee4266" />
			</value>
		</option>
		<option name="OC$NAMESPACE_LIKE">
			<value>
				<option name="FONT_TYPE" value="3" />
				<option name="FOREGROUND" value="a2b66d" />
			</value>
		</option>
		<option name="OC$OPERATION_SIGN">
			<value>
				<option name="FOREGROUND" value="72729d" />
			</value>
		</option>
		<option name="OC$OVERLOADED_OPERATOR">
			<value>
				<option name="FOREGROUND" value="72729d" />
			</value>
		</option>
		<option name="OC$PARAMETER">
			<value>
				<option name="FONT_TYPE" value="2" />
				<option name="FOREGROUND" value="ffd23f" />
			</value>
		</option>
		<option name="OC$PARENTHS">
			<value>
				<option name="FOREGROUND" value="72729d" />
			</value>
		</option>
		<option name="OC$PROPERTY">
			<value>
				<option name="FOREGROUND" value="9090b2" />
			</value>
		</option>
		<option name="OC$PROPERTY_ATTRIBUTE">
			<value>
				<option name="FOREGROUND" value="eeffe3" />
				<option name="EFFECT_TYPE" value="5" />
			</value>
		</option>
		<option name="OC$PROTOCOL_REFERENCE">
			<value>
				<option name="FONT_TYPE" value="2" />
				<option name="FOREGROUND" value="a2d66b" />
			</value>
		</option>
		<option name="OC$SELFSUPERTHIS">
			<value>
				<option name="FONT_TYPE" value="2" />
				<option name="FOREGROUND" value="fad201" />
			</value>
		</option>
		<option name="OC$SEMICOLON">
			<value>
				<option name="FOREGROUND" value="72729d" />
			</value>
		</option>
		<option name="OC$STRING">
			<value>
				<option name="FOREGROUND" value="ff8364" />
			</value>
		</option>
		<option name="OC$STRUCT_FIELD">
			<value>
				<option name="FONT_TYPE" value="2" />
				<option name="FOREGROUND" value="fffefd" />
			</value>
		</option>
		<option name="OC$STRUCT_LIKE">
			<value>
				<option name="FONT_TYPE" value="1" />
				<option name="FOREGROUND" value="a2b66d" />
			</value>
		</option>
		<option name="OC$TEMPLATE_TYPE">
			<value>
				<option name="FONT_TYPE" value="1" />
				<option name="FOREGROUND" value="00e1ff" />
			</value>
		</option>
		<option name="OC$TEMPLATE_VALUE">
			<value>
				<option name="FONT_TYPE" value="2" />
				<option name="FOREGROUND" value="ffd23f" />
			</value>
		</option>
		<option name="OC$TYPEDEF">
			<value>
				<option name="FONT_TYPE" value="1" />
				<option name="FOREGROUND" value="ee4266" />
			</value>
		</option>
		<option name="Operation sign">
			<value>
				<option name="FOREGROUND" value="72729d" />
			</value>
		</option>
		<option name="PERL_EMBED_MARKER">
			<value>
				<option name="FOREGROUND" value="72729d" />
			</value>
		</option>
		<option name="PHP_BAD_CHARACTER">
			<value>
				<option name="EFFECT_TYPE" value="2" />
				<option name="EFFECT_COLOR" value="ff5370" />
			</value>
		</option>
		<option name="PHP_BRACES">
			<value>
				<option name="FOREGROUND" value="72729d" />
			</value>
		</option>
		<option name="PHP_BRACKETS">
			<value>
				<option name="FOREGROUND" value="72729d" />
			</value>
		</option>
		<option name="PHP_CLASS">
			<value>
				<option name="FOREGROUND" value="ee4266" />
			</value>
		</option>
		<option name="PHP_COMMA">
			<value>
				<option name="FOREGROUND" value="72729d" />
			</value>
		</option>
		<option name="PHP_COMMENT">
			<value>
				<option name="FONT_TYPE" value="2" />
				<option name="FOREGROUND" value="4c4c70" />
			</value>
		</option>
		<option name="PHP_CONSTANT">
			<value>
				<option name="FOREGROUND" value="ffd23f" />
			</value>
		</option>
		<option name="PHP_DOC_COMMENT_ID">
			<value>
				<option name="FONT_TYPE" value="2" />
				<option name="FOREGROUND" value="4c4c70" />
			</value>
		</option>
		<option name="PHP_DOC_TAG">
			<value>
				<option name="FOREGROUND" value="6d6d9c" />
				<option name="EFFECT_TYPE" value="1" />
			</value>
		</option>
		<option name="PHP_EXEC_COMMAND_ID">
			<value>
				<option name="FOREGROUND" value="a2d66b" />
			</value>
		</option>
		<option name="PHP_FUNCTION">
			<value>
				<option name="FOREGROUND" value="ee4266" />
			</value>
		</option>
		<option name="PHP_FUNCTION_CALL">
			<value>
				<option name="FOREGROUND" value="ee4266" />
			</value>
		</option>
		<option name="PHP_HEREDOC_CONTENT">
			<value>
				<option name="FOREGROUND" value="a2d66b" />
			</value>
		</option>
		<option name="PHP_HEREDOC_ID">
			<value>
				<option name="FOREGROUND" value="9090b2" />
			</value>
		</option>
		<option name="PHP_IDENTIFIER">
			<value>
				<option name="FOREGROUND" value="9090b2" />
			</value>
		</option>
		<option name="PHP_INSTANCE_FIELD">
			<value>
				<option name="FOREGROUND" value="9090b2" />
			</value>
		</option>
		<option name="PHP_INSTANCE_METHOD">
			<value>
				<option name="FOREGROUND" value="ee4266" />
			</value>
		</option>
		<option name="PHP_INTERFACE">
			<value>
				<option name="FOREGROUND" value="a2d66b" />
			</value>
		</option>
		<option name="PHP_KEYWORD">
			<value>
				<option name="FONT_TYPE" value="2" />
				<option name="FOREGROUND" value="9d50ba" />
			</value>
		</option>
		<option name="PHP_MARKUP_ID">
			<value>
				<option name="FOREGROUND" value="4c4c70" />
			</value>
		</option>
		<option name="PHP_NUMBER">
			<value>
				<option name="FOREGROUND" value="ffd23f" />
			</value>
		</option>
		<option name="PHP_OPERATION_SIGN">
			<value>
				<option name="FOREGROUND" value="72729d" />
			</value>
		</option>
		<option name="PHP_PARAMETER">
			<value>
				<option name="FOREGROUND" value="ffd23f" />
			</value>
		</option>
		<option name="PHP_PARENTHESES">
			<value>
				<option name="FOREGROUND" value="72729d" />
			</value>
		</option>
		<option name="PHP_PREDEFINED SYMBOL">
			<value>
				<option name="FOREGROUND" value="ee4266" />
			</value>
		</option>
		<option name="PHP_SCRIPTING_BACKGROUND">
			<value>
				<option name="BACKGROUND" value="202030" />
			</value>
		</option>
		<option name="PHP_SEMICOLON">
			<value>
				<option name="FOREGROUND" value="72729d" />
			</value>
		</option>
		<option name="PHP_STATIC_FIELD">
			<value>
				<option name="FONT_TYPE" value="2" />
				<option name="FOREGROUND" value="9090b2" />
			</value>
		</option>
		<option name="PHP_STATIC_METHOD">
			<value>
				<option name="FOREGROUND" value="ee4266" />
			</value>
		</option>
		<option name="PHP_STRING">
			<value>
				<option name="FOREGROUND" value="a2d66b" />
			</value>
		</option>
		<option name="PHP_TAG">
			<value>
				<option name="FONT_TYPE" value="2" />
				<option name="FOREGROUND" value="9d50ba" />
			</value>
		</option>
		<option name="PHP_VAR">
			<value>
				<option name="FOREGROUND" value="9090b2" />
			</value>
		</option>
		<option name="PROPERTIES$INVALID_STRING_ESCAPE">
			<value>
				<option name="EFFECT_TYPE" value="2" />
				<option name="EFFECT_COLOR" value="722c40" />
			</value>
		</option>
		<option name="PROPERTIES$KEY">
			<value>
				<option name="FONT_TYPE" value="2" />
				<option name="FOREGROUND" value="9d50ba" />
			</value>
		</option>
		<option name="PROPERTIES$KEY_VALUE_SEPARATOR">
			<value>
				<option name="FOREGROUND" value="72729d" />
			</value>
		</option>
		<option name="PROPERTIES$VALUE">
			<value>
				<option name="FOREGROUND" value="a2d66b" />
			</value>
		</option>
		<option name="PROTOCOL_REFERENCE">
			<value>
				<option name="FOREGROUND" value="219598" />
			</value>
		</option>
		<option name="PY$BRACES">
			<value>
				<option name="FOREGROUND" value="72729d" />
			</value>
		</option>
		<option name="PY$BRACKETS">
			<value>
				<option name="FOREGROUND" value="72729d" />
			</value>
		</option>
		<option name="PY$BUILTIN_NAME">
			<value>
				<option name="FOREGROUND" value="ee4266" />
			</value>
		</option>
		<option name="PY$CLASS_DEFINITION">
			<value>
				<option name="FOREGROUND" value="ee4266" />
				<option name="EFFECT_TYPE" value="1" />
			</value>
		</option>
		<option name="PY$COMMA">
			<value>
				<option name="FOREGROUND" value="72729d" />
			</value>
		</option>
		<option name="PY$DECORATOR">
			<value>
				<option name="FOREGROUND" value="9d50ba" />
			</value>
		</option>
		<option name="PY$DOC_COMMENT">
			<value>
				<option name="FONT_TYPE" value="2" />
				<option name="FOREGROUND" value="4c4c70" />
			</value>
		</option>
		<option name="PY$DOC_COMMENT_TAG">
			<value>
				<option name="FOREGROUND" value="6d6d9c" />
				<option name="EFFECT_TYPE" value="1" />
			</value>
		</option>
		<option name="PY$DOT">
			<value>
				<option name="FOREGROUND" value="72729d" />
			</value>
		</option>
		<option name="PY$FUNC_DEFINITION">
			<value>
				<option name="FOREGROUND" value="ee4266" />
				<option name="EFFECT_TYPE" value="1" />
			</value>
		</option>
		<option name="PY$INVALID_STRING_ESCAPE">
			<value>
				<option name="EFFECT_TYPE" value="2" />
				<option name="EFFECT_COLOR" value="ff5370" />
			</value>
		</option>
		<option name="PY$KEYWORD">
			<value>
				<option name="FONT_TYPE" value="2" />
				<option name="FOREGROUND" value="9d50ba" />
			</value>
		</option>
		<option name="PY$KEYWORD_ARGUMENT">
			<value>
				<option name="FOREGROUND" value="ffd23f" />
			</value>
		</option>
		<option name="PY$LINE_COMMENT">
			<value>
				<option name="FONT_TYPE" value="2" />
				<option name="FOREGROUND" value="4c4c70" />
			</value>
		</option>
		<option name="PY$NUMBER">
			<value>
				<option name="FOREGROUND" value="ffd23f" />
			</value>
		</option>
		<option name="PY$OPERATION_SIGN">
			<value>
				<option name="FOREGROUND" value="72729d" />
			</value>
		</option>
		<option name="PY$PARAMETER">
			<value>
				<option name="FOREGROUND" value="ffd23f" />
			</value>
		</option>
		<option name="PY$PARENTHS">
			<value>
				<option name="FOREGROUND" value="72729d" />
			</value>
		</option>
		<option name="PY$PREDEFINED_DEFINITION">
			<value>
				<option name="FONT_TYPE" value="2" />
				<option name="FOREGROUND" value="ee4266" />
			</value>
		</option>
		<option name="PY$PREDEFINED_USAGE">
			<value>
				<option name="FOREGROUND" value="9090b2" />
			</value>
		</option>
		<option name="PY$SELF_PARAMETER">
			<value>
				<option name="FONT_TYPE" value="2" />
				<option name="FOREGROUND" value="9d50ba" />
			</value>
		</option>
		<option name="PY$STRING">
			<value>
				<option name="FOREGROUND" value="a2d66b" />
			</value>
		</option>
		<option name="PY$STRING$B">
			<value>
				<option name="FOREGROUND" value="a2d66b" />
			</value>
		</option>
		<option name="PY$STRING$U">
			<value>
				<option name="FOREGROUND" value="a2d66b" />
			</value>
		</option>
		<option name="Parentheses">
			<value>
				<option name="FOREGROUND" value="72729d" />
			</value>
		</option>
		<option name="QL_ATTRIBUTE">
			<value>
				<option name="FOREGROUND" value="9090b2" />
			</value>
		</option>
		<option name="QL_BAD_CHARACTER">
			<value>
				<option name="EFFECT_TYPE" value="2" />
				<option name="EFFECT_COLOR" value="ff5370" />
			</value>
		</option>
		<option name="QL_COMMA">
			<value>
				<option name="FOREGROUND" value="72729d" />
			</value>
		</option>
		<option name="QL_DATETIME">
			<value>
				<option name="FOREGROUND" value="ffd23f" />
			</value>
		</option>
		<option name="QL_DOT">
			<value>
				<option name="FOREGROUND" value="72729d" />
			</value>
		</option>
		<option name="QL_ENTITY">
			<value>
				<option name="FOREGROUND" value="ee4266" />
			</value>
		</option>
		<option name="QL_FUNCTION">
			<value>
				<option name="FOREGROUND" value="ee4266" />
			</value>
		</option>
		<option name="QL_ID_VARIABLE">
			<value>
				<option name="FOREGROUND" value="9090b2" />
			</value>
		</option>
		<option name="QL_KEYWORD">
			<value>
				<option name="FONT_TYPE" value="2" />
				<option name="FOREGROUND" value="9d50ba" />
			</value>
		</option>
		<option name="QL_NUMBER">
			<value>
				<option name="FOREGROUND" value="ffd23f" />
			</value>
		</option>
		<option name="QL_OPERATION_SIGN">
			<value>
				<option name="FOREGROUND" value="72729d" />
			</value>
		</option>
		<option name="QL_PARAMETER">
			<value>
				<option name="FOREGROUND" value="ffd23f" />
			</value>
		</option>
		<option name="QL_PARENTHS">
			<value>
				<option name="FOREGROUND" value="72729d" />
			</value>
		</option>
		<option name="QL_STRING">
			<value>
				<option name="FOREGROUND" value="a2d66b" />
			</value>
		</option>
		<option name="REGEXP$BRACES">
			<value>
				<option name="FOREGROUND" value="72729d" />
			</value>
		</option>
		<option name="REGEXP$BRACKETS">
			<value>
				<option name="FOREGROUND" value="72729d" />
			</value>
		</option>
		<option name="REGEXP$CHAR_CLASS">
			<value>
				<option name="FOREGROUND" value="a2d66b" />
			</value>
		</option>
		<option name="REGEXP$META">
			<value>
				<option name="FOREGROUND" value="72729d" />
			</value>
		</option>
		<option name="REGEXP$PARENTHS">
			<value>
				<option name="FOREGROUND" value="72729d" />
			</value>
		</option>
		<option name="REST$FIXED">
			<value>
				<option name="BACKGROUND" value="252b39" />
			</value>
		</option>
		<option name="REST$INLINE">
			<value>
				<option name="BACKGROUND" value="252b39" />
			</value>
		</option>
		<option name="REST$INTERPRETED">
			<value>
				<option name="BACKGROUND" value="252b39" />
			</value>
		</option>
		<option name="RHTML_COMMENT_ID">
			<value>
				<option name="FONT_TYPE" value="2" />
				<option name="FOREGROUND" value="546e7a" />
			</value>
		</option>
		<option name="RHTML_EXPRESSION_END_ID">
			<value>
				<option name="FOREGROUND" value="72729d" />
			</value>
		</option>
		<option name="RHTML_EXPRESSION_START_ID">
			<value>
				<option name="FOREGROUND" value="72729d" />
			</value>
		</option>
		<option name="RHTML_OMIT_NEW_LINE_ID">
			<value>
				<option name="FONT_TYPE" value="2" />
				<option name="FOREGROUND" value="ee4266" />
			</value>
		</option>
		<option name="RHTML_SCRIPTING_BACKGROUND_ID">
			<value>
				<option name="FOREGROUND" value="72729d" />
			</value>
		</option>
		<option name="RHTML_SCRIPTLET_END_ID">
			<value>
				<option name="FOREGROUND" value="72729d" />
			</value>
		</option>
		<option name="RHTML_SCRIPTLET_START_ID">
			<value>
				<option name="FOREGROUND" value="72729d" />
			</value>
		</option>
		<option name="RUBY_BRACES">
			<value>
				<option name="FOREGROUND" value="72729d" />
			</value>
		</option>
		<option name="RUBY_BRACKETS">
			<value>
				<option name="FOREGROUND" value="72729d" />
			</value>
		</option>
		<option name="RUBY_COLON">
			<value>
				<option name="FOREGROUND" value="72729d" />
			</value>
		</option>
		<option name="RUBY_COMMA">
			<value>
				<option name="FOREGROUND" value="72729d" />
			</value>
		</option>
		<option name="RUBY_COMMENT">
			<value>
				<option name="FONT_TYPE" value="2" />
				<option name="FOREGROUND" value="4c4c70" />
			</value>
		</option>
		<option name="RUBY_CONSTANT">
			<value>
				<option name="FOREGROUND" value="ffd23f" />
			</value>
		</option>
		<option name="RUBY_CONSTANT_DECLARATION">
			<value>
				<option name="FOREGROUND" value="ffd23f" />
			</value>
		</option>
		<option name="RUBY_CVAR">
			<value>
				<option name="FOREGROUND" value="9090b2" />
			</value>
		</option>
		<option name="RUBY_DOT">
			<value>
				<option name="FOREGROUND" value="72729d" />
			</value>
		</option>
		<option name="RUBY_EXPR_IN_STRING">
			<value>
				<option name="FOREGROUND" value="72729d" />
			</value>
		</option>
		<option name="RUBY_GVAR">
			<value>
				<option name="FOREGROUND" value="9090b2" />
			</value>
		</option>
		<option name="RUBY_HASH_ASSOC">
			<value>
				<option name="FOREGROUND" value="72729d" />
			</value>
		</option>
		<option name="RUBY_HEREDOC_CONTENT">
			<value>
				<option name="FOREGROUND" value="9090b2" />
				<option name="BACKGROUND" value="202030" />
				<option name="EFFECT_TYPE" value="5" />
			</value>
		</option>
		<option name="RUBY_HEREDOC_ID">
			<value>
				<option name="FOREGROUND" value="9090b2" />
			</value>
		</option>
		<option name="RUBY_IDENTIFIER">
			<value>
				<option name="FOREGROUND" value="9090b2" />
			</value>
		</option>
		<option name="RUBY_INTERPOLATED_STRING">
			<value>
				<option name="FOREGROUND" value="a2d66b" />
			</value>
		</option>
		<option name="RUBY_INVALID_ESCAPE_SEQUENCE">
			<value>
				<option name="EFFECT_TYPE" value="2" />
				<option name="EFFECT_COLOR" value="722c40" />
			</value>
		</option>
		<option name="RUBY_IVAR">
			<value>
				<option name="FOREGROUND" value="9090b2" />
			</value>
		</option>
		<option name="RUBY_KEYWORD">
			<value>
				<option name="FONT_TYPE" value="2" />
				<option name="FOREGROUND" value="9d50ba" />
			</value>
		</option>
		<option name="RUBY_LINE_CONTINUATION">
			<value>
				<option name="FOREGROUND" value="72729d" />
			</value>
		</option>
		<option name="RUBY_LOCAL_VAR_ID">
			<value>
				<option name="FOREGROUND" value="9090b2" />
			</value>
		</option>
		<option name="RUBY_METHOD_NAME">
			<value>
				<option name="FOREGROUND" value="ee4266" />
			</value>
		</option>
		<option name="RUBY_NTH_REF">
			<value>
				<option name="FOREGROUND" value="ee4266" />
			</value>
		</option>
		<option name="RUBY_NUMBER">
			<value>
				<option name="FOREGROUND" value="ffd23f" />
			</value>
		</option>
		<option name="RUBY_OPERATION_SIGN">
			<value>
				<option name="FOREGROUND" value="72729d" />
			</value>
		</option>
		<option name="RUBY_PARAMDEF_CALL">
			<value>
				<option name="FONT_TYPE" value="2" />
				<option name="FOREGROUND" value="ffc66d" />
			</value>
		</option>
		<option name="RUBY_PARAMETER_ID">
			<value>
				<option name="FOREGROUND" value="ffd23f" />
			</value>
		</option>
		<option name="RUBY_PARENTHESES">
			<value>
				<option name="FOREGROUND" value="72729d" />
			</value>
		</option>
		<option name="RUBY_REGEXP">
			<value>
				<option name="BACKGROUND" value="202030" />
			</value>
		</option>
		<option name="RUBY_SEMICOLON">
			<value>
				<option name="FOREGROUND" value="72729d" />
			</value>
		</option>
		<option name="RUBY_SPECIFIC_CALL">
			<value>
				<option name="FONT_TYPE" value="2" />
				<option name="FOREGROUND" value="ffc66d" />
			</value>
		</option>
		<option name="RUBY_STRING">
			<value>
				<option name="FOREGROUND" value="a2d66b" />
			</value>
		</option>
		<option name="RUBY_SYMBOL">
			<value>
				<option name="FOREGROUND" value="a2d66b" />
			</value>
		</option>
		<option name="RUBY_WORDS">
			<value>
				<option name="FOREGROUND" value="a2d66b" />
			</value>
		</option>
		<option name="ReSharper$ASP_NET_BLOCK_TAG">
			<value>
				<option name="FOREGROUND" value="72729d" />
			</value>
		</option>
		<option name="ReSharper$ASP_NET_COMMENT">
			<value>
				<option name="FONT_TYPE" value="2" />
				<option name="FOREGROUND" value="4c4c70" />
			</value>
		</option>
		<option name="ReSharper$ASP_NET_ENTITY_REFERENCE">
			<value>
				<option name="FOREGROUND" value="eeffe3" />
			</value>
		</option>
		<option name="ReSharper$ASP_NET_MVC_ACTION">
			<value>
				<option name="FOREGROUND" value="ee4266" />
				<option name="EFFECT_TYPE" value="1" />
			</value>
		</option>
		<option name="ReSharper$ASP_NET_MVC_AREA">
			<value>
				<option name="EFFECT_TYPE" value="1" />
			</value>
		</option>
		<option name="ReSharper$ASP_NET_MVC_CONTROLLER">
			<value>
				<option name="FOREGROUND" value="ee4266" />
				<option name="EFFECT_TYPE" value="1" />
			</value>
		</option>
		<option name="ReSharper$ASP_NET_MVC_VIEW">
			<value>
				<option name="FOREGROUND" value="a2d66b" />
				<option name="EFFECT_TYPE" value="1" />
			</value>
		</option>
		<option name="ReSharper$ASP_NET_MVC_VIEW_COMPONENT">
			<value>
				<option name="FOREGROUND" value="ee4266" />
				<option name="EFFECT_TYPE" value="1" />
			</value>
		</option>
		<option name="ReSharper$ASP_NET_RAZOR_CODE_BLOCK_TAG">
			<value>
				<option name="FOREGROUND" value="72729d" />
			</value>
		</option>
		<option name="ReSharper$ASP_NET_RUN_AT_ATTRIBUTE">
			<value>
				<option name="FOREGROUND" value="9d50ba" />
			</value>
		</option>
		<option name="ReSharper$DELEGATE_IDENTIFIER">
			<value>
				<option name="FONT_TYPE" value="1" />
				<option name="FOREGROUND" value="9d50ba" />
			</value>
		</option>
		<option name="ReSharper$ENUM_IDENTIFIER">
			<value>
				<option name="FOREGROUND" value="ffd23f" />
			</value>
		</option>
		<option name="ReSharper$EXTENSION_METHOD_IDENTIFIER">
			<value>
				<option name="FOREGROUND" value="ee4266" />
			</value>
		</option>
		<option name="ReSharper$HINT">
			<value>
				<option name="EFFECT_TYPE" value="5" />
				<option name="EFFECT_COLOR" value="72729d" />
			</value>
		</option>
		<option name="ReSharper$LATE_BOUND_IDENTIFIER">
			<value>
				<option name="FOREGROUND" value="9090b2" />
			</value>
		</option>
		<option name="ReSharper$MUTABLE_LOCAL_VARIABLE_IDENTIFIER">
			<value>
				<option name="FOREGROUND" value="9090b2" />
			</value>
		</option>
		<option name="ReSharper$OUTLINED_ENTITY">
			<value>
				<option name="FOREGROUND" value="474747" />
			</value>
		</option>
		<option name="ReSharper$STATIC_CLASS_IDENTIFIER">
			<value>
				<option name="FOREGROUND" value="ee4266" />
			</value>
		</option>
		<option name="ReSharper$STRUCT_IDENTIFIER">
			<value>
				<option name="FOREGROUND" value="ffd23f" />
			</value>
		</option>
		<option name="ReSharper$TYPE_PARAMETER_IDENTIFIER">
			<value>
				<option name="FOREGROUND" value="a2d66b" />
			</value>
		</option>
		<option name="SASS_MIXIN">
			<value>
				<option name="FONT_TYPE" value="2" />
				<option name="FOREGROUND" value="ee4266" />
			</value>
		</option>
		<option name="SASS_VARIABLE">
			<value>
				<option name="FOREGROUND" value="ffd23f" />
			</value>
		</option>
		<option name="SEARCH_RESULT_ATTRIBUTES">
			<value>
				<option name="BACKGROUND" value="323232" />
			</value>
		</option>
		<option name="STATIC_FINAL_FIELD_ATTRIBUTES">
			<value>
				<option name="FONT_TYPE" value="1" />
				<option name="FOREGROUND" value="fad201" />
			</value>
		</option>
		<option name="STATIC_METHOD_ATTRIBUTES">
			<value>
				<option name="FONT_TYPE" value="3" />
				<option name="FOREGROUND" value="ffc66d" />
			</value>
		</option>
		<option name="SUGGESTION">
			<value>
				<option name="EFFECT_TYPE" value="2" />
				<option name="EFFECT_COLOR" value="607d8b" />
			</value>
		</option>
		<option name="Scala Abstract class">
			<value>
				<option name="FOREGROUND" value="a2d66b" />
			</value>
		</option>
		<option name="Scala Annotation attribute name">
			<value>
				<option name="FOREGROUND" value="9d50ba" />
			</value>
		</option>
		<option name="Scala Annotation name">
			<value>
				<option name="FOREGROUND" value="9d50ba" />
			</value>
		</option>
		<option name="Scala Anonymous Parameter">
			<value>
				<option name="FOREGROUND" value="ffd23f" />
			</value>
		</option>
		<option name="Scala Assign">
			<value>
				<option name="FOREGROUND" value="72729d" />
			</value>
		</option>
		<option name="Scala Bad character">
			<value>
				<option name="EFFECT_TYPE" value="2" />
				<option name="EFFECT_COLOR" value="ff5370" />
			</value>
		</option>
		<option name="Scala Block comment">
			<value>
				<option name="FONT_TYPE" value="2" />
				<option name="FOREGROUND" value="4c4c70" />
			</value>
		</option>
		<option name="Scala Braces">
			<value>
				<option name="FOREGROUND" value="72729d" />
			</value>
		</option>
		<option name="Scala Brackets">
			<value>
				<option name="FOREGROUND" value="72729d" />
			</value>
		</option>
		<option name="Scala Class">
			<value>
				<option name="FOREGROUND" value="ee4266" />
			</value>
		</option>
		<option name="Scala Class method call">
			<value>
				<option name="FOREGROUND" value="ee4266" />
			</value>
		</option>
		<option name="Scala Colon">
			<value>
				<option name="FOREGROUND" value="72729d" />
			</value>
		</option>
		<option name="Scala Comma">
			<value>
				<option name="FOREGROUND" value="72729d" />
			</value>
		</option>
		<option name="Scala Dot">
			<value>
				<option name="FOREGROUND" value="72729d" />
			</value>
		</option>
		<option name="Scala For statement value">
			<value>
				<option name="FOREGROUND" value="9090b2" />
			</value>
		</option>
		<option name="Scala Invalid escape in string">
			<value>
				<option name="EFFECT_TYPE" value="2" />
				<option name="EFFECT_COLOR" value="ff5370" />
			</value>
		</option>
		<option name="Scala Keyword">
			<value>
				<option name="FONT_TYPE" value="2" />
				<option name="FOREGROUND" value="9d50ba" />
			</value>
		</option>
		<option name="Scala Line comment">
			<value>
				<option name="FONT_TYPE" value="2" />
				<option name="FOREGROUND" value="4c4c70" />
			</value>
		</option>
		<option name="Scala Local lazy val/var">
			<value>
				<option name="FOREGROUND" value="9090b2" />
			</value>
		</option>
		<option name="Scala Local method call">
			<value>
				<option name="FOREGROUND" value="ee4266" />
			</value>
		</option>
		<option name="Scala Local value">
			<value>
				<option name="FOREGROUND" value="9090b2" />
			</value>
		</option>
		<option name="Scala Local variable">
			<value>
				<option name="FOREGROUND" value="9090b2" />
			</value>
		</option>
		<option name="Scala Method declaration">
			<value>
				<option name="FOREGROUND" value="ee4266" />
			</value>
		</option>
		<option name="Scala Mutable Collection">
			<value>
				<option name="FOREGROUND" value="9090b2" />
				<option name="EFFECT_TYPE" value="5" />
				<option name="EFFECT_COLOR" value="9d50ba" />
			</value>
		</option>
		<option name="Scala Number">
			<value>
				<option name="FOREGROUND" value="ffd23f" />
			</value>
		</option>
		<option name="Scala Object">
			<value>
				<option name="FOREGROUND" value="ee4266" />
			</value>
		</option>
		<option name="Scala Object method call">
			<value>
				<option name="FONT_TYPE" value="2" />
				<option name="FOREGROUND" value="ffc66d" />
			</value>
		</option>
		<option name="Scala Parameter">
			<value>
				<option name="FOREGROUND" value="ffd23f" />
			</value>
		</option>
		<option name="Scala Parentheses">
			<value>
				<option name="FOREGROUND" value="72729d" />
			</value>
		</option>
		<option name="Scala Pattern value">
			<value>
				<option name="FOREGROUND" value="9090b2" />
			</value>
		</option>
		<option name="Scala Predefined types">
			<value>
				<option name="FOREGROUND" value="72729d" />
			</value>
		</option>
		<option name="Scala Semicolon">
			<value>
				<option name="FOREGROUND" value="72729d" />
			</value>
		</option>
		<option name="Scala String">
			<value>
				<option name="FOREGROUND" value="a2d66b" />
			</value>
		</option>
		<option name="Scala Template lazy val/var">
			<value>
				<option name="FOREGROUND" value="9090b2" />
			</value>
		</option>
		<option name="Scala Template val">
			<value>
				<option name="FOREGROUND" value="9090b2" />
			</value>
		</option>
		<option name="Scala Template var">
			<value>
				<option name="FOREGROUND" value="9090b2" />
			</value>
		</option>
		<option name="Scala Trait">
			<value>
				<option name="FOREGROUND" value="a2d66b" />
			</value>
		</option>
		<option name="Scala Type Alias">
			<value>
				<option name="FOREGROUND" value="ffd23f" />
			</value>
		</option>
		<option name="Scala Type parameter">
			<value>
				<option name="FOREGROUND" value="ffd23f" />
			</value>
		</option>
		<option name="Scala XML attribute name">
			<value>
				<option name="FONT_TYPE" value="2" />
				<option name="FOREGROUND" value="ee4266" />
			</value>
		</option>
		<option name="Scala XML attribute value">
			<value>
				<option name="FOREGROUND" value="a2d66b" />
			</value>
		</option>
		<option name="Scala XML comment">
			<value>
				<option name="FONT_TYPE" value="2" />
				<option name="FOREGROUND" value="4c4c70" />
			</value>
		</option>
		<option name="Scala XML tag">
			<value>
				<option name="FOREGROUND" value="72729d" />
			</value>
		</option>
		<option name="Scala XML tag data">
			<value>
				<option name="FOREGROUND" value="9090b2" />
				<option name="BACKGROUND" value="202030" />
				<option name="EFFECT_TYPE" value="5" />
			</value>
		</option>
		<option name="Scala XML tag name">
			<value>
				<option name="FOREGROUND" value="9d50ba" />
			</value>
		</option>
		<option name="ScalaDoc @param value">
			<value>
				<option name="FOREGROUND" value="6d6d9c" />
				<option name="EFFECT_TYPE" value="1" />
			</value>
		</option>
		<option name="ScalaDoc comment">
			<value>
				<option name="FONT_TYPE" value="2" />
				<option name="FOREGROUND" value="4c4c70" />
			</value>
		</option>
		<option name="ScalaDoc comment tag">
			<value>
				<option name="FOREGROUND" value="6d6d9c" />
				<option name="EFFECT_TYPE" value="1" />
			</value>
		</option>
		<option name="ScalaDoc html escape sequences">
			<value>
				<option name="FOREGROUND" value="4c4c70" />
			</value>
		</option>
		<option name="ScalaDoc html tag">
			<value>
				<option name="FOREGROUND" value="4c4c70" />
			</value>
		</option>
		<option name="ScalaDoc wiki syntax elements">
			<value>
				<option name="FOREGROUND" value="4c4c70" />
			</value>
		</option>
		<option name="Scalatest keyword">
			<value>
				<option name="FONT_TYPE" value="2" />
				<option name="FOREGROUND" value="9d50ba" />
			</value>
		</option>
		<option name="Static field">
			<value>
				<option name="FOREGROUND" value="ffd23f" />
				<option name="EFFECT_TYPE" value="1" />
			</value>
		</option>
		<option name="Static method access">
			<value>
				<option name="FONT_TYPE" value="2" />
				<option name="FOREGROUND" value="ffc66d" />
			</value>
		</option>
		<option name="Static property reference ID">
			<value>
				<option name="FOREGROUND" value="ffd23f" />
				<option name="EFFECT_TYPE" value="1" />
			</value>
		</option>
		<option name="String">
			<value>
				<option name="FOREGROUND" value="a2d66b" />
			</value>
		</option>
		<option name="TAPESTRY_COMPONENT_TAG">
			<value>
				<option name="FONT_TYPE" value="1" />
				<option name="FOREGROUND" value="a7dbd8" />
			</value>
		</option>
		<option name="TEMPLATE_VARIABLE_ATTRIBUTES">
			<value>
				<option name="FOREGROUND" value="bd92ea" />
			</value>
		</option>
		<option name="TEXT">
			<value>
				<option name="FOREGROUND" value="d1d1d1" />
				<option name="BACKGROUND" value="080c12" />
				<option name="EFFECT_TYPE" value="5" />
			</value>
		</option>
		<option name="TEXT_SEARCH_RESULT_ATTRIBUTES">
			<value>
				<option name="FOREGROUND" value="333333" />
				<option name="BACKGROUND" value="ffe792" />
				<option name="EFFECT_COLOR" value="ffe792" />
			</value>
		</option>
		<option name="TODO_DEFAULT_ATTRIBUTES">
			<value>
				<option name="FONT_TYPE" value="2" />
			</value>
		</option>
		<option name="TYPEDEF">
			<value>
				<option name="FOREGROUND" value="c7c8f5" />
			</value>
		</option>
		<option name="TYPE_PARAMETER_NAME_ATTRIBUTES">
			<value>
				<option name="FONT_TYPE" value="1" />
				<option name="FOREGROUND" value="00e1ff" />
			</value>
		</option>
		<option name="TYPO">
			<value>
				<option name="EFFECT_TYPE" value="2" />
				<option name="EFFECT_COLOR" value="6d6d9c" />
			</value>
		</option>
		<option name="Trait name">
			<value>
				<option name="FOREGROUND" value="a2d66b" />
			</value>
		</option>
		<option name="Type parameter">
			<value>
				<option name="FOREGROUND" value="ffd23f" />
			</value>
		</option>
		<option name="UNMATCHED_BRACE_ATTRIBUTES">
			<value>
				<option name="FOREGROUND" value="ff0015" />
				<option name="BACKGROUND" value="f0ff00" />
			</value>
		</option>
		<option name="Unresolved reference access">
			<value>
				<option name="FOREGROUND" value="9090b2" />
			</value>
		</option>
		<option name="VELOCITY_KEYWORD">
			<value>
				<option name="FONT_TYPE" value="1" />
				<option name="FOREGROUND" value="a7dbd8" />
			</value>
		</option>
		<option name="VELOCITY_NUMBER">
			<value>
				<option name="FOREGROUND" value="f36e3a" />
			</value>
		</option>
		<option name="VELOCITY_SCRIPTING_BACKGROUND">
			<value>
				<option name="BACKGROUND" value="252b39" />
			</value>
		</option>
		<option name="Valid string escape">
			<value>
				<option name="FOREGROUND" value="72729d" />
			</value>
		</option>
		<option name="WARNING_ATTRIBUTES">
			<value>
				<option name="ERROR_STRIPE_COLOR" value="ee4266" />
				<option name="EFFECT_TYPE" value="2" />
				<option name="EFFECT_COLOR" value="ee4266" />
			</value>
		</option>
		<option name="WRITE_IDENTIFIER_UNDER_CARET_ATTRIBUTES">
			<value>
				<option name="ERROR_STRIPE_COLOR" value="4f4f4f" />
				<option name="EFFECT_COLOR" value="fffbf7" />
			</value>
		</option>
		<option name="WRITE_SEARCH_RESULT_ATTRIBUTES">
			<value>
				<option name="FOREGROUND" value="333333" />
				<option name="BACKGROUND" value="ffe792" />
				<option name="ERROR_STRIPE_COLOR" value="c55450" />
			</value>
		</option>
		<option name="WRONG_REFERENCES_ATTRIBUTES">
			<value>
				<option name="FOREGROUND" value="00303c" />
				<option name="EFFECT_TYPE" value="1" />
			</value>
		</option>
		<option name="XML_ATTRIBUTE_NAME">
			<value>
				<option name="FONT_TYPE" value="2" />
				<option name="FOREGROUND" value="ee4266" />
			</value>
		</option>
		<option name="XML_ENTITY_REFERENCE">
			<value>
				<option name="FOREGROUND" value="a2d66b" />
			</value>
		</option>
		<option name="XML_NS_PREFIX">
			<value>
				<option name="FOREGROUND" value="ee4266" />
			</value>
		</option>
		<option name="XML_TAG">
			<value>
				<option name="FOREGROUND" value="72729d" />
			</value>
		</option>
		<option name="XML_TAG_DATA">
			<value>
				<option name="FOREGROUND" value="9090b2" />
				<option name="BACKGROUND" value="202030" />
				<option name="EFFECT_TYPE" value="5" />
			</value>
		</option>
		<option name="XML_TAG_NAME">
			<value>
				<option name="FOREGROUND" value="9d50ba" />
			</value>
		</option>
		<option name="YAML_SCALAR_KEY">
			<value>
				<option name="FOREGROUND" value="9d50ba" />
			</value>
		</option>
		<option name="YAML_SCALAR_LIST">
			<value>
				<option name="FOREGROUND" value="72729d" />
				<option name="EFFECT_TYPE" value="5" />
			</value>
		</option>
		<option name="YAML_SCALAR_VALUE">
			<value>
				<option name="FOREGROUND" value="72729d" />
				<option name="EFFECT_TYPE" value="5" />
			</value>
		</option>
		<option name="com$plan9$IDENTIFIER">
			<value>
				<option name="FOREGROUND" value="00e1ff" />
				<option name="BACKGROUND" value="080c12" />
				<option name="EFFECT_TYPE" value="5" />
			</value>
		</option>
		<option name="com$plan9$LABEL">
			<value>
				<option name="FOREGROUND" value="6eff01" />
				<option name="EFFECT_TYPE" value="1" />
			</value>
		</option>
		<option name="com$plan9$PSEUDO_INSTRUCTION">
			<value>
				<option name="FONT_TYPE" value="3" />
				<option name="FOREGROUND" value="8a799b" />
			</value>
		</option>
		<option name="com$plan9$REGISTER">
			<value>
				<option name="FOREGROUND" value="a2d66b" />
			</value>
		</option>
		<option name="osmorc$headerName">
			<value>
				<option name="FONT_TYPE" value="1" />
				<option name="FOREGROUND" value="a7dbd8" />
			</value>
		</option>
	</attributes>
</scheme>