<?xml version="1.0" encoding="UTF-8"?>
<scheme name="TypeSafe Classic" version="1" parent_scheme="Default">
	<option name="LINE_SPACING" value="1.0" />
	<option name="EDITOR_FONT_SIZE" value="12" />
	<option name="EDITOR_FONT_NAME" value="Menlo" />
	<colors>
	</colors>
	<attributes>
		<option name="XML_PROLOGUE">
			<value>
				<option name="FONT_TYPE" value="2" />
			</value>
		</option>
		<option name="WRONG_REFERENCES_ATTRIBUTES">
			<value>
				<option name="FOREGROUND" value="ff0000" />
			</value>
		</option>
		<option name="WRITE_SEARCH_RESULT_ATTRIBUTES">
			<value>
				<option name="BACKGROUND" value="ffcdff" />
			</value>
		</option>
		<option name="WRITE_IDENTIFIER_UNDER_CARET_ATTRIBUTES">
			<value>
				<option name="BACKGROUND" value="ffe4ff" />
				<option name="ERROR_STRIPE_COLOR" value="ffcdff" />
			</value>
		</option>
		<option name="WARNING_ATTRIBUTES">
			<value>
				<option name="BACKGROUND" value="f6ebbc" />
				<option name="ERROR_STRIPE_COLOR" value="ffff00" />
				<option name="EFFECT_TYPE" value="1" />
			</value>
		</option>
		<option name="Unresolved reference access">
			<value>
				<option name="FOREGROUND" value="0" />
				<option name="EFFECT_TYPE" value="1" />
				<option name="EFFECT_COLOR" value="808080" />
			</value>
		</option>
		<option name="UNMATCHED_BRACE_ATTRIBUTES">
			<value>
				<option name="BACKGROUND" value="ffdcdc" />
			</value>
		</option>
		<option name="TYPO">
			<value>
				<option name="EFFECT_TYPE" value="2" />
				<option name="EFFECT_COLOR" value="8000" />
			</value>
		</option>
		<option name="TYPE_PARAMETER_NAME_ATTRIBUTES">
			<value>
				<option name="FOREGROUND" value="20999d" />
			</value>
		</option>
		<option name="TODO_DEFAULT_ATTRIBUTES">
			<value>
				<option name="FONT_TYPE" value="3" />
				<option name="FOREGROUND" value="43bac2" />
			</value>
		</option>
		<option name="TODO_ATTRIBUTES">
			<value>
				<option name="FONT_TYPE" value="3" />
				<option name="FOREGROUND" value="ff" />
			</value>
		</option>
		<option name="TEXT_SEARCH_RESULT_ATTRIBUTES">
			<value>
				<option name="BACKGROUND" value="ffff00" />
				<option name="ERROR_STRIPE_COLOR" value="ff00" />
			</value>
		</option>
		<option name="TEXT">
			<value>
				<option name="FOREGROUND" value="595050" />
				<option name="BACKGROUND" value="fefbf3" />
			</value>
		</option>
		<option name="TEMPLATE_VARIABLE_ATTRIBUTES">
			<value>
				<option name="FONT_TYPE" value="3" />
				<option name="FOREGROUND" value="7f0000" />
			</value>
		</option>
		<option name="Static property reference ID">
			<value>
				<option name="FONT_TYPE" value="2" />
				<option name="FOREGROUND" value="660e7a" />
			</value>
		</option>
		<option name="Standart Java Collection">
			<value>
				<option name="FOREGROUND" value="8fa9" />
				<option name="EFFECT_TYPE" value="5" />
			</value>
		</option>
		<option name="Scala Predefined types">
			<value>
				<option name="FOREGROUND" value="8fa9" />
			</value>
		</option>
		<option name="Scala Mutable Collection">
			<value>
				<option name="FOREGROUND" value="8fa9" />
				<option name="EFFECT_TYPE" value="5" />
				<option name="EFFECT_COLOR" value="8ac5c6" />
			</value>
		</option>
		<option name="Scala Immutable Collection">
			<value>
				<option name="FOREGROUND" value="8fa9" />
			</value>
		</option>
		<option name="SUSPICIOUS_METHOD_NAME_ATTRIBUTES">
			<value>
				<option name="EFFECT_TYPE" value="2" />
				<option name="EFFECT_COLOR" value="ffcccc" />
			</value>
		</option>
		<option name="STATIC_METHOD_ATTRIBUTES">
			<value>
				<option name="FONT_TYPE" value="2" />
			</value>
		</option>
		<option name="STATIC_FINAL_FIELD_ATTRIBUTES">
			<value>
				<option name="FONT_TYPE" value="2" />
				<option name="FOREGROUND" value="660e7a" />
			</value>
		</option>
		<option name="STATIC_FIELD_ATTRIBUTES">
			<value>
				<option name="FONT_TYPE" value="2" />
			</value>
		</option>
		<option name="SPY-JS$VALUE_HINT">
			<value>
				<option name="EFFECT_COLOR" value="a9a9a9" />
			</value>
		</option>
		<option name="SPY-JS$PROGRAM_SCOPE">
			<value>
				<option name="BACKGROUND" value="ffffd7" />
				<option name="EFFECT_TYPE" value="2" />
			</value>
		</option>
		<option name="SPY-JS$PATH_LEVEL_TWO">
			<value>
				<option name="EFFECT_TYPE" value="1" />
				<option name="EFFECT_COLOR" value="0" />
			</value>
		</option>
		<option name="SPY-JS$PATH_LEVEL_ONE">
			<value>
				<option name="BACKGROUND" value="e2ffe2" />
				<option name="EFFECT_TYPE" value="2" />
			</value>
		</option>
		<option name="SPY-JS$FUNCTION_SCOPE">
			<value>
				<option name="BACKGROUND" value="ffffd7" />
				<option name="EFFECT_TYPE" value="2" />
			</value>
		</option>
		<option name="SPY-JS$EXCEPTION">
			<value>
				<option name="BACKGROUND" value="ffcccc" />
				<option name="EFFECT_TYPE" value="2" />
			</value>
		</option>
		<option name="SEARCH_RESULT_ATTRIBUTES">
			<value>
				<option name="BACKGROUND" value="ccccff" />
			</value>
		</option>
		<option name="SCOPE_KEY_Tests">
			<value>
			</value>
		</option>
		<option name="SCOPE_KEY_Project Files">
			<value>
			</value>
		</option>
		<option name="SCOPE_KEY_Production">
			<value>
			</value>
		</option>
		<option name="SCOPE_KEY_Problems">
			<value>
			</value>
		</option>
		<option name="SCOPE_KEY_Non-Project Files">
			<value>
			</value>
		</option>
		<option name="SCOPE_KEY_All">
			<value>
			</value>
		</option>
		<option name="PARAMETER_ATTRIBUTES">
			<value>
				<option name="FOREGROUND" value="595050" />
			</value>
		</option>
		<option name="NOT_USED_ELEMENT_ATTRIBUTES">
			<value>
				<option name="FOREGROUND" value="808080" />
			</value>
		</option>
		<option name="Map key">
			<value>
				<option name="FOREGROUND" value="8000" />
			</value>
		</option>
		<option name="METHOD_DECLARATION_ATTRIBUTES">
			<value>
			</value>
		</option>
		<option name="METHOD_CALL_ATTRIBUTES">
			<value>
			</value>
		</option>
		<option name="MATCHED_BRACE_ATTRIBUTES">
			<value>
				<option name="BACKGROUND" value="99ccff" />
			</value>
		</option>
		<option name="MARKDOWN$ITALIC">
			<value>
				<option name="FONT_TYPE" value="2" />
			</value>
		</option>
		<option name="MARKDOWN$BOLD">
			<value>
				<option name="FONT_TYPE" value="1" />
			</value>
		</option>
		<option name="List/map to object conversion">
			<value>
				<option name="FONT_TYPE" value="1" />
				<option name="FOREGROUND" value="ff" />
			</value>
		</option>
		<option name="LOG_WARNING_OUTPUT">
			<value>
				<option name="FOREGROUND" value="ffa500" />
			</value>
		</option>
		<option name="LOG_EXPIRED_ENTRY">
			<value>
				<option name="FOREGROUND" value="555555" />
			</value>
		</option>
		<option name="LOG_ERROR_OUTPUT">
			<value>
				<option name="FOREGROUND" value="ff0000" />
			</value>
		</option>
		<option name="LOCAL_VARIABLE_ATTRIBUTES">
			<value>
				<option name="FOREGROUND" value="595050" />
			</value>
		</option>
		<option name="LIVE_TEMPLATE_ATTRIBUTES">
			<value>
				<option name="EFFECT_COLOR" value="ff0000" />
			</value>
		</option>
		<option name="LINE_PARTIAL_COVERAGE">
			<value>
				<option name="FONT_TYPE" value="1" />
				<option name="FOREGROUND" value="ffffcc" />
			</value>
		</option>
		<option name="LINE_NONE_COVERAGE">
			<value>
				<option name="FONT_TYPE" value="1" />
				<option name="FOREGROUND" value="ffcccc" />
			</value>
		</option>
		<option name="LINE_FULL_COVERAGE">
			<value>
				<option name="FONT_TYPE" value="1" />
				<option name="FOREGROUND" value="ccffcc" />
			</value>
		</option>
		<option name="JOIN_POINT">
			<value>
				<option name="FONT_TYPE" value="1" />
				<option name="EFFECT_TYPE" value="1" />
				<option name="EFFECT_COLOR" value="ff00" />
			</value>
		</option>
		<option name="JAVADOC_WRONG_REFERENCES_ATTRIBUTES">
			<value>
				<option name="FOREGROUND" value="ff0000" />
			</value>
		</option>
		<option name="JAVADOC_ERRORS_ATTRIBUTES">
			<value>
				<option name="EFFECT_TYPE" value="2" />
				<option name="EFFECT_COLOR" value="ff0000" />
			</value>
		</option>
		<option name="Interpolated String Injection">
			<value>
				<option name="FONT_TYPE" value="1" />
				<option name="FOREGROUND" value="b8bb" />
			</value>
		</option>
		<option name="Instance property reference ID">
			<value>
				<option name="FOREGROUND" value="660e7a" />
			</value>
		</option>
		<option name="Implicit conversion second part">
			<value>
				<option name="FOREGROUND" value="dff0ff" />
			</value>
		</option>
		<option name="Implicit conversion first part">
			<value>
				<option name="FOREGROUND" value="bbdfff" />
			</value>
		</option>
		<option name="Implicit conversion">
			<value>
				<option name="EFFECT_TYPE" value="1" />
				<option name="EFFECT_COLOR" value="c0c0c0" />
			</value>
		</option>
		<option name="INTERFACE_NAME_ATTRIBUTES">
			<value>
				<option name="FOREGROUND" value="8fa9" />
			</value>
		</option>
		<option name="INSTANCE_FIELD_ATTRIBUTES">
			<value>
				<option name="FONT_TYPE" value="1" />
			</value>
		</option>
		<option name="INJECTED_LANGUAGE_FRAGMENT">
			<value>
				<option name="BACKGROUND" value="edfced" />
			</value>
		</option>
		<option name="INHERITED_METHOD_ATTRIBUTES">
			<value>
			</value>
		</option>
		<option name="INFO_ATTRIBUTES">
			<value>
				<option name="ERROR_STRIPE_COLOR" value="ffffcc" />
				<option name="EFFECT_TYPE" value="2" />
				<option name="EFFECT_COLOR" value="cccccc" />
			</value>
		</option>
		<option name="INFORMATION_ATTRIBUTES">
			<value>
			</value>
		</option>
		<option name="IMPLICIT_ANONYMOUS_CLASS_PARAMETER_ATTRIBUTES">
			<value>
				<option name="FOREGROUND" value="660e7a" />
			</value>
		</option>
		<option name="IDENTIFIER_UNDER_CARET_ATTRIBUTES">
			<value>
				<option name="BACKGROUND" value="e4e4ff" />
				<option name="ERROR_STRIPE_COLOR" value="ccccff" />
			</value>
		</option>
		<option name="HYPERLINK_ATTRIBUTES">
			<value>
				<option name="FONT_TYPE" value="2" />
				<option name="FOREGROUND" value="ff" />
				<option name="EFFECT_TYPE" value="1" />
				<option name="EFFECT_COLOR" value="ff" />
			</value>
		</option>
		<option name="HOCON_SUBSTITUTION_SIGN">
			<value>
				<option name="FONT_TYPE" value="1" />
				<option name="FOREGROUND" value="b8bb" />
			</value>
		</option>
		<option name="GROOVY_KEYWORD">
			<value>
				<option name="FONT_TYPE" value="1" />
				<option name="FOREGROUND" value="43" />
			</value>
		</option>
		<option name="GENERIC_SERVER_ERROR_OR_WARNING">
			<value>
				<option name="ERROR_STRIPE_COLOR" value="f49810" />
				<option name="EFFECT_TYPE" value="2" />
				<option name="EFFECT_COLOR" value="f49810" />
			</value>
		</option>
		<option name="FOLLOWED_HYPERLINK_ATTRIBUTES">
			<value>
				<option name="FONT_TYPE" value="2" />
				<option name="FOREGROUND" value="ff" />
				<option name="BACKGROUND" value="e9e9e9" />
				<option name="EFFECT_TYPE" value="1" />
				<option name="EFFECT_COLOR" value="ff" />
			</value>
		</option>
		<option name="FOLDED_TEXT_ATTRIBUTES">
			<value>
				<option name="FONT_TYPE" value="1" />
				<option name="FOREGROUND" value="666666" />
				<option name="BACKGROUND" value="ecfaeb" />
				<option name="EFFECT_TYPE" value="1" />
			</value>
		</option>
		<option name="EXECUTIONPOINT_ATTRIBUTES">
			<value>
				<option name="FOREGROUND" value="ffffff" />
				<option name="BACKGROUND" value="ff" />
			</value>
		</option>
		<option name="ERRORS_ATTRIBUTES">
			<value>
				<option name="ERROR_STRIPE_COLOR" value="ff0000" />
				<option name="EFFECT_TYPE" value="2" />
				<option name="EFFECT_COLOR" value="ff0000" />
			</value>
		</option>
		<option name="ENUM_NAME_ATTRIBUTES">
			<value>
				<option name="FOREGROUND" value="8fa9" />
			</value>
		</option>
		<option name="EJB_WARNING_ATTRIBUTES">
			<value>
				<option name="EFFECT_TYPE" value="1" />
				<option name="EFFECT_COLOR" value="f6ebbc" />
			</value>
		</option>
		<option name="EJB_ERROR_ATTRIBUTES">
			<value>
				<option name="EFFECT_TYPE" value="2" />
				<option name="EFFECT_COLOR" value="ff0000" />
			</value>
		</option>
		<option name="DUPLICATE_FROM_SERVER">
			<value>
				<option name="BACKGROUND" value="f5f7f0" />
			</value>
		</option>
		<option name="DOC_COMMENT_TAG_VALUE">
			<value>
				<option name="FONT_TYPE" value="3" />
				<option name="FOREGROUND" value="3d3d3d" />
			</value>
		</option>
		<option name="DIFF_UNKNOWN">
			<value>
				<option name="BACKGROUND" value="dae7c0" />
			</value>
		</option>
		<option name="DIFF_MODIFIED">
			<value>
				<option name="BACKGROUND" value="cad9fa" />
				<option name="ERROR_STRIPE_COLOR" value="bccff9" />
			</value>
		</option>
		<option name="DIFF_INSERTED">
			<value>
				<option name="BACKGROUND" value="c8f2c8" />
				<option name="ERROR_STRIPE_COLOR" value="baeeba" />
			</value>
		</option>
		<option name="DIFF_DELETED_FROM_FS">
			<value>
				<option name="BACKGROUND" value="387ee7" />
			</value>
		</option>
		<option name="DIFF_DELETED">
			<value>
				<option name="BACKGROUND" value="d6d6d6" />
				<option name="ERROR_STRIPE_COLOR" value="cbcbcb" />
			</value>
		</option>
		<option name="DIFF_CONFLICT">
			<value>
				<option name="BACKGROUND" value="ffded8" />
				<option name="ERROR_STRIPE_COLOR" value="ffc8bd" />
			</value>
		</option>
		<option name="DIFF_ABSENT">
			<value>
				<option name="BACKGROUND" value="f0f0f0" />
			</value>
		</option>
		<option name="DEPRECATED_ATTRIBUTES">
			<value>
				<option name="EFFECT_TYPE" value="3" />
				<option name="EFFECT_COLOR" value="404040" />
			</value>
		</option>
		<option name="DELETED_TEXT_ATTRIBUTES">
			<value>
				<option name="FOREGROUND" value="c3c3c3" />
				<option name="BACKGROUND" value="f0f0f0" />
				<option name="EFFECT_TYPE" value="1" />
			</value>
		</option>
		<option name="DEFAULT_VALID_STRING_ESCAPE">
			<value>
				<option name="FONT_TYPE" value="1" />
				<option name="FOREGROUND" value="80" />
			</value>
		</option>
		<option name="DEFAULT_TEMPLATE_LANGUAGE_COLOR">
			<value>
				<option name="BACKGROUND" value="f7faff" />
			</value>
		</option>
		<option name="DEFAULT_TAG">
			<value>
				<option name="BACKGROUND" value="efefef" />
			</value>
		</option>
		<option name="DEFAULT_STRING">
			<value>
				<option name="FOREGROUND" value="83b925" />
			</value>
		</option>
		<option name="DEFAULT_STATIC_METHOD">
			<value>
				<option name="FONT_TYPE" value="2" />
			</value>
		</option>
		<option name="DEFAULT_STATIC_FIELD">
			<value>
				<option name="FONT_TYPE" value="3" />
			</value>
		</option>
		<option name="DEFAULT_SEMICOLON">
			<value>
			</value>
		</option>
		<option name="DEFAULT_PREDEFINED_SYMBOL">
			<value>
				<option name="FONT_TYPE" value="2" />
			</value>
		</option>
		<option name="DEFAULT_PARENTHS">
			<value>
			</value>
		</option>
		<option name="DEFAULT_OPERATION_SIGN">
			<value>
			</value>
		</option>
		<option name="DEFAULT_NUMBER">
			<value>
				<option name="FOREGROUND" value="195f91" />
			</value>
		</option>
		<option name="DEFAULT_METADATA">
			<value>
				<option name="FOREGROUND" value="808000" />
			</value>
		</option>
		<option name="DEFAULT_LINE_COMMENT">
			<value>
				<option name="FONT_TYPE" value="2" />
				<option name="FOREGROUND" value="808080" />
			</value>
		</option>
		<option name="DEFAULT_LABEL">
			<value>
				<option name="FONT_TYPE" value="1" />
				<option name="EFFECT_TYPE" value="1" />
				<option name="EFFECT_COLOR" value="808080" />
			</value>
		</option>
		<option name="DEFAULT_KEYWORD">
			<value>
				<option name="FOREGROUND" value="30a628" />
				<option name="BACKGROUND" value="fefbf3" />
			</value>
		</option>
		<option name="DEFAULT_INVALID_STRING_ESCAPE">
			<value>
				<option name="FOREGROUND" value="8000" />
				<option name="BACKGROUND" value="ffcccc" />
			</value>
		</option>
		<option name="DEFAULT_INSTANCE_FIELD">
			<value>
				<option name="FONT_TYPE" value="1" />
			</value>
		</option>
		<option name="DEFAULT_IDENTIFIER">
			<value>
				<option name="FOREGROUND" value="595050" />
			</value>
		</option>
		<option name="DEFAULT_ENTITY">
			<value>
				<option name="FONT_TYPE" value="1" />
				<option name="FOREGROUND" value="ff" />
			</value>
		</option>
		<option name="DEFAULT_DOT">
			<value>
			</value>
		</option>
		<option name="DEFAULT_DOC_MARKUP">
			<value>
				<option name="BACKGROUND" value="feffda" />
			</value>
		</option>
		<option name="DEFAULT_DOC_COMMENT_TAG_VALUE">
			<value>
				<option name="FONT_TYPE" value="3" />
				<option name="FOREGROUND" value="3d3d3d" />
			</value>
		</option>
		<option name="DEFAULT_DOC_COMMENT_TAG">
			<value>
				<option name="FONT_TYPE" value="1" />
				<option name="EFFECT_TYPE" value="1" />
				<option name="EFFECT_COLOR" value="808080" />
			</value>
		</option>
		<option name="DEFAULT_DOC_COMMENT">
			<value>
				<option name="FONT_TYPE" value="2" />
				<option name="FOREGROUND" value="808080" />
			</value>
		</option>
		<option name="DEFAULT_CONSTANT">
			<value>
				<option name="FONT_TYPE" value="3" />
				<option name="FOREGROUND" value="660e7a" />
			</value>
		</option>
		<option name="DEFAULT_COMMA">
			<value>
			</value>
		</option>
		<option name="DEFAULT_BRACKETS">
			<value>
			</value>
		</option>
		<option name="DEFAULT_BRACES">
			<value>
			</value>
		</option>
		<option name="DEFAULT_BLOCK_COMMENT">
			<value>
				<option name="FONT_TYPE" value="2" />
				<option name="FOREGROUND" value="93a1a1" />
			</value>
		</option>
		<option name="DEFAULT_ATTRIBUTE">
			<value>
				<option name="FONT_TYPE" value="1" />
				<option name="FOREGROUND" value="ff" />
			</value>
		</option>
		<option name="CUSTOM_VALID_STRING_ESCAPE_ATTRIBUTES">
			<value>
				<option name="FONT_TYPE" value="1" />
				<option name="FOREGROUND" value="80" />
			</value>
		</option>
		<option name="CUSTOM_STRING_ATTRIBUTES">
			<value>
				<option name="FONT_TYPE" value="1" />
				<option name="FOREGROUND" value="8000" />
			</value>
		</option>
		<option name="CUSTOM_NUMBER_ATTRIBUTES">
			<value>
				<option name="FOREGROUND" value="ff" />
			</value>
		</option>
		<option name="CUSTOM_MULTI_LINE_COMMENT_ATTRIBUTES">
			<value>
				<option name="FONT_TYPE" value="2" />
				<option name="FOREGROUND" value="808080" />
			</value>
		</option>
		<option name="CUSTOM_LINE_COMMENT_ATTRIBUTES">
			<value>
				<option name="FONT_TYPE" value="2" />
				<option name="FOREGROUND" value="808080" />
			</value>
		</option>
		<option name="CUSTOM_KEYWORD4_ATTRIBUTES">
			<value>
				<option name="FONT_TYPE" value="1" />
				<option name="FOREGROUND" value="660000" />
			</value>
		</option>
		<option name="CUSTOM_KEYWORD3_ATTRIBUTES">
			<value>
				<option name="FONT_TYPE" value="1" />
				<option name="FOREGROUND" value="6666" />
			</value>
		</option>
		<option name="CUSTOM_KEYWORD2_ATTRIBUTES">
			<value>
				<option name="FONT_TYPE" value="1" />
				<option name="FOREGROUND" value="660e7a" />
			</value>
		</option>
		<option name="CUSTOM_KEYWORD1_ATTRIBUTES">
			<value>
				<option name="FONT_TYPE" value="1" />
				<option name="FOREGROUND" value="80" />
			</value>
		</option>
		<option name="CUSTOM_INVALID_STRING_ESCAPE_ATTRIBUTES">
			<value>
				<option name="FOREGROUND" value="8000" />
				<option name="BACKGROUND" value="ffcccc" />
			</value>
		</option>
		<option name="CTRL_CLICKABLE">
			<value>
				<option name="FOREGROUND" value="ff" />
				<option name="EFFECT_TYPE" value="1" />
				<option name="EFFECT_COLOR" value="ff" />
			</value>
		</option>
		<option name="CONSTRUCTOR_DECLARATION_ATTRIBUTES">
			<value>
			</value>
		</option>
		<option name="CONSTRUCTOR_CALL_ATTRIBUTES">
			<value>
				<option name="FOREGROUND" value="8fa9" />
			</value>
		</option>
		<option name="CONSOLE_YELLOW_OUTPUT">
			<value>
				<option name="FOREGROUND" value="cdcd00" />
			</value>
		</option>
		<option name="CONSOLE_YELLOW_BRIGHT_OUTPUT">
			<value>
				<option name="FOREGROUND" value="eaea00" />
			</value>
		</option>
		<option name="CONSOLE_WHITE_OUTPUT">
			<value>
				<option name="FOREGROUND" value="ffffff" />
			</value>
		</option>
		<option name="CONSOLE_USER_INPUT">
			<value>
				<option name="FONT_TYPE" value="2" />
				<option name="FOREGROUND" value="7f00" />
			</value>
		</option>
		<option name="CONSOLE_SYSTEM_OUTPUT">
			<value>
				<option name="FOREGROUND" value="7f" />
			</value>
		</option>
		<option name="CONSOLE_RED_OUTPUT">
			<value>
				<option name="FOREGROUND" value="cd0000" />
			</value>
		</option>
		<option name="CONSOLE_RED_BRIGHT_OUTPUT">
			<value>
				<option name="FOREGROUND" value="ff0000" />
			</value>
		</option>
		<option name="CONSOLE_NORMAL_OUTPUT">
			<value>
				<option name="FOREGROUND" value="0" />
			</value>
		</option>
		<option name="CONSOLE_MAGENTA_OUTPUT">
			<value>
				<option name="FOREGROUND" value="cd00cd" />
			</value>
		</option>
		<option name="CONSOLE_MAGENTA_BRIGHT_OUTPUT">
			<value>
				<option name="FOREGROUND" value="ff00ff" />
			</value>
		</option>
		<option name="CONSOLE_GREEN_OUTPUT">
			<value>
				<option name="FOREGROUND" value="cd00" />
			</value>
		</option>
		<option name="CONSOLE_GREEN_BRIGHT_OUTPUT">
			<value>
				<option name="FOREGROUND" value="ff00" />
			</value>
		</option>
		<option name="CONSOLE_GRAY_OUTPUT">
			<value>
				<option name="FOREGROUND" value="aaaaaa" />
			</value>
		</option>
		<option name="CONSOLE_ERROR_OUTPUT">
			<value>
				<option name="FOREGROUND" value="7f0000" />
			</value>
		</option>
		<option name="CONSOLE_DARKGRAY_OUTPUT">
			<value>
				<option name="FOREGROUND" value="555555" />
			</value>
		</option>
		<option name="CONSOLE_CYAN_OUTPUT">
			<value>
				<option name="FOREGROUND" value="cccc" />
			</value>
		</option>
		<option name="CONSOLE_CYAN_BRIGHT_OUTPUT">
			<value>
				<option name="FOREGROUND" value="ffff" />
			</value>
		</option>
		<option name="CONSOLE_BLUE_OUTPUT">
			<value>
				<option name="FOREGROUND" value="ee" />
			</value>
		</option>
		<option name="CONSOLE_BLUE_BRIGHT_OUTPUT">
			<value>
				<option name="FOREGROUND" value="5c5cff" />
			</value>
		</option>
		<option name="CONSOLE_BLACK_OUTPUT">
			<value>
				<option name="FOREGROUND" value="0" />
			</value>
		</option>
		<option name="CLASS_NAME_ATTRIBUTES">
			<value>
				<option name="FOREGROUND" value="8fa9" />
			</value>
		</option>
		<option name="BREAKPOINT_ATTRIBUTES">
			<value>
				<option name="BACKGROUND" value="ffc8c8" />
			</value>
		</option>
		<option name="BLINKING_HIGHLIGHTS_ATTRIBUTES">
			<value>
				<option name="EFFECT_COLOR" value="808080" />
			</value>
		</option>
		<option name="BASH$SHEBANG">
			<value>
				<option name="FONT_TYPE" value="1" />
			</value>
		</option>
		<option name="BASH$REDIRECTION">
			<value>
				<option name="FONT_TYPE" value="2" />
				<option name="FOREGROUND" value="5a5a5a" />
				<option name="EFFECT_TYPE" value="1" />
			</value>
		</option>
		<option name="BASH$INTERNAL_COMMAND">
			<value>
				<option name="FOREGROUND" value="b0c95" />
			</value>
		</option>
		<option name="BASH$HERE_DOC">
			<value>
				<option name="BACKGROUND" value="e7ffb3" />
			</value>
		</option>
		<option name="BASH$FUNCTION_DEF_NAME">
			<value>
				<option name="FONT_TYPE" value="1" />
				<option name="FOREGROUND" value="c57633" />
			</value>
		</option>
		<option name="BASH$FUNCTION_CALL">
			<value>
				<option name="FONT_TYPE" value="2" />
				<option name="FOREGROUND" value="c57633" />
			</value>
		</option>
		<option name="BASH$EXTERNAL_COMMAND">
			<value>
			</value>
		</option>
		<option name="BAD_CHARACTER">
			<value>
				<option name="BACKGROUND" value="ffcccc" />
			</value>
		</option>
		<option name="ANONYMOUS_CLASS_NAME_ATTRIBUTES">
			<value>
			</value>
		</option>
		<option name="ANNOTATION_NAME_ATTRIBUTES">
			<value>
				<option name="FOREGROUND" value="808000" />
				<option name="EFFECT_TYPE" value="1" />
			</value>
		</option>
		<option name="ANNOTATION_ATTRIBUTE_NAME_ATTRIBUTES">
			<value>
			</value>
		</option>
		<option name="ABSTRACT_METHOD_ATTRIBUTES">
			<value>
			</value>
		</option>
		<option name="ABSTRACT_CLASS_NAME_ATTRIBUTES">
			<value>
				<option name="FOREGROUND" value="8fa9" />
			</value>
		</option>
	</attributes>
</scheme>